

DROP DATABASE IF EXISTS `mirador_remoto` ;

CREATE DATABASE `mirador_remoto` /*!40100 DEFAULT CHARACTER SET utf8 COLLATE utf8_bin */;

USE  `mirador_remoto`;

-- MySQL dump 10.13  Distrib 5.7.17, for Linux (x86_64)
--
-- Host: 127.0.0.1    Database: webapp
-- ------------------------------------------------------
-- Server version 5.5.52

/*!40101 SET @OLD_CHARACTER_SET_CLIENT=@@CHARACTER_SET_CLIENT */;
/*!40101 SET @OLD_CHARACTER_SET_RESULTS=@@CHARACTER_SET_RESULTS */;
/*!40101 SET @OLD_COLLATION_CONNECTION=@@COLLATION_CONNECTION */;
/*!40101 SET NAMES utf8 */;
/*!40103 SET @OLD_TIME_ZONE=@@TIME_ZONE */;
/*!40103 SET TIME_ZONE='+00:00' */;
/*!40014 SET @OLD_UNIQUE_CHECKS=@@UNIQUE_CHECKS, UNIQUE_CHECKS=0 */;
/*!40014 SET @OLD_FOREIGN_KEY_CHECKS=@@FOREIGN_KEY_CHECKS, FOREIGN_KEY_CHECKS=0 */;
/*!40101 SET @OLD_SQL_MODE=@@SQL_MODE, SQL_MODE='NO_AUTO_VALUE_ON_ZERO' */;
/*!40111 SET @OLD_SQL_NOTES=@@SQL_NOTES, SQL_NOTES=0 */;

--
-- Table structure for table `migracion_locations`
--

DROP TABLE IF EXISTS `migracion_locations`;
/*!40101 SET @saved_cs_client     = @@character_set_client */;
/*!40101 SET character_set_client = utf8 */;
CREATE TABLE `migracion_locations` (
  `location` varchar(100) COLLATE utf8_bin NOT NULL,
  `location_id` int(11) NOT NULL,
  `owner_id` int(11) NOT NULL
) ENGINE=InnoDB DEFAULT CHARSET=utf8 COLLATE=utf8_bin;
/*!40101 SET character_set_client = @saved_cs_client */;

--
-- Dumping data for table `migracion_locations`
--

LOCK TABLES `migracion_locations` WRITE;
/*!40000 ALTER TABLE `migracion_locations` DISABLE KEYS */;
INSERT INTO `migracion_locations` (`location`, `location_id`, `owner_id`) VALUES ('P-4-59',96,256),('P-4-71',111,259),('P-WP-9-A',136,263),('P-4-7',109,264),('P-4-23',58,266),('P-4-46',82,268),('P-4-27',62,269),('P-4-32',68,271),('P-3-19',23,274),('P-4-53',90,276),('P-4-74',114,278),('P-4-17',51,280),('P-4-25',60,282),('P-4-30',66,285),('P-3-28',32,286),('p-4-88',138,287),('P-WP-6-B',133,288),('P-4-55',92,292),('P-4-6',97,295),('P-4-24',59,297),('P-W-3-B',122,0),('P-3-23',28,299),('P-4-52',89,304),('P-WP-9-B',137,305),('P-WP-1',123,0),('P-WP-4-B',130,309),('P-4-36',72,310),('P-4-47',83,315),('P-3-21',26,317),('P-4-13',47,318),('P-WP-4-B',130,309),('P-3-14',19,324),('P-4-76',116,326),('P-4-67-A',105,328),('P-4-67-B',106,329),('P-4-35',71,334),('P-4-16',50,332),('P-4-34',70,331),('P-4-40',76,389),('P-4-81',120,335),('P-1-1',2,337),('P-4-41',77,338),('P-WP-7-A',134,341),('P-4-9',121,342),('P-4-33',69,343),('P-3-9',41,344),('P-3-10',15,346),('P-3-12',17,348),('P-3-13',18,349),('P-3-11',16,347),('P-4-75',115,352),('P-4-43',79,358),('P-4-61',99,359),('P-3-23',28,299),('P-4-11',45,365),('P-3-8',40,366),('P-4-31',67,368),('P-4-68',107,370),('P-WP-7-B',135,371),('P-4-3',65,372),('P-WP-13-A',126,373),('P-4-2',54,375),('P-4-63',101,376),('P-WP-6-A',132,379),('LOTE',1,383),('P-4-42',78,385),('P-4-15',49,386),('P-WP-5-B',131,387),('P-4-08',42,390),('P-4-4',75,392),('P-4-29',64,393),('P-4-72',112,395),('P-WP-3-A',128,397),('P-3-29',33,399),('P-4-77',117,400),('P-3-30',35,402),('P-4-18',52,403),('P-4-21',56,405),('P-4-10',44,407),('P-4-69',108,409),('P-4-45',81,411),('P-3-22',27,361),('P-4-44',80,412),('P-3-24',30,414),('P-WP-3-B',129,416),('P-4-38',74,418),('P-4-73',113,0),('P-4-39',0,0);
/*!40000 ALTER TABLE `migracion_locations` ENABLE KEYS */;
UNLOCK TABLES;

--
-- Table structure for table `migracion_pagos`
--

DROP TABLE IF EXISTS `migracion_pagos`;
/*!40101 SET @saved_cs_client     = @@character_set_client */;
/*!40101 SET character_set_client = utf8 */;
CREATE TABLE `migracion_pagos` (
  `id` int(11) NOT NULL AUTO_INCREMENT,
  `campo_0` varchar(22) DEFAULT NULL,
  `campo_1` varchar(12) DEFAULT NULL,
  `campo_2` varchar(10) DEFAULT NULL,
  `campo_3` varchar(10) DEFAULT NULL,
  `campo_4` varchar(9) DEFAULT NULL,
  `campo_5` varchar(10) DEFAULT NULL,
  `campo_6` varchar(10) DEFAULT NULL,
  `campo_7` varchar(11) DEFAULT NULL,
  `campo_8` varchar(15) DEFAULT NULL,
  `campo_9` varchar(12) DEFAULT NULL,
  `campo_10` varchar(14) DEFAULT NULL,
  `campo_11` varchar(14) DEFAULT NULL,
  `campo_12` varchar(10) DEFAULT NULL,
  `campo_13` varchar(12) DEFAULT NULL,
  `campo_14` varchar(10) DEFAULT NULL,
  `campo_15` varchar(10) DEFAULT NULL,
  `campo_16` varchar(9) DEFAULT NULL,
  `campo_17` varchar(10) DEFAULT NULL,
  `campo_18` varchar(10) DEFAULT NULL,
  `campo_19` varchar(11) DEFAULT NULL,
  `campo_20` varchar(15) DEFAULT NULL,
  `campo_21` varchar(12) DEFAULT NULL,
  `campo_22` varchar(14) DEFAULT NULL,
  `campo_23` varchar(14) DEFAULT NULL,
  `campo_67` varchar(20) DEFAULT NULL,
  `campo_24` varchar(10) DEFAULT NULL,
  `campo_25` varchar(12) DEFAULT NULL,
  `campo_26` varchar(10) DEFAULT NULL,
  `campo_27` varchar(10) DEFAULT NULL,
  `campo_28` varchar(9) DEFAULT NULL,
  `campo_29` varchar(10) DEFAULT NULL,
  `campo_30` varchar(10) DEFAULT NULL,
  `campo_31` varchar(11) DEFAULT NULL,
  `campo_32` varchar(15) DEFAULT NULL,
  `campo_33` varchar(12) DEFAULT NULL,
  `campo_34` varchar(14) DEFAULT NULL,
  `campo_35` varchar(14) DEFAULT NULL,
  `campo_68` varchar(24) DEFAULT NULL,
  `campo_36` varchar(10) DEFAULT NULL,
  `campo_37` varchar(12) DEFAULT NULL,
  `campo_38` varchar(10) DEFAULT NULL,
  `campo_39` varchar(10) DEFAULT NULL,
  `campo_40` varchar(9) DEFAULT NULL,
  `campo_41` varchar(10) DEFAULT NULL,
  `campo_65` varchar(20) DEFAULT NULL,
  `campo_42` varchar(10) DEFAULT NULL,
  `campo_43` varchar(11) DEFAULT NULL,
  `campo_44` varchar(15) DEFAULT NULL,
  `campo_45` varchar(12) DEFAULT NULL,
  `campo_46` varchar(14) DEFAULT NULL,
  `campo_47` varchar(14) DEFAULT NULL,
  `campo_66` varchar(11) DEFAULT NULL,
  `campo_48` varchar(10) DEFAULT NULL,
  `campo_49` varchar(12) DEFAULT NULL,
  `glue` int(11) NOT NULL DEFAULT '1',
  PRIMARY KEY (`id`)
) ENGINE=MyISAM AUTO_INCREMENT=90 DEFAULT CHARSET=utf8;
/*!40101 SET character_set_client = @saved_cs_client */;

--
-- Dumping data for table `migracion_pagos`
--

LOCK TABLES `migracion_pagos` WRITE;
/*!40000 ALTER TABLE `migracion_pagos` DISABLE KEYS */;
INSERT INTO `migracion_pagos` (`id`, `campo_0`, `campo_1`, `campo_2`, `campo_3`, `campo_4`, `campo_5`, `campo_6`, `campo_7`, `campo_8`, `campo_9`, `campo_10`, `campo_11`, `campo_12`, `campo_13`, `campo_14`, `campo_15`, `campo_16`, `campo_17`, `campo_18`, `campo_19`, `campo_20`, `campo_21`, `campo_22`, `campo_23`, `campo_67`, `campo_24`, `campo_25`, `campo_26`, `campo_27`, `campo_28`, `campo_29`, `campo_30`, `campo_31`, `campo_32`, `campo_33`, `campo_34`, `campo_35`, `campo_68`, `campo_36`, `campo_37`, `campo_38`, `campo_39`, `campo_40`, `campo_41`, `campo_65`, `campo_42`, `campo_43`, `campo_44`, `campo_45`, `campo_46`, `campo_47`, `campo_66`, `campo_48`, `campo_49`, `glue`) VALUES (1,'codigo cuota','1','2','3','4','5','6','7','8','9','10','11','12','13','14','15','16','17','18','19','20','21','22','23','67','24','25','26','27','28','29','30','31','32','33','34','35','68','36','37','38','39','40','41','65','42','43','44','45','46','47','66','48','49',1),(2,'parcela','2010 febrero','2010 marzo','2010 abril','2010 mayo','2010 junio','2010 julio','2010 agosto','2010 septiembre','2010 octubre','2010 noviembre','2010 diciembre','2011 enero','2011 febrero','2011 marzo','2011 abril','2011 mayo','2011 junio','2011 julio','2011 agosto','2011 septiembre','2011 octubre','2011 noviembre','2011 diciembre','2011 cuota extra 400','2012 enero','2012 febrero','2012 marzo','2012 abril','2012 mayo','2012 junio','2012 julio','2012 agosto','2012 septiembre','2012 octubre','2012 noviembre','2012 diciembre','2012 cuota levantamiento','2013 enero','2013 febrero','2013 marzo','2013 abril','2013 mayo','2013 junio','2013 cuota documento','2013 julio','2013 agosto','2013 septiembre','2013 octubre','2013 noviembre','2013 diciembre','2013 porton','2014 enero','2014 febrero',1),(4,'P-4-71','0','0','0','0','242','242','242','242','300','300','500','300','300','300','300','300','300','300','300','300','300','600','300','400','300','300','300','300','0','0','300','300','300','300','600','300','1000','300','300','300','300','400','400','400','400','300','0','0','0','0','0','0','0',1),(5,'P-WP-9-A','300','300','300','242','242','242','242','242','300','300','500','300','300','300','300','300','300','300','300','300','300','600','300','400','300','300','300','300','300','300','300','300','300','300','300','0','0','0','0','0','0','0','0','0','0','0','0','0','0','0','0','0','0',1),(6,'P-4-7','300','300','300','242','242','242','242','242','300','300','500','300','300','300','300','300','300','300','300','300','300','300','300','400','300','300','300','300','300','300','300','300','300','300','600','300','1000','300','300','250','300','400','400','400','400','400','400','400','700','400','0','0','0',1),(7,'P-4-23','300','0','0','0','0','0','0','0','0','0','0','0','0','0','0','0','0','0','0','0','0','0','0','0','0','0','0','0','0','0','0','0','0','0','0','0','0','0','0','0','0','0','0','0','0','0','0','0','0','0','0','0','0',1),(8,'P-4-46','300','300','300','0','0','896','200','0','0','0','0','0','0','0','0','0','0','0','0','0','0','0','0','0','0','0','0','0','0','0','0','0','0','0','0','0','0','0','0','0','0','0','0','0','0','0','0','0','0','0','0','0','0',1),(9,'P-4-27','300','300','300','242','242','242','242','242','300','300','500','262.88','300','300','300','300','337','300','300','300','0','600','300','400','300','300','300','300','300','300','300','300','300','300','600','300','1000','300','300','300','300','400','400','0','400','400','400','400','700','100','0','0','0',1),(10,'P-4-32','300','300','300','242','242','242','242','242','300','300','500','300','300','300','300','300','300','300','300','300','300','600','300','400','300','300','300','300','300','300','300','300','300','300','600','300','1000','300','300','300','240','0','0','0','0','0','0','0','0','0','0','0','0',1),(11,'P-3-19','300','300','300','242','242','242','242','242','300','300','300','300','300','300','300','300','300','300','300','300','300','600','300','400','300','300','300','300','300','300','300','300','300','300','600','300','1000','300','0','0','0','0','0','0','0','0','0','0','0','0','0','0','0',1),(12,'P-4-53','0','0','0','242','242','0','0','0','0','0','0','0','0','0','0','0','0','0','0','0','0','0','0','0','0','0','0','0','0','0','0','0','0','0','0','0','0','0','0','0','0','0','0','0','0','0','0','0','0','0','0','0','0',1),(13,'P-4-74','300','300','300','242','242','242','242','242','300','300','500','300','300','300','300','300','300','300','300','300','300','600','300','400','300','300','0','0','0','0','0','0','0','0','0','0','0','0','0','0','0','0','0','0','0','0','0','0','0','0','0','0','0',1),(14,'P-4-17','300','300','300','242','242','242','242','242','300','300','300','300','300','300','0','0','0','0','0','0','0','0','0','0','0','0','0','0','0','0','0','0','0','0','0','0','0','0','0','0','0','0','0','0','0','0','0','0','0','0','0','0','0',1),(15,'P-4-25','300','300','300','242','242','242','242','242','300','500','300','300','300','300','300','300','300','300','300','300','300','600','300','400','300','300','300','300','300','300','300','300','300','300','600','300','0','300','300','300','300','400','400','400','400','400','400','400','0','0','0','0','0',1),(16,'P-4-30','300','300','300','242','242','242','242','242','300','300','500','300','300','300','300','300','300','300','300','300','300','600','300','400','300','200','300','300','300','300','300','300','300','300','600','300','0','0','0','0','0','0','0','0','0','0','0','0','0','0','0','0','0',1),(17,'P-3-28','300','300','300','242','242','242','242','242','300','300','500','300','300','300','300','300','300','300','300','300','300','600','300','400','300','300','300','300','300','300','300','300','300','300','600','300','1000','300','0','300','300','400','400','400','400','400','400','400','700','400','0','400','0',1),(18,'p-4-88','300','300','300','242','300','258','0','0','0','0','0','0','0','0','0','0','0','0','0','0','0','0','0','0','0','0','0','0','0','0','0','0','0','0','0','0','0','0','0','0','0','0','0','0','0','0','0','0','0','0','0','0','0',1),(19,'P-WP-6-B','300','300','300','242','242','242','242','242','300','300','500','216','300','300','300','300','300','300','300','300','300','600','300','343','300','300','300','300','0','0','0','0','0','0','0','0','0','0','0','0','0','0','0','0','0','0','0','0','0','0','0','0','0',1),(20,'P-4-55','300','300','300','242','242','242','242','242','300','300','500','300','300','300','300','300','300','300','300','300','300','600','300','400','300','300','300','300','300','300','300','300','300','300','600','300','1000','300','300','300','300','0','0','0','0','0','0','0','0','0','0','0','0',1),(21,'P-4-6','300','300','300','242','242','242','242','242','242','300','500','300','300','300','300','300','300','300','300','300','300','300','0','0','0','0','0','0','0','0','0','0','0','0','0','0','0','0','0','0','0','0','0','0','0','0','0','0','0','0','0','0','0',1),(22,'P-4-24','0','0','0','0','0','0','0','0','0','0','0','0','0','0','0','0','0','0','0','0','0','0','0','0','0','0','0','0','0','0','0','0','0','0','0','0','1000','0','0','0','0','0','0','0','0','0','0','0','0','0','0','0','0',1),(23,'P-W-3-B','300','300','300','242','242','242','242','242','58','300','500','300','300','300','300','300','300','300','300','300','300','600','300','400','300','300','300','300','300','300','300','300','300','300','600','300','0','0','0','300','300','300','400','0','400','400','400','0','700','0','0','0','0',1),(24,'P-3-23','100','0','0','0','0','0','0','0','0','0','0','0','0','0','0','0','0','0','0','0','0','0','0','0','0','0','0','0','0','0','0','0','0','0','0','0','0','0','0','0','0','0','0','0','0','0','0','0','0','0','0','0','0',1),(25,'P-4-52','300','300','300','242','242','242','242','242','242','300','500','300','300','300','300','300','300','300','300','300','300','600','300','400','300','300','300','300','300','300','300','300','300','300','600','300','1000','300','300','300','300','300','400','1000','400','400','400','400','700','400','0','400','400',1),(26,'P-WP-9-B','300','300','300','242','242','242','242','242','300','300','500','300','300','300','300','300','487,45','300','300','300','300','600','300','400','300','300','300','30#044','300','300','254','300','300','300','300','300','1000','300','300','300','300','300','300','400','400','400','400','400','700','400','0','0','0',1),(27,'P-WP-1','300','300','300','242','242','242','242','242','300','300','500','300','300','300','300','300','300','300','300','300','300','600','300','400','300','300','300','300','300','200','300','300','300','300','600','300','1000','300','300','300','300','300','300','400','300','300','300','400','200','0','0','0','0',1),(29,'P-4-36','300','300','300','242','242','242','242','242','242','300','500','300','300','300','300','300','300','300','300','300','300','600','300','400','300','300','300','300','300','300','300','300','300','300','600','300','0','300','300','300','300','300','400','400','400','400','400','400','700','400','0','400','0',1),(30,'P-4-47','300','300','300','242','242','242','242','242','300','300','500','300','300','300','300','300','300','300','300','300','300','600','300','400','300','300','300','300','300','300','300','300','300','300','600','300','1000','300','300','300','300','400','400','0','400','400','400','400','700','400','400','0','0',1),(31,'P-3-21','300','300','300','242','242','242','242','242','300','300','500','300','300','300','300','300','300','300','300','300','300','600','300','400','300','300','300','300','300','300','300','300','300','300','600','300','1000','300','300','300','300','400','0','0','0','0','0','0','0','0','0','0','0',1),(32,'P-4-13','300','300','300','242','242','242','242','242','300','300','500','300','300','50','250','300','300','300','300','300','300','600','300','0','300','300','300','300','300','300','300','300','300','300','600','300','0','300','300','300','300','300','300','0','300','400','400','400','700','100','0','0','0',1),(33,'P-WP-4-B','300','300','300','242','242','242','242','242','300','300','300','300','300','300','300','300','300','300','300','300','300','600','300','400','300','300','300','300','300','300','300','300','300','300','600','300','1000','300','300','300','300','400','400','400','400','400','400','400','700','400','5000','400','0',1),(34,'P-3-14','300','0','0','0','0','0','0','0','0','0','0','0','0','0','0','0','0','0','0','0','0','0','0','0','0','0','0','0','0','0','0','0','0','0','0','0','0','0','0','0','0','0','0','0','0','0','0','0','0','0','0','0','0',1),(35,'P-4-76','300','300','300','242','242','242','242','242','300','300','500','300','300','300','300','300','300','300','300','300','300','300','300','400','300','300','300','200','300','300','300','300','300','300','600','300','1000','300','300','300','300','400','400','400','400','400','400','0','0','0','0','0','0',1),(36,'P-4-67-A','300','300','300','10','0','0','0','0','0','0','0','0','0','0','0','0','0','0','0','0','0','0','0','0','0','0','0','0','0','0','0','0','0','0','0','0','1000','0','0','0','0','0','0','0','0','0','0','0','0','0','0','0','0',1),(37,'P-4-67-B','300','300','300','242','242','242','242','242','274','300','500','300','300','300','300','300','300','300','300','300','300','600','300','100','300','300','300','300','300','300','300','300','300','300','300','0','1000','0','0','0','0','0','0','0','0','0','0','0','0','0','0','0','0',1),(38,'P-4-35','300','300','300','242','158','0','0','0','0','0','0','0','0','0','0','0','0','0','0','0','0','0','0','0','0','0','0','0','0','0','0','0','0','0','0','0','0','0','0','0','0','0','0','0','0','0','0','0','0','0','0','0','0',1),(39,'P-4-16','0','0','0','0','0','0','0','0','0','0','0','0','0','0','0','0','0','0','0','0','0','0','0','0','0','0','0','0','0','0','0','0','0','0','0','0','0','0','0','0','0','0','0','0','0','0','0','0','0','0','0','0','0',1),(40,'P-4-34','300','0','0','0','0','0','0','0','0','0','0','0','0','0','0','0','0','0','0','0','0','0','0','0','0','0','0','0','0','0','0','0','0','0','0','0','0','0','0','0','0','0','0','0','0','0','0','0','0','0','0','0','0',1),(41,'P-4-40','0','0','0','0','0','0','0','0','0','0','0','0','0','0','0','0','0','0','0','0','0','0','0','0','0','0','0','0','0','0','0','0','0','0','0','0','0','0','0','0','0','0','0','0','0','0','0','0','0','0','0','0','0',1),(42,'P-4-81','300','300','300','242','242','242','242','242','300','300','500','300','300','300','300','200','0','0','0','300','300','600','300','0','300','300','300','300','300','300','300','300','300','300','600','300','0','300','300','300','300','300','300','0','300','300','400','0','0','0','0','0','0',1),(43,'P-1-1 CENTRO COMERCIAL','300','300','300','242','242','242','242','242','300','300','500','300','300','300','300','300','300','300','300','300','300','300','300','400','300','300','300','300','300','300','300','300','300','300','600','300','1000','300','300','300','300','400','400','400','400','400','400','400','700','400','2000','0','0',1),(44,'P-4-41','300','300','300','242','242','242','242','242','300','300','500','300','300','300','300','300','300','300','300','300','300','300','300','400','300','300','300','300','300','300','300','300','300','300','600','300','1000','300','300','300','300','400','400','400','400','400','400','400','700','400','2000','0','0',1),(45,'P-WP-7-A','300','300','300','242','242','242','242','242','274','300','500','300','300','300','300','300','300','300','300','300','300','600','300','0','0','0','0','0','0','0','0','0','0','0','0','0','0','0','0','0','0','0','0','0','0','0','0','0','0','0','0','0','0',1),(46,'P-4-9','300','300','300','242','242','242','242','242','300','300','500','300','300','300','300','263','0','0','0','0','0','0','0','0','0','0','0','0','0','0','0','0','0','0','0','0','0','0','0','0','0','0','0','0','0','0','0','0','0','0','0','0','0',1),(47,'P-4-33','300','300','300','242','242','242','242','242','300','300','400','300','300','200','300','300','300','300','300','300','300','300','0','0','0','0','0','0','0','0','0','0','0','0','0','0','0','0','0','0','0','400','400','0','400','400','0','0','0','0','0','0','0',1),(48,'P-3-9','300','300','300','242','242','242','242','242','300','300','500','300','300','300','300','0','0','0','0','0','0','0','0','0','0','0','0','0','0','0','0','0','0','0','0','0','0','0','0','0','0','0','0','0','0','0','0','0','0','0','0','0','0',1),(49,'P-3-10','300','300','300','242','242','242','242','242','300','300','500','300','300','300','300','300','300','300','300','300','300','600','300','400','300','300','300','300','300','300','300','300','300','300','600','300','1000','300','300','300','300','300','300','0','0','0','0','0','0','0','0','0','0',1),(50,'P-3-12','RECFD','0','0','0','0','0','0','0','0','0','0','0','0','0','0','0','0','0','0','0','0','0','0','0','0','0','0','0','0','0','0','0','0','0','0','0','0','0','0','0','0','0','0','0','0','0','0','0','0','0','0','0','0',1),(51,'P-3-13','300','300','300','242','242','242','242','242','300','300','0','0','0','0','0','0','0','0','0','0','0','0','0','0','0','0','0','0','0','0','0','0','0','0','0','0','0','0','0','0','0','0','0','0','0','0','0','0','0','0','0','0','0',1),(52,'P-3-11','300','300','300','242','242','242','242','242','300','90','500','300','300','300','300','300','300','300','300','300','300','600','300','400','300','300','300','300','300','300','300','300','300','300','600','300','1000','300','300','300','300','300','300','0','0','0','0','0','0','0','0','0','0',1),(53,'P-4-75','300','300','300','242','242','242','242','6','0','0','0','0','0','0','0','0','0','0','0','0','0','0','0','0','0','0','0','0','0','0','0','0','0','0','0','0','0','0','0','0','0','0','0','0','0','0','0','0','0','0','0','0','0',1),(54,'P-4-43','300','300','300','0','0','0','0','0','0','0','0','0','0','0','0','0','0','0','0','0','0','0','0','0','0','0','0','0','0','0','0','0','0','0','0','0','0','0','0','0','0','0','0','0','0','0','0','0','0','0','0','0','0',1),(55,'P-4-61','300','300','300','242','242','242','242','242','300','300','500','300','300','300','300','300','300','300','300','300','300','600','300','400','300','300','300','300','300','300','300','300','300','300','580','300','1000','0','0','0','0','0','0','0','0','0','0','0','0','0','0','0','0',1),(57,'P-4-11','0','0','0','0','0','0','0','0','0','0','0','0','0','0','0','0','0','0','0','0','0','0','0','0','0','0','0','0','0','0','0','0','0','0','0','0','0','0','0','0','0','0','0','0','0','0','0','400','700','400','0','0','0',1),(58,'P-3-8','300','300','300','242','242','242','242','242','300','300','500','300','300','300','300','300','300','300','300','300','300','600','300','400','300','300','300','300','300','300','300','300','300','300','600','300','1000','300','300','300','300','400','400','400','400','400','400','400','700','400','0','400','0',1),(59,'P-4-31','300','300','300','242','242','242','242','242','300','300','300','300','300','300','300','300','300','300','300','300','300','600','300','400','200','0','0','0','0','0','300','300','300','300','600','300','1000','0','0','0','0','0','0','0','400','400','400','400','400','400','0','0','0',1),(60,'P-4-68','300','300','300','242','242','242','242','242','300','300','500','300','300','300','300','300','300','300','300','300','300','600','300','400','300','300','300','300','300','300','300','300','300','300','600','300','1000','300','300','300','300','400','400','400','400','400','0','400','700','400','0','0','0',1),(61,'P-WP-7-B','300','300','300','242','242','242','242','242','300','300','300','300','300','300','300','300','300','300','300','300','300','600','300','400','300','300','300','300','300','300','300','300','300','300','600','300','1000','300','300','300','300','400','400','0','400','400','400','400','700','400','0','0','0',1),(62,'P-4-3','0','0','0','#0149','0','0','0','0','0','0','0','0','0','0','0','0','0','0','0','0','0','0','0','0','0','0','0','0','0','0','0','0','0','0','0','0','0','0','0','0','0','0','0','0','0','0','0','0','0','0','0','0','0',1),(63,'P-WP-13-A','300','300','300','242','242','242','242','242','300','300','300','0','0','0','0','0','0','0','0','0','0','0','0','0','0','0','0','0','0','0','0','0','0','0','0','0','0','0','0','0','0','0','0','0','0','0','0','0','0','0','0','0','0',1),(64,'P-4-2','300','300','300','0','0','0','0','0','0','0','0','0','0','0','0','0','0','0','0','0','0','0','0','0','0','0','0','0','0','0','0','0','0','0','0','0','0','0','0','0','0','0','0','0','0','0','0','0','0','0','0','0','0',1),(65,'P-4-63','300','300','300','242','242','242','242','242','300','300','500','300','300','300','300','300','300','300','300','300','300','600','300','400','300','300','300','300','300','300','300','300','300','300','600','300','1000','300','300','300','300','400','400','400','400','400','0','0','0','0','10000','0','0',1),(66,'P-WP-6-A','300','300','300','242','242','242','242','242','300','300','500','300','300','300','300','300','300','300','300','300','300','600','300','400','300','300','300','300','300','300','300','300','300','300','600','300','1000','300','300','300','300','400','400','400','400','400','400','400','700','0','0','0','0',1),(67,'LOTE','300','300','300','242','242','242','242','242','300','300','500','300','300','300','300','300','300','300','300','300','300','600','300','400','300','79','0','0','0','0','0','0','0','0','0','0','0','0','0','0','0','0','0','0','0','0','0','0','0','0','0','0','0',1),(68,'P-4-42','300','300','300','242','242','242','242','242','300','300','500','300','300','300','300','300','300','300','300','300','300','600','300','400','300','300','300','300','300','300','300','300','300','300','600','300','1000','300','300','300','300','300','400','400','400','400','400','400','700','400','0','0','0',1),(69,'P-4-15','300','300','300','242','242','242','242','242','300','300','500','300','300','300','300','300','300','300','300','300','300','600','300','400','300','300','300','300','300','300','300','0','0','0','0','0','1000','0','0','0','0','0','0','0','0','0','0','0','0','0','0','0','0',1),(70,'P-WP-5-B','300','300','300','242','242','242','242','242','242','300','500','300','300','300','300','300','300','300','300','300','300','600','300','400','300','300','300','300','300','300','300','300','300','300','600','600','1000','300','300','300','400','400','400','400','400','400','400','0','0','0','0','0','0',1),(71,'P-4-08','300','300','300','242','242','242','242','242','300','300','500','300','300','300','300','300','300','300','300','300','300','600','300','0','300','300','300','300','300','300','300','300','300','300','600','300','1000','300','300','300','400','400','400','400','400','400','400','400','0','0','0','0','0',1),(72,'P-4-4','300','300','300','242','242','242','242','242','300','300','500','300','300','300','300','300','300','300','300','300','300','600','300','300','300','300','300','300','300','300','300','300','300','300','600','300','1000','300','300','300','300','400','400','400','400','400','400','400','700','0','0','0','0',1),(73,'P-4-29','300','300','300','242','242','242','242','242','300','300','500','300','300','300','300','300','300','300','300','300','300','600','300','400','300','300','300','300','300','300','300','300','300','300','600','300','1000','300','300','300','300','400','400','400','400','400','400','400','0','0','0','0','0',1),(74,'P-4-72','0','0','0','0','0','0','0','0','0','0','0','0','0','0','0','0','0','0','300','300','300','600','300','400','300','300','300','300','300','300','300','300','300','300','600','0','1000','0','0','300','300','400','300','400','0','0','0','0','0','0','0','0','0',1),(75,'P-WP-3-A','300','300','300','242','242','242','242','242','242','300','500','300','300','300','300','300','300','300','300','300','300','600','300','400','300','300','300','300','300','300','300','300','300','300','600','300','1000','300','300','300','300','400','400','400','400','400','400','400','700','400','10000','400','400',1),(76,'P-3-29','300','300','300','242','242','242','242','242','300','300','500','300','300','300','300','300','300','300','300','300','300','600','300','400','300','300','300','300','300','300','300','300','300','300','600','300','1000','300','300','300','300','400','400','0','0','0','0','0','0','0','0','0','0',1),(77,'P-4-77','300','300','300','242','242','242','242','242','300','300','200','300','300','300','300','300','300','300','300','300','300','600','300','400','300','300','300','300','300','300','300','300','300','300','600','300','1000','300','300','300','300','400','400','0','400','400','400','400','700','400','0','400','0',1),(78,'P-3-30','0','0','0','0','0','0','242','242','300','300','500','0','0','0','0','0','0','0','0','0','0','0','0','0','0','0','0','0','0','0','0','0','0','0','0','0','0','0','0','0','0','400','400','300','400','300','270','0','0','0','0','0','0',1),(79,'P-4-18','300','300','300','242','242','116','0','0','0','0','0','0','0','0','0','0','0','0','0','0','0','0','0','0','0','0','0','0','0','0','0','0','0','0','0','0','1000','0','0','0','0','0','0','400','0','0','0','100','700','400','10000','0','0',1),(80,'P-4-21','300','300','300','242','242','116','0','0','0','0','0','0','0','0','0','0','0','0','0','0','0','0','0','0','0','0','0','0','0','0','0','0','0','0','0','0','0','0','0','0','0','0','0','0','0','0','0','0','0','0','0','0','0',1),(81,'P-4-10','300','300','300','242','242','116','0','0','0','0','0','0','0','0','0','0','0','0','0','0','0','0','0','0','0','0','0','0','0','0','0','0','0','0','0','0','0','0','0','0','0','0','0','0','0','0','0','0','0','0','5000','0','0',1),(82,'P-4-69','300','300','300','242','242','242','242','242','290','0','0','0','0','0','0','0','0','0','0','0','0','0','0','0','0','0','0','0','0','0','0','0','0','0','0','0','0','0','0','0','0','0','0','0','0','0','0','0','0','0','0','0','0',1),(83,'P-4-45','300','300','300','242','242','242','242','242','242','300','500','300','300','300','300','300','300','300','300','300','300','600','300','400','300','300','300','300','300','300','300','300','300','300','600','300','0','0','0','0','0','0','0','0','0','0','0','0','0','0','0','0','0',1),(84,'P-3-22','300','300','300','242','242','242','0','0','0','0','0','0','0','0','0','0','0','0','0','0','0','0','0','0','0','0','0','0','0','0','0','0','0','0','0','0','0','0','0','0','0','0','0','0','0','0','0','0','0','0','0','0','0',1),(85,'P-4-44','300','300','300','242','242','242','242','242','242','242','516','300','300','300','300','300','300','300','300','300','300','600','300','400','300','300','300','300','300','300','300','300','300','300','600','300','1000','300','300','300','300','400','400','400','400','400','400','400','700','400','10000','400','400',1),(86,'P-3-24','300','300','300','242','242','242','242','132','300','200','500','300','300','300','300','300','300','300','300','300','0','0','0','0','0','0','0','0','0','0','0','0','0','0','0','0','0','0','0','0','0','0','0','0','0','0','0','0','0','0','0','0','0',1),(87,'P-WP-3-B','300','300','300','242','242','242','242','242','242','300','500','300','300','300','300','300','300','300','300','300','300','600','300','400','300','300','300','300','300','300','300','300','300','300','600','300','1000','300','300','300','300','400','400','400','400','400','400','400','700','400','10000','400','0',1),(88,'P-4-38','300','300','300','242','242','242','242','242','242','300','500','300','300','300','300','300','300','300','300','300','300','600','300','400','300','300','300','300','300','300','300','300','300','300','600','300','0','300','300','300','300','300','300','400','400','400','400','400','700','400','0','400','0',1),(89,'P-4-73','300','300','300','242','242','242','242','242','300','300','500','300','300','300','300','300','300','300','300','300','300','600','300','400','300','300','300','300','300','300','300','300','300','300','600','300','1000','300','300','300','300','400','400','400','400','400','400','0','0','0','0','0','0',1);
/*!40000 ALTER TABLE `migracion_pagos` ENABLE KEYS */;
UNLOCK TABLES;

--
-- Table structure for table `migracion_pagos_procesados`
--

DROP TABLE IF EXISTS `migracion_pagos_procesados`;
/*!40101 SET @saved_cs_client     = @@character_set_client */;
/*!40101 SET character_set_client = utf8 */;
CREATE TABLE `migracion_pagos_procesados` (
  `id` int(11) NOT NULL AUTO_INCREMENT,
  `location` varchar(22) CHARACTER SET utf8 DEFAULT NULL,
  `fee_id` int(11) DEFAULT NULL,
  `value` decimal(12,2) DEFAULT NULL,
  `pay_date` date NOT NULL,
  PRIMARY KEY (`id`),
  UNIQUE KEY `index_pagos_procesados` (`location`,`fee_id`)
) ENGINE=InnoDB AUTO_INCREMENT=2379 DEFAULT CHARSET=utf8 COLLATE=utf8_bin;
/*!40101 SET character_set_client = @saved_cs_client */;

--
-- Dumping data for table `migracion_pagos_procesados`
--

LOCK TABLES `migracion_pagos_procesados` WRITE;
/*!40000 ALTER TABLE `migracion_pagos_procesados` DISABLE KEYS */;
INSERT INTO `migracion_pagos_procesados` (`id`, `location`, `fee_id`, `value`, `pay_date`) VALUES (1,'P-WP-9-A',1,300.00,'2010-02-28'),(2,'P-4-7',1,300.00,'2010-02-28'),(3,'P-4-23',1,300.00,'2010-02-28'),(4,'P-4-46',1,300.00,'2010-02-28'),(5,'P-4-27',1,300.00,'2010-02-28'),(6,'P-4-32',1,300.00,'2010-02-28'),(7,'P-3-19',1,300.00,'2010-02-28'),(8,'P-4-74',1,300.00,'2010-02-28'),(9,'P-4-17',1,300.00,'2010-02-28'),(10,'P-4-25',1,300.00,'2010-02-28'),(11,'P-4-30',1,300.00,'2010-02-28'),(12,'P-3-28',1,300.00,'2010-02-28'),(13,'p-4-88',1,300.00,'2010-02-28'),(14,'P-WP-6-B',1,300.00,'2010-02-28'),(15,'P-4-55',1,300.00,'2010-02-28'),(16,'P-4-6',1,300.00,'2010-02-28'),(17,'P-W-3-B',1,300.00,'2010-02-28'),(18,'P-3-23',1,100.00,'2010-02-28'),(19,'P-4-52',1,300.00,'2010-02-28'),(20,'P-WP-9-B',1,300.00,'2010-02-28'),(21,'P-WP-1',1,300.00,'2010-02-28'),(22,'P-4-36',1,300.00,'2010-02-28'),(23,'P-4-47',1,300.00,'2010-02-28'),(24,'P-3-21',1,300.00,'2010-02-28'),(25,'P-4-13',1,300.00,'2010-02-28'),(26,'P-WP-4-B',1,300.00,'2010-02-28'),(27,'P-3-14',1,300.00,'2010-02-28'),(28,'P-4-76',1,300.00,'2010-02-28'),(29,'P-4-67-A',1,300.00,'2010-02-28'),(30,'P-4-67-B',1,300.00,'2010-02-28'),(31,'P-4-35',1,300.00,'2010-02-28'),(32,'P-4-34',1,300.00,'2010-02-28'),(33,'P-4-81',1,300.00,'2010-02-28'),(34,'P-1-1',1,300.00,'2010-02-28'),(35,'P-4-41',1,300.00,'2010-02-28'),(36,'P-WP-7-A',1,300.00,'2010-02-28'),(37,'P-4-9',1,300.00,'2010-02-28'),(38,'P-4-33',1,300.00,'2010-02-28'),(39,'P-3-9',1,300.00,'2010-02-28'),(40,'P-3-10',1,300.00,'2010-02-28'),(41,'P-3-13',1,300.00,'2010-02-28'),(42,'P-3-11',1,300.00,'2010-02-28'),(43,'P-4-75',1,300.00,'2010-02-28'),(44,'P-4-43',1,300.00,'2010-02-28'),(45,'P-4-61',1,300.00,'2010-02-28'),(46,'P-3-8',1,300.00,'2010-02-28'),(47,'P-4-31',1,300.00,'2010-02-28'),(48,'P-4-68',1,300.00,'2010-02-28'),(49,'P-WP-7-B',1,300.00,'2010-02-28'),(50,'P-WP-13-A',1,300.00,'2010-02-28'),(51,'P-4-2',1,300.00,'2010-02-28'),(52,'P-4-63',1,300.00,'2010-02-28'),(53,'P-WP-6-A',1,300.00,'2010-02-28'),(54,'LOTE',1,300.00,'2010-02-28'),(55,'P-4-42',1,300.00,'2010-02-28'),(56,'P-4-15',1,300.00,'2010-02-28'),(57,'P-WP-5-B',1,300.00,'2010-02-28'),(58,'P-4-08',1,300.00,'2010-02-28'),(59,'P-4-4',1,300.00,'2010-02-28'),(60,'P-4-29',1,300.00,'2010-02-28'),(61,'P-WP-3-A',1,300.00,'2010-02-28'),(62,'P-3-29',1,300.00,'2010-02-28'),(63,'P-4-77',1,300.00,'2010-02-28'),(64,'P-4-18',1,300.00,'2010-02-28'),(65,'P-4-21',1,300.00,'2010-02-28'),(66,'P-4-10',1,300.00,'2010-02-28'),(67,'P-4-69',1,300.00,'2010-02-28'),(68,'P-4-45',1,300.00,'2010-02-28'),(69,'P-3-22',1,300.00,'2010-02-28'),(70,'P-4-44',1,300.00,'2010-02-28'),(71,'P-3-24',1,300.00,'2010-02-28'),(72,'P-WP-3-B',1,300.00,'2010-02-28'),(73,'P-4-38',1,300.00,'2010-02-28'),(74,'P-4-73',1,300.00,'2010-02-28'),(75,'P-WP-9-A',2,300.00,'2010-03-31'),(76,'P-4-7',2,300.00,'2010-03-31'),(77,'P-4-46',2,300.00,'2010-03-31'),(78,'P-4-27',2,300.00,'2010-03-31'),(79,'P-4-32',2,300.00,'2010-03-31'),(80,'P-3-19',2,300.00,'2010-03-31'),(81,'P-4-74',2,300.00,'2010-03-31'),(82,'P-4-17',2,300.00,'2010-03-31'),(83,'P-4-25',2,300.00,'2010-03-31'),(84,'P-4-30',2,300.00,'2010-03-31'),(85,'P-3-28',2,300.00,'2010-03-31'),(86,'p-4-88',2,300.00,'2010-03-31'),(87,'P-WP-6-B',2,300.00,'2010-03-31'),(88,'P-4-55',2,300.00,'2010-03-31'),(89,'P-4-6',2,300.00,'2010-03-31'),(90,'P-W-3-B',2,300.00,'2010-03-31'),(91,'P-4-52',2,300.00,'2010-03-31'),(92,'P-WP-9-B',2,300.00,'2010-03-31'),(93,'P-WP-1',2,300.00,'2010-03-31'),(94,'P-4-36',2,300.00,'2010-03-31'),(95,'P-4-47',2,300.00,'2010-03-31'),(96,'P-3-21',2,300.00,'2010-03-31'),(97,'P-4-13',2,300.00,'2010-03-31'),(98,'P-WP-4-B',2,300.00,'2010-03-31'),(99,'P-4-76',2,300.00,'2010-03-31'),(100,'P-4-67-A',2,300.00,'2010-03-31'),(101,'P-4-67-B',2,300.00,'2010-03-31'),(102,'P-4-35',2,300.00,'2010-03-31'),(103,'P-4-81',2,300.00,'2010-03-31'),(104,'P-1-1',2,300.00,'2010-03-31'),(105,'P-4-41',2,300.00,'2010-03-31'),(106,'P-WP-7-A',2,300.00,'2010-03-31'),(107,'P-4-9',2,300.00,'2010-03-31'),(108,'P-4-33',2,300.00,'2010-03-31'),(109,'P-3-9',2,300.00,'2010-03-31'),(110,'P-3-10',2,300.00,'2010-03-31'),(111,'P-3-13',2,300.00,'2010-03-31'),(112,'P-3-11',2,300.00,'2010-03-31'),(113,'P-4-75',2,300.00,'2010-03-31'),(114,'P-4-43',2,300.00,'2010-03-31'),(115,'P-4-61',2,300.00,'2010-03-31'),(116,'P-3-8',2,300.00,'2010-03-31'),(117,'P-4-31',2,300.00,'2010-03-31'),(118,'P-4-68',2,300.00,'2010-03-31'),(119,'P-WP-7-B',2,300.00,'2010-03-31'),(120,'P-WP-13-A',2,300.00,'2010-03-31'),(121,'P-4-2',2,300.00,'2010-03-31'),(122,'P-4-63',2,300.00,'2010-03-31'),(123,'P-WP-6-A',2,300.00,'2010-03-31'),(124,'LOTE',2,300.00,'2010-03-31'),(125,'P-4-42',2,300.00,'2010-03-31'),(126,'P-4-15',2,300.00,'2010-03-31'),(127,'P-WP-5-B',2,300.00,'2010-03-31'),(128,'P-4-08',2,300.00,'2010-03-31'),(129,'P-4-4',2,300.00,'2010-03-31'),(130,'P-4-29',2,300.00,'2010-03-31'),(131,'P-WP-3-A',2,300.00,'2010-03-31'),(132,'P-3-29',2,300.00,'2010-03-31'),(133,'P-4-77',2,300.00,'2010-03-31'),(134,'P-4-18',2,300.00,'2010-03-31'),(135,'P-4-21',2,300.00,'2010-03-31'),(136,'P-4-10',2,300.00,'2010-03-31'),(137,'P-4-69',2,300.00,'2010-03-31'),(138,'P-4-45',2,300.00,'2010-03-31'),(139,'P-3-22',2,300.00,'2010-03-31'),(140,'P-4-44',2,300.00,'2010-03-31'),(141,'P-3-24',2,300.00,'2010-03-31'),(142,'P-WP-3-B',2,300.00,'2010-03-31'),(143,'P-4-38',2,300.00,'2010-03-31'),(144,'P-4-73',2,300.00,'2010-03-31'),(145,'P-WP-9-A',3,300.00,'2010-04-30'),(146,'P-4-7',3,300.00,'2010-04-30'),(147,'P-4-46',3,300.00,'2010-04-30'),(148,'P-4-27',3,300.00,'2010-04-30'),(149,'P-4-32',3,300.00,'2010-04-30'),(150,'P-3-19',3,300.00,'2010-04-30'),(151,'P-4-74',3,300.00,'2010-04-30'),(152,'P-4-17',3,300.00,'2010-04-30'),(153,'P-4-25',3,300.00,'2010-04-30'),(154,'P-4-30',3,300.00,'2010-04-30'),(155,'P-3-28',3,300.00,'2010-04-30'),(156,'p-4-88',3,300.00,'2010-04-30'),(157,'P-WP-6-B',3,300.00,'2010-04-30'),(158,'P-4-55',3,300.00,'2010-04-30'),(159,'P-4-6',3,300.00,'2010-04-30'),(160,'P-W-3-B',3,300.00,'2010-04-30'),(161,'P-4-52',3,300.00,'2010-04-30'),(162,'P-WP-9-B',3,300.00,'2010-04-30'),(163,'P-WP-1',3,300.00,'2010-04-30'),(164,'P-4-36',3,300.00,'2010-04-30'),(165,'P-4-47',3,300.00,'2010-04-30'),(166,'P-3-21',3,300.00,'2010-04-30'),(167,'P-4-13',3,300.00,'2010-04-30'),(168,'P-WP-4-B',3,300.00,'2010-04-30'),(169,'P-4-76',3,300.00,'2010-04-30'),(170,'P-4-67-A',3,300.00,'2010-04-30'),(171,'P-4-67-B',3,300.00,'2010-04-30'),(172,'P-4-35',3,300.00,'2010-04-30'),(173,'P-4-81',3,300.00,'2010-04-30'),(174,'P-1-1',3,300.00,'2010-04-30'),(175,'P-4-41',3,300.00,'2010-04-30'),(176,'P-WP-7-A',3,300.00,'2010-04-30'),(177,'P-4-9',3,300.00,'2010-04-30'),(178,'P-4-33',3,300.00,'2010-04-30'),(179,'P-3-9',3,300.00,'2010-04-30'),(180,'P-3-10',3,300.00,'2010-04-30'),(181,'P-3-13',3,300.00,'2010-04-30'),(182,'P-3-11',3,300.00,'2010-04-30'),(183,'P-4-75',3,300.00,'2010-04-30'),(184,'P-4-43',3,300.00,'2010-04-30'),(185,'P-4-61',3,300.00,'2010-04-30'),(186,'P-3-8',3,300.00,'2010-04-30'),(187,'P-4-31',3,300.00,'2010-04-30'),(188,'P-4-68',3,300.00,'2010-04-30'),(189,'P-WP-7-B',3,300.00,'2010-04-30'),(190,'P-WP-13-A',3,300.00,'2010-04-30'),(191,'P-4-2',3,300.00,'2010-04-30'),(192,'P-4-63',3,300.00,'2010-04-30'),(193,'P-WP-6-A',3,300.00,'2010-04-30'),(194,'LOTE',3,300.00,'2010-04-30'),(195,'P-4-42',3,300.00,'2010-04-30'),(196,'P-4-15',3,300.00,'2010-04-30'),(197,'P-WP-5-B',3,300.00,'2010-04-30'),(198,'P-4-08',3,300.00,'2010-04-30'),(199,'P-4-4',3,300.00,'2010-04-30'),(200,'P-4-29',3,300.00,'2010-04-30'),(201,'P-WP-3-A',3,300.00,'2010-04-30'),(202,'P-3-29',3,300.00,'2010-04-30'),(203,'P-4-77',3,300.00,'2010-04-30'),(204,'P-4-18',3,300.00,'2010-04-30'),(205,'P-4-21',3,300.00,'2010-04-30'),(206,'P-4-10',3,300.00,'2010-04-30'),(207,'P-4-69',3,300.00,'2010-04-30'),(208,'P-4-45',3,300.00,'2010-04-30'),(209,'P-3-22',3,300.00,'2010-04-30'),(210,'P-4-44',3,300.00,'2010-04-30'),(211,'P-3-24',3,300.00,'2010-04-30'),(212,'P-WP-3-B',3,300.00,'2010-04-30'),(213,'P-4-38',3,300.00,'2010-04-30'),(214,'P-4-73',3,300.00,'2010-04-30'),(215,'P-WP-9-A',4,242.00,'2010-05-31'),(216,'P-4-7',4,242.00,'2010-05-31'),(217,'P-4-27',4,242.00,'2010-05-31'),(218,'P-4-32',4,242.00,'2010-05-31'),(219,'P-3-19',4,242.00,'2010-05-31'),(220,'P-4-53',4,242.00,'2010-05-31'),(221,'P-4-74',4,242.00,'2010-05-31'),(222,'P-4-17',4,242.00,'2010-05-31'),(223,'P-4-25',4,242.00,'2010-05-31'),(224,'P-4-30',4,242.00,'2010-05-31'),(225,'P-3-28',4,242.00,'2010-05-31'),(226,'p-4-88',4,242.00,'2010-05-31'),(227,'P-WP-6-B',4,242.00,'2010-05-31'),(228,'P-4-55',4,242.00,'2010-05-31'),(229,'P-4-6',4,242.00,'2010-05-31'),(230,'P-W-3-B',4,242.00,'2010-05-31'),(231,'P-4-52',4,242.00,'2010-05-31'),(232,'P-WP-9-B',4,242.00,'2010-05-31'),(233,'P-WP-1',4,242.00,'2010-05-31'),(234,'P-4-36',4,242.00,'2010-05-31'),(235,'P-4-47',4,242.00,'2010-05-31'),(236,'P-3-21',4,242.00,'2010-05-31'),(237,'P-4-13',4,242.00,'2010-05-31'),(238,'P-WP-4-B',4,242.00,'2010-05-31'),(239,'P-4-76',4,242.00,'2010-05-31'),(240,'P-4-67-A',4,10.00,'2010-05-31'),(241,'P-4-67-B',4,242.00,'2010-05-31'),(242,'P-4-35',4,242.00,'2010-05-31'),(243,'P-4-81',4,242.00,'2010-05-31'),(244,'P-1-1',4,242.00,'2010-05-31'),(245,'P-4-41',4,242.00,'2010-05-31'),(246,'P-WP-7-A',4,242.00,'2010-05-31'),(247,'P-4-9',4,242.00,'2010-05-31'),(248,'P-4-33',4,242.00,'2010-05-31'),(249,'P-3-9',4,242.00,'2010-05-31'),(250,'P-3-10',4,242.00,'2010-05-31'),(251,'P-3-13',4,242.00,'2010-05-31'),(252,'P-3-11',4,242.00,'2010-05-31'),(253,'P-4-75',4,242.00,'2010-05-31'),(254,'P-4-61',4,242.00,'2010-05-31'),(255,'P-3-8',4,242.00,'2010-05-31'),(256,'P-4-31',4,242.00,'2010-05-31'),(257,'P-4-68',4,242.00,'2010-05-31'),(258,'P-WP-7-B',4,242.00,'2010-05-31'),(259,'P-WP-13-A',4,242.00,'2010-05-31'),(260,'P-4-63',4,242.00,'2010-05-31'),(261,'P-WP-6-A',4,242.00,'2010-05-31'),(262,'LOTE',4,242.00,'2010-05-31'),(263,'P-4-42',4,242.00,'2010-05-31'),(264,'P-4-15',4,242.00,'2010-05-31'),(265,'P-WP-5-B',4,242.00,'2010-05-31'),(266,'P-4-08',4,242.00,'2010-05-31'),(267,'P-4-4',4,242.00,'2010-05-31'),(268,'P-4-29',4,242.00,'2010-05-31'),(269,'P-WP-3-A',4,242.00,'2010-05-31'),(270,'P-3-29',4,242.00,'2010-05-31'),(271,'P-4-77',4,242.00,'2010-05-31'),(272,'P-4-18',4,242.00,'2010-05-31'),(273,'P-4-21',4,242.00,'2010-05-31'),(274,'P-4-10',4,242.00,'2010-05-31'),(275,'P-4-69',4,242.00,'2010-05-31'),(276,'P-4-45',4,242.00,'2010-05-31'),(277,'P-3-22',4,242.00,'2010-05-31'),(278,'P-4-44',4,242.00,'2010-05-31'),(279,'P-3-24',4,242.00,'2010-05-31'),(280,'P-WP-3-B',4,242.00,'2010-05-31'),(281,'P-4-38',4,242.00,'2010-05-31'),(282,'P-4-73',4,242.00,'2010-05-31'),(283,'P-4-71',5,242.00,'2010-06-30'),(284,'P-WP-9-A',5,242.00,'2010-06-30'),(285,'P-4-7',5,242.00,'2010-06-30'),(286,'P-4-27',5,242.00,'2010-06-30'),(287,'P-4-32',5,242.00,'2010-06-30'),(288,'P-3-19',5,242.00,'2010-06-30'),(289,'P-4-53',5,242.00,'2010-06-30'),(290,'P-4-74',5,242.00,'2010-06-30'),(291,'P-4-17',5,242.00,'2010-06-30'),(292,'P-4-25',5,242.00,'2010-06-30'),(293,'P-4-30',5,242.00,'2010-06-30'),(294,'P-3-28',5,242.00,'2010-06-30'),(295,'p-4-88',5,300.00,'2010-06-30'),(296,'P-WP-6-B',5,242.00,'2010-06-30'),(297,'P-4-55',5,242.00,'2010-06-30'),(298,'P-4-6',5,242.00,'2010-06-30'),(299,'P-W-3-B',5,242.00,'2010-06-30'),(300,'P-4-52',5,242.00,'2010-06-30'),(301,'P-WP-9-B',5,242.00,'2010-06-30'),(302,'P-WP-1',5,242.00,'2010-06-30'),(303,'P-4-36',5,242.00,'2010-06-30'),(304,'P-4-47',5,242.00,'2010-06-30'),(305,'P-3-21',5,242.00,'2010-06-30'),(306,'P-4-13',5,242.00,'2010-06-30'),(307,'P-WP-4-B',5,242.00,'2010-06-30'),(308,'P-4-76',5,242.00,'2010-06-30'),(309,'P-4-67-B',5,242.00,'2010-06-30'),(310,'P-4-35',5,158.00,'2010-06-30'),(311,'P-4-81',5,242.00,'2010-06-30'),(312,'P-1-1',5,242.00,'2010-06-30'),(313,'P-4-41',5,242.00,'2010-06-30'),(314,'P-WP-7-A',5,242.00,'2010-06-30'),(315,'P-4-9',5,242.00,'2010-06-30'),(316,'P-4-33',5,242.00,'2010-06-30'),(317,'P-3-9',5,242.00,'2010-06-30'),(318,'P-3-10',5,242.00,'2010-06-30'),(319,'P-3-13',5,242.00,'2010-06-30'),(320,'P-3-11',5,242.00,'2010-06-30'),(321,'P-4-75',5,242.00,'2010-06-30'),(322,'P-4-61',5,242.00,'2010-06-30'),(323,'P-3-8',5,242.00,'2010-06-30'),(324,'P-4-31',5,242.00,'2010-06-30'),(325,'P-4-68',5,242.00,'2010-06-30'),(326,'P-WP-7-B',5,242.00,'2010-06-30'),(327,'P-WP-13-A',5,242.00,'2010-06-30'),(328,'P-4-63',5,242.00,'2010-06-30'),(329,'P-WP-6-A',5,242.00,'2010-06-30'),(330,'LOTE',5,242.00,'2010-06-30'),(331,'P-4-42',5,242.00,'2010-06-30'),(332,'P-4-15',5,242.00,'2010-06-30'),(333,'P-WP-5-B',5,242.00,'2010-06-30'),(334,'P-4-08',5,242.00,'2010-06-30'),(335,'P-4-4',5,242.00,'2010-06-30'),(336,'P-4-29',5,242.00,'2010-06-30'),(337,'P-WP-3-A',5,242.00,'2010-06-30'),(338,'P-3-29',5,242.00,'2010-06-30'),(339,'P-4-77',5,242.00,'2010-06-30'),(340,'P-4-18',5,242.00,'2010-06-30'),(341,'P-4-21',5,242.00,'2010-06-30'),(342,'P-4-10',5,242.00,'2010-06-30'),(343,'P-4-69',5,242.00,'2010-06-30'),(344,'P-4-45',5,242.00,'2010-06-30'),(345,'P-3-22',5,242.00,'2010-06-30'),(346,'P-4-44',5,242.00,'2010-06-30'),(347,'P-3-24',5,242.00,'2010-06-30'),(348,'P-WP-3-B',5,242.00,'2010-06-30'),(349,'P-4-38',5,242.00,'2010-06-30'),(350,'P-4-73',5,242.00,'2010-06-30'),(351,'P-4-71',6,242.00,'2010-07-31'),(352,'P-WP-9-A',6,242.00,'2010-07-31'),(353,'P-4-7',6,242.00,'2010-07-31'),(354,'P-4-46',6,896.00,'2010-07-31'),(355,'P-4-27',6,242.00,'2010-07-31'),(356,'P-4-32',6,242.00,'2010-07-31'),(357,'P-3-19',6,242.00,'2010-07-31'),(358,'P-4-74',6,242.00,'2010-07-31'),(359,'P-4-17',6,242.00,'2010-07-31'),(360,'P-4-25',6,242.00,'2010-07-31'),(361,'P-4-30',6,242.00,'2010-07-31'),(362,'P-3-28',6,242.00,'2010-07-31'),(363,'p-4-88',6,258.00,'2010-07-31'),(364,'P-WP-6-B',6,242.00,'2010-07-31'),(365,'P-4-55',6,242.00,'2010-07-31'),(366,'P-4-6',6,242.00,'2010-07-31'),(367,'P-W-3-B',6,242.00,'2010-07-31'),(368,'P-4-52',6,242.00,'2010-07-31'),(369,'P-WP-9-B',6,242.00,'2010-07-31'),(370,'P-WP-1',6,242.00,'2010-07-31'),(371,'P-4-36',6,242.00,'2010-07-31'),(372,'P-4-47',6,242.00,'2010-07-31'),(373,'P-3-21',6,242.00,'2010-07-31'),(374,'P-4-13',6,242.00,'2010-07-31'),(375,'P-WP-4-B',6,242.00,'2010-07-31'),(376,'P-4-76',6,242.00,'2010-07-31'),(377,'P-4-67-B',6,242.00,'2010-07-31'),(378,'P-4-81',6,242.00,'2010-07-31'),(379,'P-1-1',6,242.00,'2010-07-31'),(380,'P-4-41',6,242.00,'2010-07-31'),(381,'P-WP-7-A',6,242.00,'2010-07-31'),(382,'P-4-9',6,242.00,'2010-07-31'),(383,'P-4-33',6,242.00,'2010-07-31'),(384,'P-3-9',6,242.00,'2010-07-31'),(385,'P-3-10',6,242.00,'2010-07-31'),(386,'P-3-13',6,242.00,'2010-07-31'),(387,'P-3-11',6,242.00,'2010-07-31'),(388,'P-4-75',6,242.00,'2010-07-31'),(389,'P-4-61',6,242.00,'2010-07-31'),(390,'P-3-8',6,242.00,'2010-07-31'),(391,'P-4-31',6,242.00,'2010-07-31'),(392,'P-4-68',6,242.00,'2010-07-31'),(393,'P-WP-7-B',6,242.00,'2010-07-31'),(394,'P-WP-13-A',6,242.00,'2010-07-31'),(395,'P-4-63',6,242.00,'2010-07-31'),(396,'P-WP-6-A',6,242.00,'2010-07-31'),(397,'LOTE',6,242.00,'2010-07-31'),(398,'P-4-42',6,242.00,'2010-07-31'),(399,'P-4-15',6,242.00,'2010-07-31'),(400,'P-WP-5-B',6,242.00,'2010-07-31'),(401,'P-4-08',6,242.00,'2010-07-31'),(402,'P-4-4',6,242.00,'2010-07-31'),(403,'P-4-29',6,242.00,'2010-07-31'),(404,'P-WP-3-A',6,242.00,'2010-07-31'),(405,'P-3-29',6,242.00,'2010-07-31'),(406,'P-4-77',6,242.00,'2010-07-31'),(407,'P-4-18',6,116.00,'2010-07-31'),(408,'P-4-21',6,116.00,'2010-07-31'),(409,'P-4-10',6,116.00,'2010-07-31'),(410,'P-4-69',6,242.00,'2010-07-31'),(411,'P-4-45',6,242.00,'2010-07-31'),(412,'P-3-22',6,242.00,'2010-07-31'),(413,'P-4-44',6,242.00,'2010-07-31'),(414,'P-3-24',6,242.00,'2010-07-31'),(415,'P-WP-3-B',6,242.00,'2010-07-31'),(416,'P-4-38',6,242.00,'2010-07-31'),(417,'P-4-73',6,242.00,'2010-07-31'),(418,'P-4-71',7,242.00,'2010-08-31'),(419,'P-WP-9-A',7,242.00,'2010-08-31'),(420,'P-4-7',7,242.00,'2010-08-31'),(421,'P-4-46',7,200.00,'2010-08-31'),(422,'P-4-27',7,242.00,'2010-08-31'),(423,'P-4-32',7,242.00,'2010-08-31'),(424,'P-3-19',7,242.00,'2010-08-31'),(425,'P-4-74',7,242.00,'2010-08-31'),(426,'P-4-17',7,242.00,'2010-08-31'),(427,'P-4-25',7,242.00,'2010-08-31'),(428,'P-4-30',7,242.00,'2010-08-31'),(429,'P-3-28',7,242.00,'2010-08-31'),(430,'P-WP-6-B',7,242.00,'2010-08-31'),(431,'P-4-55',7,242.00,'2010-08-31'),(432,'P-4-6',7,242.00,'2010-08-31'),(433,'P-W-3-B',7,242.00,'2010-08-31'),(434,'P-4-52',7,242.00,'2010-08-31'),(435,'P-WP-9-B',7,242.00,'2010-08-31'),(436,'P-WP-1',7,242.00,'2010-08-31'),(437,'P-4-36',7,242.00,'2010-08-31'),(438,'P-4-47',7,242.00,'2010-08-31'),(439,'P-3-21',7,242.00,'2010-08-31'),(440,'P-4-13',7,242.00,'2010-08-31'),(441,'P-WP-4-B',7,242.00,'2010-08-31'),(442,'P-4-76',7,242.00,'2010-08-31'),(443,'P-4-67-B',7,242.00,'2010-08-31'),(444,'P-4-81',7,242.00,'2010-08-31'),(445,'P-1-1',7,242.00,'2010-08-31'),(446,'P-4-41',7,242.00,'2010-08-31'),(447,'P-WP-7-A',7,242.00,'2010-08-31'),(448,'P-4-9',7,242.00,'2010-08-31'),(449,'P-4-33',7,242.00,'2010-08-31'),(450,'P-3-9',7,242.00,'2010-08-31'),(451,'P-3-10',7,242.00,'2010-08-31'),(452,'P-3-13',7,242.00,'2010-08-31'),(453,'P-3-11',7,242.00,'2010-08-31'),(454,'P-4-75',7,242.00,'2010-08-31'),(455,'P-4-61',7,242.00,'2010-08-31'),(456,'P-3-8',7,242.00,'2010-08-31'),(457,'P-4-31',7,242.00,'2010-08-31'),(458,'P-4-68',7,242.00,'2010-08-31'),(459,'P-WP-7-B',7,242.00,'2010-08-31'),(460,'P-WP-13-A',7,242.00,'2010-08-31'),(461,'P-4-63',7,242.00,'2010-08-31'),(462,'P-WP-6-A',7,242.00,'2010-08-31'),(463,'LOTE',7,242.00,'2010-08-31'),(464,'P-4-42',7,242.00,'2010-08-31'),(465,'P-4-15',7,242.00,'2010-08-31'),(466,'P-WP-5-B',7,242.00,'2010-08-31'),(467,'P-4-08',7,242.00,'2010-08-31'),(468,'P-4-4',7,242.00,'2010-08-31'),(469,'P-4-29',7,242.00,'2010-08-31'),(470,'P-WP-3-A',7,242.00,'2010-08-31'),(471,'P-3-29',7,242.00,'2010-08-31'),(472,'P-4-77',7,242.00,'2010-08-31'),(473,'P-3-30',7,242.00,'2010-08-31'),(474,'P-4-69',7,242.00,'2010-08-31'),(475,'P-4-45',7,242.00,'2010-08-31'),(476,'P-4-44',7,242.00,'2010-08-31'),(477,'P-3-24',7,242.00,'2010-08-31'),(478,'P-WP-3-B',7,242.00,'2010-08-31'),(479,'P-4-38',7,242.00,'2010-08-31'),(480,'P-4-73',7,242.00,'2010-08-31'),(481,'P-4-71',8,242.00,'2010-09-30'),(482,'P-WP-9-A',8,242.00,'2010-09-30'),(483,'P-4-7',8,242.00,'2010-09-30'),(484,'P-4-27',8,242.00,'2010-09-30'),(485,'P-4-32',8,242.00,'2010-09-30'),(486,'P-3-19',8,242.00,'2010-09-30'),(487,'P-4-74',8,242.00,'2010-09-30'),(488,'P-4-17',8,242.00,'2010-09-30'),(489,'P-4-25',8,242.00,'2010-09-30'),(490,'P-4-30',8,242.00,'2010-09-30'),(491,'P-3-28',8,242.00,'2010-09-30'),(492,'P-WP-6-B',8,242.00,'2010-09-30'),(493,'P-4-55',8,242.00,'2010-09-30'),(494,'P-4-6',8,242.00,'2010-09-30'),(495,'P-W-3-B',8,242.00,'2010-09-30'),(496,'P-4-52',8,242.00,'2010-09-30'),(497,'P-WP-9-B',8,242.00,'2010-09-30'),(498,'P-WP-1',8,242.00,'2010-09-30'),(499,'P-4-36',8,242.00,'2010-09-30'),(500,'P-4-47',8,242.00,'2010-09-30'),(501,'P-3-21',8,242.00,'2010-09-30'),(502,'P-4-13',8,242.00,'2010-09-30'),(503,'P-WP-4-B',8,242.00,'2010-09-30'),(504,'P-4-76',8,242.00,'2010-09-30'),(505,'P-4-67-B',8,242.00,'2010-09-30'),(506,'P-4-81',8,242.00,'2010-09-30'),(507,'P-1-1',8,242.00,'2010-09-30'),(508,'P-4-41',8,242.00,'2010-09-30'),(509,'P-WP-7-A',8,242.00,'2010-09-30'),(510,'P-4-9',8,242.00,'2010-09-30'),(511,'P-4-33',8,242.00,'2010-09-30'),(512,'P-3-9',8,242.00,'2010-09-30'),(513,'P-3-10',8,242.00,'2010-09-30'),(514,'P-3-13',8,242.00,'2010-09-30'),(515,'P-3-11',8,242.00,'2010-09-30'),(516,'P-4-75',8,6.00,'2010-09-30'),(517,'P-4-61',8,242.00,'2010-09-30'),(518,'P-3-8',8,242.00,'2010-09-30'),(519,'P-4-31',8,242.00,'2010-09-30'),(520,'P-4-68',8,242.00,'2010-09-30'),(521,'P-WP-7-B',8,242.00,'2010-09-30'),(522,'P-WP-13-A',8,242.00,'2010-09-30'),(523,'P-4-63',8,242.00,'2010-09-30'),(524,'P-WP-6-A',8,242.00,'2010-09-30'),(525,'LOTE',8,242.00,'2010-09-30'),(526,'P-4-42',8,242.00,'2010-09-30'),(527,'P-4-15',8,242.00,'2010-09-30'),(528,'P-WP-5-B',8,242.00,'2010-09-30'),(529,'P-4-08',8,242.00,'2010-09-30'),(530,'P-4-4',8,242.00,'2010-09-30'),(531,'P-4-29',8,242.00,'2010-09-30'),(532,'P-WP-3-A',8,242.00,'2010-09-30'),(533,'P-3-29',8,242.00,'2010-09-30'),(534,'P-4-77',8,242.00,'2010-09-30'),(535,'P-3-30',8,242.00,'2010-09-30'),(536,'P-4-69',8,242.00,'2010-09-30'),(537,'P-4-45',8,242.00,'2010-09-30'),(538,'P-4-44',8,242.00,'2010-09-30'),(539,'P-3-24',8,132.00,'2010-09-30'),(540,'P-WP-3-B',8,242.00,'2010-09-30'),(541,'P-4-38',8,242.00,'2010-09-30'),(542,'P-4-73',8,242.00,'2010-09-30'),(543,'P-4-71',9,300.00,'2010-10-31'),(544,'P-WP-9-A',9,300.00,'2010-10-31'),(545,'P-4-7',9,300.00,'2010-10-31'),(546,'P-4-27',9,300.00,'2010-10-31'),(547,'P-4-32',9,300.00,'2010-10-31'),(548,'P-3-19',9,300.00,'2010-10-31'),(549,'P-4-74',9,300.00,'2010-10-31'),(550,'P-4-17',9,300.00,'2010-10-31'),(551,'P-4-25',9,300.00,'2010-10-31'),(552,'P-4-30',9,300.00,'2010-10-31'),(553,'P-3-28',9,300.00,'2010-10-31'),(554,'P-WP-6-B',9,300.00,'2010-10-31'),(555,'P-4-55',9,300.00,'2010-10-31'),(556,'P-4-6',9,242.00,'2010-10-31'),(557,'P-W-3-B',9,58.00,'2010-10-31'),(558,'P-4-52',9,242.00,'2010-10-31'),(559,'P-WP-9-B',9,300.00,'2010-10-31'),(560,'P-WP-1',9,300.00,'2010-10-31'),(561,'P-4-36',9,242.00,'2010-10-31'),(562,'P-4-47',9,300.00,'2010-10-31'),(563,'P-3-21',9,300.00,'2010-10-31'),(564,'P-4-13',9,300.00,'2010-10-31'),(565,'P-WP-4-B',9,300.00,'2010-10-31'),(566,'P-4-76',9,300.00,'2010-10-31'),(567,'P-4-67-B',9,274.00,'2010-10-31'),(568,'P-4-81',9,300.00,'2010-10-31'),(569,'P-1-1',9,300.00,'2010-10-31'),(570,'P-4-41',9,300.00,'2010-10-31'),(571,'P-WP-7-A',9,274.00,'2010-10-31'),(572,'P-4-9',9,300.00,'2010-10-31'),(573,'P-4-33',9,300.00,'2010-10-31'),(574,'P-3-9',9,300.00,'2010-10-31'),(575,'P-3-10',9,300.00,'2010-10-31'),(576,'P-3-13',9,300.00,'2010-10-31'),(577,'P-3-11',9,300.00,'2010-10-31'),(578,'P-4-61',9,300.00,'2010-10-31'),(579,'P-3-8',9,300.00,'2010-10-31'),(580,'P-4-31',9,300.00,'2010-10-31'),(581,'P-4-68',9,300.00,'2010-10-31'),(582,'P-WP-7-B',9,300.00,'2010-10-31'),(583,'P-WP-13-A',9,300.00,'2010-10-31'),(584,'P-4-63',9,300.00,'2010-10-31'),(585,'P-WP-6-A',9,300.00,'2010-10-31'),(586,'LOTE',9,300.00,'2010-10-31'),(587,'P-4-42',9,300.00,'2010-10-31'),(588,'P-4-15',9,300.00,'2010-10-31'),(589,'P-WP-5-B',9,242.00,'2010-10-31'),(590,'P-4-08',9,300.00,'2010-10-31'),(591,'P-4-4',9,300.00,'2010-10-31'),(592,'P-4-29',9,300.00,'2010-10-31'),(593,'P-WP-3-A',9,242.00,'2010-10-31'),(594,'P-3-29',9,300.00,'2010-10-31'),(595,'P-4-77',9,300.00,'2010-10-31'),(596,'P-3-30',9,300.00,'2010-10-31'),(597,'P-4-69',9,290.00,'2010-10-31'),(598,'P-4-45',9,242.00,'2010-10-31'),(599,'P-4-44',9,242.00,'2010-10-31'),(600,'P-3-24',9,300.00,'2010-10-31'),(601,'P-WP-3-B',9,242.00,'2010-10-31'),(602,'P-4-38',9,242.00,'2010-10-31'),(603,'P-4-73',9,300.00,'2010-10-31'),(604,'P-4-71',10,300.00,'2010-11-30'),(605,'P-WP-9-A',10,300.00,'2010-11-30'),(606,'P-4-7',10,300.00,'2010-11-30'),(607,'P-4-27',10,300.00,'2010-11-30'),(608,'P-4-32',10,300.00,'2010-11-30'),(609,'P-3-19',10,300.00,'2010-11-30'),(610,'P-4-74',10,300.00,'2010-11-30'),(611,'P-4-17',10,300.00,'2010-11-30'),(612,'P-4-25',10,500.00,'2010-11-30'),(613,'P-4-30',10,300.00,'2010-11-30'),(614,'P-3-28',10,300.00,'2010-11-30'),(615,'P-WP-6-B',10,300.00,'2010-11-30'),(616,'P-4-55',10,300.00,'2010-11-30'),(617,'P-4-6',10,300.00,'2010-11-30'),(618,'P-W-3-B',10,300.00,'2010-11-30'),(619,'P-4-52',10,300.00,'2010-11-30'),(620,'P-WP-9-B',10,300.00,'2010-11-30'),(621,'P-WP-1',10,300.00,'2010-11-30'),(622,'P-4-36',10,300.00,'2010-11-30'),(623,'P-4-47',10,300.00,'2010-11-30'),(624,'P-3-21',10,300.00,'2010-11-30'),(625,'P-4-13',10,300.00,'2010-11-30'),(626,'P-WP-4-B',10,300.00,'2010-11-30'),(627,'P-4-76',10,300.00,'2010-11-30'),(628,'P-4-67-B',10,300.00,'2010-11-30'),(629,'P-4-81',10,300.00,'2010-11-30'),(630,'P-1-1',10,300.00,'2010-11-30'),(631,'P-4-41',10,300.00,'2010-11-30'),(632,'P-WP-7-A',10,300.00,'2010-11-30'),(633,'P-4-9',10,300.00,'2010-11-30'),(634,'P-4-33',10,300.00,'2010-11-30'),(635,'P-3-9',10,300.00,'2010-11-30'),(636,'P-3-10',10,300.00,'2010-11-30'),(637,'P-3-13',10,300.00,'2010-11-30'),(638,'P-3-11',10,90.00,'2010-11-30'),(639,'P-4-61',10,300.00,'2010-11-30'),(640,'P-3-8',10,300.00,'2010-11-30'),(641,'P-4-31',10,300.00,'2010-11-30'),(642,'P-4-68',10,300.00,'2010-11-30'),(643,'P-WP-7-B',10,300.00,'2010-11-30'),(644,'P-WP-13-A',10,300.00,'2010-11-30'),(645,'P-4-63',10,300.00,'2010-11-30'),(646,'P-WP-6-A',10,300.00,'2010-11-30'),(647,'LOTE',10,300.00,'2010-11-30'),(648,'P-4-42',10,300.00,'2010-11-30'),(649,'P-4-15',10,300.00,'2010-11-30'),(650,'P-WP-5-B',10,300.00,'2010-11-30'),(651,'P-4-08',10,300.00,'2010-11-30'),(652,'P-4-4',10,300.00,'2010-11-30'),(653,'P-4-29',10,300.00,'2010-11-30'),(654,'P-WP-3-A',10,300.00,'2010-11-30'),(655,'P-3-29',10,300.00,'2010-11-30'),(656,'P-4-77',10,300.00,'2010-11-30'),(657,'P-3-30',10,300.00,'2010-11-30'),(658,'P-4-45',10,300.00,'2010-11-30'),(659,'P-4-44',10,242.00,'2010-11-30'),(660,'P-3-24',10,200.00,'2010-11-30'),(661,'P-WP-3-B',10,300.00,'2010-11-30'),(662,'P-4-38',10,300.00,'2010-11-30'),(663,'P-4-73',10,300.00,'2010-11-30'),(664,'P-4-71',11,500.00,'2010-12-31'),(665,'P-WP-9-A',11,500.00,'2010-12-31'),(666,'P-4-7',11,500.00,'2010-12-31'),(667,'P-4-27',11,500.00,'2010-12-31'),(668,'P-4-32',11,500.00,'2010-12-31'),(669,'P-3-19',11,300.00,'2010-12-31'),(670,'P-4-74',11,500.00,'2010-12-31'),(671,'P-4-17',11,300.00,'2010-12-31'),(672,'P-4-25',11,300.00,'2010-12-31'),(673,'P-4-30',11,500.00,'2010-12-31'),(674,'P-3-28',11,500.00,'2010-12-31'),(675,'P-WP-6-B',11,500.00,'2010-12-31'),(676,'P-4-55',11,500.00,'2010-12-31'),(677,'P-4-6',11,500.00,'2010-12-31'),(678,'P-W-3-B',11,500.00,'2010-12-31'),(679,'P-4-52',11,500.00,'2010-12-31'),(680,'P-WP-9-B',11,500.00,'2010-12-31'),(681,'P-WP-1',11,500.00,'2010-12-31'),(682,'P-4-36',11,500.00,'2010-12-31'),(683,'P-4-47',11,500.00,'2010-12-31'),(684,'P-3-21',11,500.00,'2010-12-31'),(685,'P-4-13',11,500.00,'2010-12-31'),(686,'P-WP-4-B',11,300.00,'2010-12-31'),(687,'P-4-76',11,500.00,'2010-12-31'),(688,'P-4-67-B',11,500.00,'2010-12-31'),(689,'P-4-81',11,500.00,'2010-12-31'),(690,'P-1-1',11,500.00,'2010-12-31'),(691,'P-4-41',11,500.00,'2010-12-31'),(692,'P-WP-7-A',11,500.00,'2010-12-31'),(693,'P-4-9',11,500.00,'2010-12-31'),(694,'P-4-33',11,400.00,'2010-12-31'),(695,'P-3-9',11,500.00,'2010-12-31'),(696,'P-3-10',11,500.00,'2010-12-31'),(697,'P-3-11',11,500.00,'2010-12-31'),(698,'P-4-61',11,500.00,'2010-12-31'),(699,'P-3-8',11,500.00,'2010-12-31'),(700,'P-4-31',11,300.00,'2010-12-31'),(701,'P-4-68',11,500.00,'2010-12-31'),(702,'P-WP-7-B',11,300.00,'2010-12-31'),(703,'P-WP-13-A',11,300.00,'2010-12-31'),(704,'P-4-63',11,500.00,'2010-12-31'),(705,'P-WP-6-A',11,500.00,'2010-12-31'),(706,'LOTE',11,500.00,'2010-12-31'),(707,'P-4-42',11,500.00,'2010-12-31'),(708,'P-4-15',11,500.00,'2010-12-31'),(709,'P-WP-5-B',11,500.00,'2010-12-31'),(710,'P-4-08',11,500.00,'2010-12-31'),(711,'P-4-4',11,500.00,'2010-12-31'),(712,'P-4-29',11,500.00,'2010-12-31'),(713,'P-WP-3-A',11,500.00,'2010-12-31'),(714,'P-3-29',11,500.00,'2010-12-31'),(715,'P-4-77',11,200.00,'2010-12-31'),(716,'P-3-30',11,500.00,'2010-12-31'),(717,'P-4-45',11,500.00,'2010-12-31'),(718,'P-4-44',11,516.00,'2010-12-31'),(719,'P-3-24',11,500.00,'2010-12-31'),(720,'P-WP-3-B',11,500.00,'2010-12-31'),(721,'P-4-38',11,500.00,'2010-12-31'),(722,'P-4-73',11,500.00,'2010-12-31'),(723,'P-4-71',12,300.00,'2011-01-31'),(724,'P-WP-9-A',12,300.00,'2011-01-31'),(725,'P-4-7',12,300.00,'2011-01-31'),(726,'P-4-27',12,263.00,'2011-01-31'),(727,'P-4-32',12,300.00,'2011-01-31'),(728,'P-3-19',12,300.00,'2011-01-31'),(729,'P-4-74',12,300.00,'2011-01-31'),(730,'P-4-17',12,300.00,'2011-01-31'),(731,'P-4-25',12,300.00,'2011-01-31'),(732,'P-4-30',12,300.00,'2011-01-31'),(733,'P-3-28',12,300.00,'2011-01-31'),(734,'P-WP-6-B',12,216.00,'2011-01-31'),(735,'P-4-55',12,300.00,'2011-01-31'),(736,'P-4-6',12,300.00,'2011-01-31'),(737,'P-W-3-B',12,300.00,'2011-01-31'),(738,'P-4-52',12,300.00,'2011-01-31'),(739,'P-WP-9-B',12,300.00,'2011-01-31'),(740,'P-WP-1',12,300.00,'2011-01-31'),(741,'P-4-36',12,300.00,'2011-01-31'),(742,'P-4-47',12,300.00,'2011-01-31'),(743,'P-3-21',12,300.00,'2011-01-31'),(744,'P-4-13',12,300.00,'2011-01-31'),(745,'P-WP-4-B',12,300.00,'2011-01-31'),(746,'P-4-76',12,300.00,'2011-01-31'),(747,'P-4-67-B',12,300.00,'2011-01-31'),(748,'P-4-81',12,300.00,'2011-01-31'),(749,'P-1-1',12,300.00,'2011-01-31'),(750,'P-4-41',12,300.00,'2011-01-31'),(751,'P-WP-7-A',12,300.00,'2011-01-31'),(752,'P-4-9',12,300.00,'2011-01-31'),(753,'P-4-33',12,300.00,'2011-01-31'),(754,'P-3-9',12,300.00,'2011-01-31'),(755,'P-3-10',12,300.00,'2011-01-31'),(756,'P-3-11',12,300.00,'2011-01-31'),(757,'P-4-61',12,300.00,'2011-01-31'),(758,'P-3-8',12,300.00,'2011-01-31'),(759,'P-4-31',12,300.00,'2011-01-31'),(760,'P-4-68',12,300.00,'2011-01-31'),(761,'P-WP-7-B',12,300.00,'2011-01-31'),(762,'P-4-63',12,300.00,'2011-01-31'),(763,'P-WP-6-A',12,300.00,'2011-01-31'),(764,'LOTE',12,300.00,'2011-01-31'),(765,'P-4-42',12,300.00,'2011-01-31'),(766,'P-4-15',12,300.00,'2011-01-31'),(767,'P-WP-5-B',12,300.00,'2011-01-31'),(768,'P-4-08',12,300.00,'2011-01-31'),(769,'P-4-4',12,300.00,'2011-01-31'),(770,'P-4-29',12,300.00,'2011-01-31'),(771,'P-WP-3-A',12,300.00,'2011-01-31'),(772,'P-3-29',12,300.00,'2011-01-31'),(773,'P-4-77',12,300.00,'2011-01-31'),(774,'P-4-45',12,300.00,'2011-01-31'),(775,'P-4-44',12,300.00,'2011-01-31'),(776,'P-3-24',12,300.00,'2011-01-31'),(777,'P-WP-3-B',12,300.00,'2011-01-31'),(778,'P-4-38',12,300.00,'2011-01-31'),(779,'P-4-73',12,300.00,'2011-01-31'),(780,'P-4-71',13,300.00,'2011-02-28'),(781,'P-WP-9-A',13,300.00,'2011-02-28'),(782,'P-4-7',13,300.00,'2011-02-28'),(783,'P-4-27',13,300.00,'2011-02-28'),(784,'P-4-32',13,300.00,'2011-02-28'),(785,'P-3-19',13,300.00,'2011-02-28'),(786,'P-4-74',13,300.00,'2011-02-28'),(787,'P-4-17',13,300.00,'2011-02-28'),(788,'P-4-25',13,300.00,'2011-02-28'),(789,'P-4-30',13,300.00,'2011-02-28'),(790,'P-3-28',13,300.00,'2011-02-28'),(791,'P-WP-6-B',13,300.00,'2011-02-28'),(792,'P-4-55',13,300.00,'2011-02-28'),(793,'P-4-6',13,300.00,'2011-02-28'),(794,'P-W-3-B',13,300.00,'2011-02-28'),(795,'P-4-52',13,300.00,'2011-02-28'),(796,'P-WP-9-B',13,300.00,'2011-02-28'),(797,'P-WP-1',13,300.00,'2011-02-28'),(798,'P-4-36',13,300.00,'2011-02-28'),(799,'P-4-47',13,300.00,'2011-02-28'),(800,'P-3-21',13,300.00,'2011-02-28'),(801,'P-4-13',13,300.00,'2011-02-28'),(802,'P-WP-4-B',13,300.00,'2011-02-28'),(803,'P-4-76',13,300.00,'2011-02-28'),(804,'P-4-67-B',13,300.00,'2011-02-28'),(805,'P-4-81',13,300.00,'2011-02-28'),(806,'P-1-1',13,300.00,'2011-02-28'),(807,'P-4-41',13,300.00,'2011-02-28'),(808,'P-WP-7-A',13,300.00,'2011-02-28'),(809,'P-4-9',13,300.00,'2011-02-28'),(810,'P-4-33',13,300.00,'2011-02-28'),(811,'P-3-9',13,300.00,'2011-02-28'),(812,'P-3-10',13,300.00,'2011-02-28'),(813,'P-3-11',13,300.00,'2011-02-28'),(814,'P-4-61',13,300.00,'2011-02-28'),(815,'P-3-8',13,300.00,'2011-02-28'),(816,'P-4-31',13,300.00,'2011-02-28'),(817,'P-4-68',13,300.00,'2011-02-28'),(818,'P-WP-7-B',13,300.00,'2011-02-28'),(819,'P-4-63',13,300.00,'2011-02-28'),(820,'P-WP-6-A',13,300.00,'2011-02-28'),(821,'LOTE',13,300.00,'2011-02-28'),(822,'P-4-42',13,300.00,'2011-02-28'),(823,'P-4-15',13,300.00,'2011-02-28'),(824,'P-WP-5-B',13,300.00,'2011-02-28'),(825,'P-4-08',13,300.00,'2011-02-28'),(826,'P-4-4',13,300.00,'2011-02-28'),(827,'P-4-29',13,300.00,'2011-02-28'),(828,'P-WP-3-A',13,300.00,'2011-02-28'),(829,'P-3-29',13,300.00,'2011-02-28'),(830,'P-4-77',13,300.00,'2011-02-28'),(831,'P-4-45',13,300.00,'2011-02-28'),(832,'P-4-44',13,300.00,'2011-02-28'),(833,'P-3-24',13,300.00,'2011-02-28'),(834,'P-WP-3-B',13,300.00,'2011-02-28'),(835,'P-4-38',13,300.00,'2011-02-28'),(836,'P-4-73',13,300.00,'2011-02-28'),(837,'P-4-71',14,300.00,'2011-03-31'),(838,'P-WP-9-A',14,300.00,'2011-03-31'),(839,'P-4-7',14,300.00,'2011-03-31'),(840,'P-4-27',14,300.00,'2011-03-31'),(841,'P-4-32',14,300.00,'2011-03-31'),(842,'P-3-19',14,300.00,'2011-03-31'),(843,'P-4-74',14,300.00,'2011-03-31'),(844,'P-4-17',14,300.00,'2011-03-31'),(845,'P-4-25',14,300.00,'2011-03-31'),(846,'P-4-30',14,300.00,'2011-03-31'),(847,'P-3-28',14,300.00,'2011-03-31'),(848,'P-WP-6-B',14,300.00,'2011-03-31'),(849,'P-4-55',14,300.00,'2011-03-31'),(850,'P-4-6',14,300.00,'2011-03-31'),(851,'P-W-3-B',14,300.00,'2011-03-31'),(852,'P-4-52',14,300.00,'2011-03-31'),(853,'P-WP-9-B',14,300.00,'2011-03-31'),(854,'P-WP-1',14,300.00,'2011-03-31'),(855,'P-4-36',14,300.00,'2011-03-31'),(856,'P-4-47',14,300.00,'2011-03-31'),(857,'P-3-21',14,300.00,'2011-03-31'),(858,'P-4-13',14,50.00,'2011-03-31'),(859,'P-WP-4-B',14,300.00,'2011-03-31'),(860,'P-4-76',14,300.00,'2011-03-31'),(861,'P-4-67-B',14,300.00,'2011-03-31'),(862,'P-4-81',14,300.00,'2011-03-31'),(863,'P-1-1',14,300.00,'2011-03-31'),(864,'P-4-41',14,300.00,'2011-03-31'),(865,'P-WP-7-A',14,300.00,'2011-03-31'),(866,'P-4-9',14,300.00,'2011-03-31'),(867,'P-4-33',14,200.00,'2011-03-31'),(868,'P-3-9',14,300.00,'2011-03-31'),(869,'P-3-10',14,300.00,'2011-03-31'),(870,'P-3-11',14,300.00,'2011-03-31'),(871,'P-4-61',14,300.00,'2011-03-31'),(872,'P-3-8',14,300.00,'2011-03-31'),(873,'P-4-31',14,300.00,'2011-03-31'),(874,'P-4-68',14,300.00,'2011-03-31'),(875,'P-WP-7-B',14,300.00,'2011-03-31'),(876,'P-4-63',14,300.00,'2011-03-31'),(877,'P-WP-6-A',14,300.00,'2011-03-31'),(878,'LOTE',14,300.00,'2011-03-31'),(879,'P-4-42',14,300.00,'2011-03-31'),(880,'P-4-15',14,300.00,'2011-03-31'),(881,'P-WP-5-B',14,300.00,'2011-03-31'),(882,'P-4-08',14,300.00,'2011-03-31'),(883,'P-4-4',14,300.00,'2011-03-31'),(884,'P-4-29',14,300.00,'2011-03-31'),(885,'P-WP-3-A',14,300.00,'2011-03-31'),(886,'P-3-29',14,300.00,'2011-03-31'),(887,'P-4-77',14,300.00,'2011-03-31'),(888,'P-4-45',14,300.00,'2011-03-31'),(889,'P-4-44',14,300.00,'2011-03-31'),(890,'P-3-24',14,300.00,'2011-03-31'),(891,'P-WP-3-B',14,300.00,'2011-03-31'),(892,'P-4-38',14,300.00,'2011-03-31'),(893,'P-4-73',14,300.00,'2011-03-31'),(894,'P-4-71',15,300.00,'2011-04-30'),(895,'P-WP-9-A',15,300.00,'2011-04-30'),(896,'P-4-7',15,300.00,'2011-04-30'),(897,'P-4-27',15,300.00,'2011-04-30'),(898,'P-4-32',15,300.00,'2011-04-30'),(899,'P-3-19',15,300.00,'2011-04-30'),(900,'P-4-74',15,300.00,'2011-04-30'),(901,'P-4-25',15,300.00,'2011-04-30'),(902,'P-4-30',15,300.00,'2011-04-30'),(903,'P-3-28',15,300.00,'2011-04-30'),(904,'P-WP-6-B',15,300.00,'2011-04-30'),(905,'P-4-55',15,300.00,'2011-04-30'),(906,'P-4-6',15,300.00,'2011-04-30'),(907,'P-W-3-B',15,300.00,'2011-04-30'),(908,'P-4-52',15,300.00,'2011-04-30'),(909,'P-WP-9-B',15,300.00,'2011-04-30'),(910,'P-WP-1',15,300.00,'2011-04-30'),(911,'P-4-36',15,300.00,'2011-04-30'),(912,'P-4-47',15,300.00,'2011-04-30'),(913,'P-3-21',15,300.00,'2011-04-30'),(914,'P-4-13',15,250.00,'2011-04-30'),(915,'P-WP-4-B',15,300.00,'2011-04-30'),(916,'P-4-76',15,300.00,'2011-04-30'),(917,'P-4-67-B',15,300.00,'2011-04-30'),(918,'P-4-81',15,300.00,'2011-04-30'),(919,'P-1-1',15,300.00,'2011-04-30'),(920,'P-4-41',15,300.00,'2011-04-30'),(921,'P-WP-7-A',15,300.00,'2011-04-30'),(922,'P-4-9',15,300.00,'2011-04-30'),(923,'P-4-33',15,300.00,'2011-04-30'),(924,'P-3-9',15,300.00,'2011-04-30'),(925,'P-3-10',15,300.00,'2011-04-30'),(926,'P-3-11',15,300.00,'2011-04-30'),(927,'P-4-61',15,300.00,'2011-04-30'),(928,'P-3-8',15,300.00,'2011-04-30'),(929,'P-4-31',15,300.00,'2011-04-30'),(930,'P-4-68',15,300.00,'2011-04-30'),(931,'P-WP-7-B',15,300.00,'2011-04-30'),(932,'P-4-63',15,300.00,'2011-04-30'),(933,'P-WP-6-A',15,300.00,'2011-04-30'),(934,'LOTE',15,300.00,'2011-04-30'),(935,'P-4-42',15,300.00,'2011-04-30'),(936,'P-4-15',15,300.00,'2011-04-30'),(937,'P-WP-5-B',15,300.00,'2011-04-30'),(938,'P-4-08',15,300.00,'2011-04-30'),(939,'P-4-4',15,300.00,'2011-04-30'),(940,'P-4-29',15,300.00,'2011-04-30'),(941,'P-WP-3-A',15,300.00,'2011-04-30'),(942,'P-3-29',15,300.00,'2011-04-30'),(943,'P-4-77',15,300.00,'2011-04-30'),(944,'P-4-45',15,300.00,'2011-04-30'),(945,'P-4-44',15,300.00,'2011-04-30'),(946,'P-3-24',15,300.00,'2011-04-30'),(947,'P-WP-3-B',15,300.00,'2011-04-30'),(948,'P-4-38',15,300.00,'2011-04-30'),(949,'P-4-73',15,300.00,'2011-04-30'),(950,'P-4-71',16,300.00,'2011-05-31'),(951,'P-WP-9-A',16,300.00,'2011-05-31'),(952,'P-4-7',16,300.00,'2011-05-31'),(953,'P-4-27',16,300.00,'2011-05-31'),(954,'P-4-32',16,300.00,'2011-05-31'),(955,'P-3-19',16,300.00,'2011-05-31'),(956,'P-4-74',16,300.00,'2011-05-31'),(957,'P-4-25',16,300.00,'2011-05-31'),(958,'P-4-30',16,300.00,'2011-05-31'),(959,'P-3-28',16,300.00,'2011-05-31'),(960,'P-WP-6-B',16,300.00,'2011-05-31'),(961,'P-4-55',16,300.00,'2011-05-31'),(962,'P-4-6',16,300.00,'2011-05-31'),(963,'P-W-3-B',16,300.00,'2011-05-31'),(964,'P-4-52',16,300.00,'2011-05-31'),(965,'P-WP-9-B',16,300.00,'2011-05-31'),(966,'P-WP-1',16,300.00,'2011-05-31'),(967,'P-4-36',16,300.00,'2011-05-31'),(968,'P-4-47',16,300.00,'2011-05-31'),(969,'P-3-21',16,300.00,'2011-05-31'),(970,'P-4-13',16,300.00,'2011-05-31'),(971,'P-WP-4-B',16,300.00,'2011-05-31'),(972,'P-4-76',16,300.00,'2011-05-31'),(973,'P-4-67-B',16,300.00,'2011-05-31'),(974,'P-4-81',16,200.00,'2011-05-31'),(975,'P-1-1',16,300.00,'2011-05-31'),(976,'P-4-41',16,300.00,'2011-05-31'),(977,'P-WP-7-A',16,300.00,'2011-05-31'),(978,'P-4-9',16,263.00,'2011-05-31'),(979,'P-4-33',16,300.00,'2011-05-31'),(980,'P-3-10',16,300.00,'2011-05-31'),(981,'P-3-11',16,300.00,'2011-05-31'),(982,'P-4-61',16,300.00,'2011-05-31'),(983,'P-3-8',16,300.00,'2011-05-31'),(984,'P-4-31',16,300.00,'2011-05-31'),(985,'P-4-68',16,300.00,'2011-05-31'),(986,'P-WP-7-B',16,300.00,'2011-05-31'),(987,'P-4-63',16,300.00,'2011-05-31'),(988,'P-WP-6-A',16,300.00,'2011-05-31'),(989,'LOTE',16,300.00,'2011-05-31'),(990,'P-4-42',16,300.00,'2011-05-31'),(991,'P-4-15',16,300.00,'2011-05-31'),(992,'P-WP-5-B',16,300.00,'2011-05-31'),(993,'P-4-08',16,300.00,'2011-05-31'),(994,'P-4-4',16,300.00,'2011-05-31'),(995,'P-4-29',16,300.00,'2011-05-31'),(996,'P-WP-3-A',16,300.00,'2011-05-31'),(997,'P-3-29',16,300.00,'2011-05-31'),(998,'P-4-77',16,300.00,'2011-05-31'),(999,'P-4-45',16,300.00,'2011-05-31'),(1000,'P-4-44',16,300.00,'2011-05-31'),(1001,'P-3-24',16,300.00,'2011-05-31'),(1002,'P-WP-3-B',16,300.00,'2011-05-31'),(1003,'P-4-38',16,300.00,'2011-05-31'),(1004,'P-4-73',16,300.00,'2011-05-31'),(1005,'P-4-71',17,300.00,'2011-06-30'),(1006,'P-WP-9-A',17,300.00,'2011-06-30'),(1007,'P-4-7',17,300.00,'2011-06-30'),(1008,'P-4-27',17,337.00,'2011-06-30'),(1009,'P-4-32',17,300.00,'2011-06-30'),(1010,'P-3-19',17,300.00,'2011-06-30'),(1011,'P-4-74',17,300.00,'2011-06-30'),(1012,'P-4-25',17,300.00,'2011-06-30'),(1013,'P-4-30',17,300.00,'2011-06-30'),(1014,'P-3-28',17,300.00,'2011-06-30'),(1015,'P-WP-6-B',17,300.00,'2011-06-30'),(1016,'P-4-55',17,300.00,'2011-06-30'),(1017,'P-4-6',17,300.00,'2011-06-30'),(1018,'P-W-3-B',17,300.00,'2011-06-30'),(1019,'P-4-52',17,300.00,'2011-06-30'),(1020,'P-WP-9-B',17,487.00,'2011-06-30'),(1021,'P-WP-1',17,300.00,'2011-06-30'),(1022,'P-4-36',17,300.00,'2011-06-30'),(1023,'P-4-47',17,300.00,'2011-06-30'),(1024,'P-3-21',17,300.00,'2011-06-30'),(1025,'P-4-13',17,300.00,'2011-06-30'),(1026,'P-WP-4-B',17,300.00,'2011-06-30'),(1027,'P-4-76',17,300.00,'2011-06-30'),(1028,'P-4-67-B',17,300.00,'2011-06-30'),(1029,'P-1-1',17,300.00,'2011-06-30'),(1030,'P-4-41',17,300.00,'2011-06-30'),(1031,'P-WP-7-A',17,300.00,'2011-06-30'),(1032,'P-4-33',17,300.00,'2011-06-30'),(1033,'P-3-10',17,300.00,'2011-06-30'),(1034,'P-3-11',17,300.00,'2011-06-30'),(1035,'P-4-61',17,300.00,'2011-06-30'),(1036,'P-3-8',17,300.00,'2011-06-30'),(1037,'P-4-31',17,300.00,'2011-06-30'),(1038,'P-4-68',17,300.00,'2011-06-30'),(1039,'P-WP-7-B',17,300.00,'2011-06-30'),(1040,'P-4-63',17,300.00,'2011-06-30'),(1041,'P-WP-6-A',17,300.00,'2011-06-30'),(1042,'LOTE',17,300.00,'2011-06-30'),(1043,'P-4-42',17,300.00,'2011-06-30'),(1044,'P-4-15',17,300.00,'2011-06-30'),(1045,'P-WP-5-B',17,300.00,'2011-06-30'),(1046,'P-4-08',17,300.00,'2011-06-30'),(1047,'P-4-4',17,300.00,'2011-06-30'),(1048,'P-4-29',17,300.00,'2011-06-30'),(1049,'P-WP-3-A',17,300.00,'2011-06-30'),(1050,'P-3-29',17,300.00,'2011-06-30'),(1051,'P-4-77',17,300.00,'2011-06-30'),(1052,'P-4-45',17,300.00,'2011-06-30'),(1053,'P-4-44',17,300.00,'2011-06-30'),(1054,'P-3-24',17,300.00,'2011-06-30'),(1055,'P-WP-3-B',17,300.00,'2011-06-30'),(1056,'P-4-38',17,300.00,'2011-06-30'),(1057,'P-4-73',17,300.00,'2011-06-30'),(1058,'P-4-71',18,300.00,'2011-07-31'),(1059,'P-WP-9-A',18,300.00,'2011-07-31'),(1060,'P-4-7',18,300.00,'2011-07-31'),(1061,'P-4-27',18,300.00,'2011-07-31'),(1062,'P-4-32',18,300.00,'2011-07-31'),(1063,'P-3-19',18,300.00,'2011-07-31'),(1064,'P-4-74',18,300.00,'2011-07-31'),(1065,'P-4-25',18,300.00,'2011-07-31'),(1066,'P-4-30',18,300.00,'2011-07-31'),(1067,'P-3-28',18,300.00,'2011-07-31'),(1068,'P-WP-6-B',18,300.00,'2011-07-31'),(1069,'P-4-55',18,300.00,'2011-07-31'),(1070,'P-4-6',18,300.00,'2011-07-31'),(1071,'P-W-3-B',18,300.00,'2011-07-31'),(1072,'P-4-52',18,300.00,'2011-07-31'),(1073,'P-WP-9-B',18,300.00,'2011-07-31'),(1074,'P-WP-1',18,300.00,'2011-07-31'),(1075,'P-4-36',18,300.00,'2011-07-31'),(1076,'P-4-47',18,300.00,'2011-07-31'),(1077,'P-3-21',18,300.00,'2011-07-31'),(1078,'P-4-13',18,300.00,'2011-07-31'),(1079,'P-WP-4-B',18,300.00,'2011-07-31'),(1080,'P-4-76',18,300.00,'2011-07-31'),(1081,'P-4-67-B',18,300.00,'2011-07-31'),(1082,'P-1-1',18,300.00,'2011-07-31'),(1083,'P-4-41',18,300.00,'2011-07-31'),(1084,'P-WP-7-A',18,300.00,'2011-07-31'),(1085,'P-4-33',18,300.00,'2011-07-31'),(1086,'P-3-10',18,300.00,'2011-07-31'),(1087,'P-3-11',18,300.00,'2011-07-31'),(1088,'P-4-61',18,300.00,'2011-07-31'),(1089,'P-3-8',18,300.00,'2011-07-31'),(1090,'P-4-31',18,300.00,'2011-07-31'),(1091,'P-4-68',18,300.00,'2011-07-31'),(1092,'P-WP-7-B',18,300.00,'2011-07-31'),(1093,'P-4-63',18,300.00,'2011-07-31'),(1094,'P-WP-6-A',18,300.00,'2011-07-31'),(1095,'LOTE',18,300.00,'2011-07-31'),(1096,'P-4-42',18,300.00,'2011-07-31'),(1097,'P-4-15',18,300.00,'2011-07-31'),(1098,'P-WP-5-B',18,300.00,'2011-07-31'),(1099,'P-4-08',18,300.00,'2011-07-31'),(1100,'P-4-4',18,300.00,'2011-07-31'),(1101,'P-4-29',18,300.00,'2011-07-31'),(1102,'P-WP-3-A',18,300.00,'2011-07-31'),(1103,'P-3-29',18,300.00,'2011-07-31'),(1104,'P-4-77',18,300.00,'2011-07-31'),(1105,'P-4-45',18,300.00,'2011-07-31'),(1106,'P-4-44',18,300.00,'2011-07-31'),(1107,'P-3-24',18,300.00,'2011-07-31'),(1108,'P-WP-3-B',18,300.00,'2011-07-31'),(1109,'P-4-38',18,300.00,'2011-07-31'),(1110,'P-4-73',18,300.00,'2011-07-31'),(1111,'P-4-71',19,300.00,'2011-08-31'),(1112,'P-WP-9-A',19,300.00,'2011-08-31'),(1113,'P-4-7',19,300.00,'2011-08-31'),(1114,'P-4-27',19,300.00,'2011-08-31'),(1115,'P-4-32',19,300.00,'2011-08-31'),(1116,'P-3-19',19,300.00,'2011-08-31'),(1117,'P-4-74',19,300.00,'2011-08-31'),(1118,'P-4-25',19,300.00,'2011-08-31'),(1119,'P-4-30',19,300.00,'2011-08-31'),(1120,'P-3-28',19,300.00,'2011-08-31'),(1121,'P-WP-6-B',19,300.00,'2011-08-31'),(1122,'P-4-55',19,300.00,'2011-08-31'),(1123,'P-4-6',19,300.00,'2011-08-31'),(1124,'P-W-3-B',19,300.00,'2011-08-31'),(1125,'P-4-52',19,300.00,'2011-08-31'),(1126,'P-WP-9-B',19,300.00,'2011-08-31'),(1127,'P-WP-1',19,300.00,'2011-08-31'),(1128,'P-4-36',19,300.00,'2011-08-31'),(1129,'P-4-47',19,300.00,'2011-08-31'),(1130,'P-3-21',19,300.00,'2011-08-31'),(1131,'P-4-13',19,300.00,'2011-08-31'),(1132,'P-WP-4-B',19,300.00,'2011-08-31'),(1133,'P-4-76',19,300.00,'2011-08-31'),(1134,'P-4-67-B',19,300.00,'2011-08-31'),(1135,'P-1-1',19,300.00,'2011-08-31'),(1136,'P-4-41',19,300.00,'2011-08-31'),(1137,'P-WP-7-A',19,300.00,'2011-08-31'),(1138,'P-4-33',19,300.00,'2011-08-31'),(1139,'P-3-10',19,300.00,'2011-08-31'),(1140,'P-3-11',19,300.00,'2011-08-31'),(1141,'P-4-61',19,300.00,'2011-08-31'),(1142,'P-3-8',19,300.00,'2011-08-31'),(1143,'P-4-31',19,300.00,'2011-08-31'),(1144,'P-4-68',19,300.00,'2011-08-31'),(1145,'P-WP-7-B',19,300.00,'2011-08-31'),(1146,'P-4-63',19,300.00,'2011-08-31'),(1147,'P-WP-6-A',19,300.00,'2011-08-31'),(1148,'LOTE',19,300.00,'2011-08-31'),(1149,'P-4-42',19,300.00,'2011-08-31'),(1150,'P-4-15',19,300.00,'2011-08-31'),(1151,'P-WP-5-B',19,300.00,'2011-08-31'),(1152,'P-4-08',19,300.00,'2011-08-31'),(1153,'P-4-4',19,300.00,'2011-08-31'),(1154,'P-4-29',19,300.00,'2011-08-31'),(1155,'P-4-72',19,300.00,'2011-08-31'),(1156,'P-WP-3-A',19,300.00,'2011-08-31'),(1157,'P-3-29',19,300.00,'2011-08-31'),(1158,'P-4-77',19,300.00,'2011-08-31'),(1159,'P-4-45',19,300.00,'2011-08-31'),(1160,'P-4-44',19,300.00,'2011-08-31'),(1161,'P-3-24',19,300.00,'2011-08-31'),(1162,'P-WP-3-B',19,300.00,'2011-08-31'),(1163,'P-4-38',19,300.00,'2011-08-31'),(1164,'P-4-73',19,300.00,'2011-08-31'),(1165,'P-4-71',20,300.00,'2011-09-30'),(1166,'P-WP-9-A',20,300.00,'2011-09-30'),(1167,'P-4-7',20,300.00,'2011-09-30'),(1168,'P-4-27',20,300.00,'2011-09-30'),(1169,'P-4-32',20,300.00,'2011-09-30'),(1170,'P-3-19',20,300.00,'2011-09-30'),(1171,'P-4-74',20,300.00,'2011-09-30'),(1172,'P-4-25',20,300.00,'2011-09-30'),(1173,'P-4-30',20,300.00,'2011-09-30'),(1174,'P-3-28',20,300.00,'2011-09-30'),(1175,'P-WP-6-B',20,300.00,'2011-09-30'),(1176,'P-4-55',20,300.00,'2011-09-30'),(1177,'P-4-6',20,300.00,'2011-09-30'),(1178,'P-W-3-B',20,300.00,'2011-09-30'),(1179,'P-4-52',20,300.00,'2011-09-30'),(1180,'P-WP-9-B',20,300.00,'2011-09-30'),(1181,'P-WP-1',20,300.00,'2011-09-30'),(1182,'P-4-36',20,300.00,'2011-09-30'),(1183,'P-4-47',20,300.00,'2011-09-30'),(1184,'P-3-21',20,300.00,'2011-09-30'),(1185,'P-4-13',20,300.00,'2011-09-30'),(1186,'P-WP-4-B',20,300.00,'2011-09-30'),(1187,'P-4-76',20,300.00,'2011-09-30'),(1188,'P-4-67-B',20,300.00,'2011-09-30'),(1189,'P-4-81',20,300.00,'2011-09-30'),(1190,'P-1-1',20,300.00,'2011-09-30'),(1191,'P-4-41',20,300.00,'2011-09-30'),(1192,'P-WP-7-A',20,300.00,'2011-09-30'),(1193,'P-4-33',20,300.00,'2011-09-30'),(1194,'P-3-10',20,300.00,'2011-09-30'),(1195,'P-3-11',20,300.00,'2011-09-30'),(1196,'P-4-61',20,300.00,'2011-09-30'),(1197,'P-3-8',20,300.00,'2011-09-30'),(1198,'P-4-31',20,300.00,'2011-09-30'),(1199,'P-4-68',20,300.00,'2011-09-30'),(1200,'P-WP-7-B',20,300.00,'2011-09-30'),(1201,'P-4-63',20,300.00,'2011-09-30'),(1202,'P-WP-6-A',20,300.00,'2011-09-30'),(1203,'LOTE',20,300.00,'2011-09-30'),(1204,'P-4-42',20,300.00,'2011-09-30'),(1205,'P-4-15',20,300.00,'2011-09-30'),(1206,'P-WP-5-B',20,300.00,'2011-09-30'),(1207,'P-4-08',20,300.00,'2011-09-30'),(1208,'P-4-4',20,300.00,'2011-09-30'),(1209,'P-4-29',20,300.00,'2011-09-30'),(1210,'P-4-72',20,300.00,'2011-09-30'),(1211,'P-WP-3-A',20,300.00,'2011-09-30'),(1212,'P-3-29',20,300.00,'2011-09-30'),(1213,'P-4-77',20,300.00,'2011-09-30'),(1214,'P-4-45',20,300.00,'2011-09-30'),(1215,'P-4-44',20,300.00,'2011-09-30'),(1216,'P-3-24',20,300.00,'2011-09-30'),(1217,'P-WP-3-B',20,300.00,'2011-09-30'),(1218,'P-4-38',20,300.00,'2011-09-30'),(1219,'P-4-73',20,300.00,'2011-09-30'),(1220,'P-4-71',21,300.00,'2011-10-31'),(1221,'P-WP-9-A',21,300.00,'2011-10-31'),(1222,'P-4-7',21,300.00,'2011-10-31'),(1223,'P-4-32',21,300.00,'2011-10-31'),(1224,'P-3-19',21,300.00,'2011-10-31'),(1225,'P-4-74',21,300.00,'2011-10-31'),(1226,'P-4-25',21,300.00,'2011-10-31'),(1227,'P-4-30',21,300.00,'2011-10-31'),(1228,'P-3-28',21,300.00,'2011-10-31'),(1229,'P-WP-6-B',21,300.00,'2011-10-31'),(1230,'P-4-55',21,300.00,'2011-10-31'),(1231,'P-4-6',21,300.00,'2011-10-31'),(1232,'P-W-3-B',21,300.00,'2011-10-31'),(1233,'P-4-52',21,300.00,'2011-10-31'),(1234,'P-WP-9-B',21,300.00,'2011-10-31'),(1235,'P-WP-1',21,300.00,'2011-10-31'),(1236,'P-4-36',21,300.00,'2011-10-31'),(1237,'P-4-47',21,300.00,'2011-10-31'),(1238,'P-3-21',21,300.00,'2011-10-31'),(1239,'P-4-13',21,300.00,'2011-10-31'),(1240,'P-WP-4-B',21,300.00,'2011-10-31'),(1241,'P-4-76',21,300.00,'2011-10-31'),(1242,'P-4-67-B',21,300.00,'2011-10-31'),(1243,'P-4-81',21,300.00,'2011-10-31'),(1244,'P-1-1',21,300.00,'2011-10-31'),(1245,'P-4-41',21,300.00,'2011-10-31'),(1246,'P-WP-7-A',21,300.00,'2011-10-31'),(1247,'P-4-33',21,300.00,'2011-10-31'),(1248,'P-3-10',21,300.00,'2011-10-31'),(1249,'P-3-11',21,300.00,'2011-10-31'),(1250,'P-4-61',21,300.00,'2011-10-31'),(1251,'P-3-8',21,300.00,'2011-10-31'),(1252,'P-4-31',21,300.00,'2011-10-31'),(1253,'P-4-68',21,300.00,'2011-10-31'),(1254,'P-WP-7-B',21,300.00,'2011-10-31'),(1255,'P-4-63',21,300.00,'2011-10-31'),(1256,'P-WP-6-A',21,300.00,'2011-10-31'),(1257,'LOTE',21,300.00,'2011-10-31'),(1258,'P-4-42',21,300.00,'2011-10-31'),(1259,'P-4-15',21,300.00,'2011-10-31'),(1260,'P-WP-5-B',21,300.00,'2011-10-31'),(1261,'P-4-08',21,300.00,'2011-10-31'),(1262,'P-4-4',21,300.00,'2011-10-31'),(1263,'P-4-29',21,300.00,'2011-10-31'),(1264,'P-4-72',21,300.00,'2011-10-31'),(1265,'P-WP-3-A',21,300.00,'2011-10-31'),(1266,'P-3-29',21,300.00,'2011-10-31'),(1267,'P-4-77',21,300.00,'2011-10-31'),(1268,'P-4-45',21,300.00,'2011-10-31'),(1269,'P-4-44',21,300.00,'2011-10-31'),(1270,'P-WP-3-B',21,300.00,'2011-10-31'),(1271,'P-4-38',21,300.00,'2011-10-31'),(1272,'P-4-73',21,300.00,'2011-10-31'),(1273,'P-4-71',22,600.00,'2011-11-30'),(1274,'P-WP-9-A',22,600.00,'2011-11-30'),(1275,'P-4-7',22,300.00,'2011-11-30'),(1276,'P-4-27',22,600.00,'2011-11-30'),(1277,'P-4-32',22,600.00,'2011-11-30'),(1278,'P-3-19',22,600.00,'2011-11-30'),(1279,'P-4-74',22,600.00,'2011-11-30'),(1280,'P-4-25',22,600.00,'2011-11-30'),(1281,'P-4-30',22,600.00,'2011-11-30'),(1282,'P-3-28',22,600.00,'2011-11-30'),(1283,'P-WP-6-B',22,600.00,'2011-11-30'),(1284,'P-4-55',22,600.00,'2011-11-30'),(1285,'P-4-6',22,300.00,'2011-11-30'),(1286,'P-W-3-B',22,600.00,'2011-11-30'),(1287,'P-4-52',22,600.00,'2011-11-30'),(1288,'P-WP-9-B',22,600.00,'2011-11-30'),(1289,'P-WP-1',22,600.00,'2011-11-30'),(1290,'P-4-36',22,600.00,'2011-11-30'),(1291,'P-4-47',22,600.00,'2011-11-30'),(1292,'P-3-21',22,600.00,'2011-11-30'),(1293,'P-4-13',22,600.00,'2011-11-30'),(1294,'P-WP-4-B',22,600.00,'2011-11-30'),(1295,'P-4-76',22,300.00,'2011-11-30'),(1296,'P-4-67-B',22,600.00,'2011-11-30'),(1297,'P-4-81',22,600.00,'2011-11-30'),(1298,'P-1-1',22,300.00,'2011-11-30'),(1299,'P-4-41',22,300.00,'2011-11-30'),(1300,'P-WP-7-A',22,600.00,'2011-11-30'),(1301,'P-4-33',22,300.00,'2011-11-30'),(1302,'P-3-10',22,600.00,'2011-11-30'),(1303,'P-3-11',22,600.00,'2011-11-30'),(1304,'P-4-61',22,600.00,'2011-11-30'),(1305,'P-3-8',22,600.00,'2011-11-30'),(1306,'P-4-31',22,600.00,'2011-11-30'),(1307,'P-4-68',22,600.00,'2011-11-30'),(1308,'P-WP-7-B',22,600.00,'2011-11-30'),(1309,'P-4-63',22,600.00,'2011-11-30'),(1310,'P-WP-6-A',22,600.00,'2011-11-30'),(1311,'LOTE',22,600.00,'2011-11-30'),(1312,'P-4-42',22,600.00,'2011-11-30'),(1313,'P-4-15',22,600.00,'2011-11-30'),(1314,'P-WP-5-B',22,600.00,'2011-11-30'),(1315,'P-4-08',22,600.00,'2011-11-30'),(1316,'P-4-4',22,600.00,'2011-11-30'),(1317,'P-4-29',22,600.00,'2011-11-30'),(1318,'P-4-72',22,600.00,'2011-11-30'),(1319,'P-WP-3-A',22,600.00,'2011-11-30'),(1320,'P-3-29',22,600.00,'2011-11-30'),(1321,'P-4-77',22,600.00,'2011-11-30'),(1322,'P-4-45',22,600.00,'2011-11-30'),(1323,'P-4-44',22,600.00,'2011-11-30'),(1324,'P-WP-3-B',22,600.00,'2011-11-30'),(1325,'P-4-38',22,600.00,'2011-11-30'),(1326,'P-4-73',22,600.00,'2011-11-30'),(1327,'P-4-71',23,300.00,'2011-12-31'),(1328,'P-WP-9-A',23,300.00,'2011-12-31'),(1329,'P-4-7',23,300.00,'2011-12-31'),(1330,'P-4-27',23,300.00,'2011-12-31'),(1331,'P-4-32',23,300.00,'2011-12-31'),(1332,'P-3-19',23,300.00,'2011-12-31'),(1333,'P-4-74',23,300.00,'2011-12-31'),(1334,'P-4-25',23,300.00,'2011-12-31'),(1335,'P-4-30',23,300.00,'2011-12-31'),(1336,'P-3-28',23,300.00,'2011-12-31'),(1337,'P-WP-6-B',23,300.00,'2011-12-31'),(1338,'P-4-55',23,300.00,'2011-12-31'),(1339,'P-W-3-B',23,300.00,'2011-12-31'),(1340,'P-4-52',23,300.00,'2011-12-31'),(1341,'P-WP-9-B',23,300.00,'2011-12-31'),(1342,'P-WP-1',23,300.00,'2011-12-31'),(1343,'P-4-36',23,300.00,'2011-12-31'),(1344,'P-4-47',23,300.00,'2011-12-31'),(1345,'P-3-21',23,300.00,'2011-12-31'),(1346,'P-4-13',23,300.00,'2011-12-31'),(1347,'P-WP-4-B',23,300.00,'2011-12-31'),(1348,'P-4-76',23,300.00,'2011-12-31'),(1349,'P-4-67-B',23,300.00,'2011-12-31'),(1350,'P-4-81',23,300.00,'2011-12-31'),(1351,'P-1-1',23,300.00,'2011-12-31'),(1352,'P-4-41',23,300.00,'2011-12-31'),(1353,'P-WP-7-A',23,300.00,'2011-12-31'),(1354,'P-3-10',23,300.00,'2011-12-31'),(1355,'P-3-11',23,300.00,'2011-12-31'),(1356,'P-4-61',23,300.00,'2011-12-31'),(1357,'P-3-8',23,300.00,'2011-12-31'),(1358,'P-4-31',23,300.00,'2011-12-31'),(1359,'P-4-68',23,300.00,'2011-12-31'),(1360,'P-WP-7-B',23,300.00,'2011-12-31'),(1361,'P-4-63',23,300.00,'2011-12-31'),(1362,'P-WP-6-A',23,300.00,'2011-12-31'),(1363,'LOTE',23,300.00,'2011-12-31'),(1364,'P-4-42',23,300.00,'2011-12-31'),(1365,'P-4-15',23,300.00,'2011-12-31'),(1366,'P-WP-5-B',23,300.00,'2011-12-31'),(1367,'P-4-08',23,300.00,'2011-12-31'),(1368,'P-4-4',23,300.00,'2011-12-31'),(1369,'P-4-29',23,300.00,'2011-12-31'),(1370,'P-4-72',23,300.00,'2011-12-31'),(1371,'P-WP-3-A',23,300.00,'2011-12-31'),(1372,'P-3-29',23,300.00,'2011-12-31'),(1373,'P-4-77',23,300.00,'2011-12-31'),(1374,'P-4-45',23,300.00,'2011-12-31'),(1375,'P-4-44',23,300.00,'2011-12-31'),(1376,'P-WP-3-B',23,300.00,'2011-12-31'),(1377,'P-4-38',23,300.00,'2011-12-31'),(1378,'P-4-73',23,300.00,'2011-12-31'),(1379,'P-4-71',24,300.00,'2012-01-31'),(1380,'P-WP-9-A',24,300.00,'2012-01-31'),(1381,'P-4-7',24,300.00,'2012-01-31'),(1382,'P-4-27',24,300.00,'2012-01-31'),(1383,'P-4-32',24,300.00,'2012-01-31'),(1384,'P-3-19',24,300.00,'2012-01-31'),(1385,'P-4-74',24,300.00,'2012-01-31'),(1386,'P-4-25',24,300.00,'2012-01-31'),(1387,'P-4-30',24,300.00,'2012-01-31'),(1388,'P-3-28',24,300.00,'2012-01-31'),(1389,'P-WP-6-B',24,300.00,'2012-01-31'),(1390,'P-4-55',24,300.00,'2012-01-31'),(1391,'P-W-3-B',24,300.00,'2012-01-31'),(1392,'P-4-52',24,300.00,'2012-01-31'),(1393,'P-WP-9-B',24,300.00,'2012-01-31'),(1394,'P-WP-1',24,300.00,'2012-01-31'),(1395,'P-4-36',24,300.00,'2012-01-31'),(1396,'P-4-47',24,300.00,'2012-01-31'),(1397,'P-3-21',24,300.00,'2012-01-31'),(1398,'P-4-13',24,300.00,'2012-01-31'),(1399,'P-WP-4-B',24,300.00,'2012-01-31'),(1400,'P-4-76',24,300.00,'2012-01-31'),(1401,'P-4-67-B',24,300.00,'2012-01-31'),(1402,'P-4-81',24,300.00,'2012-01-31'),(1403,'P-1-1',24,300.00,'2012-01-31'),(1404,'P-4-41',24,300.00,'2012-01-31'),(1405,'P-3-10',24,300.00,'2012-01-31'),(1406,'P-3-11',24,300.00,'2012-01-31'),(1407,'P-4-61',24,300.00,'2012-01-31'),(1408,'P-3-8',24,300.00,'2012-01-31'),(1409,'P-4-31',24,200.00,'2012-01-31'),(1410,'P-4-68',24,300.00,'2012-01-31'),(1411,'P-WP-7-B',24,300.00,'2012-01-31'),(1412,'P-4-63',24,300.00,'2012-01-31'),(1413,'P-WP-6-A',24,300.00,'2012-01-31'),(1414,'LOTE',24,300.00,'2012-01-31'),(1415,'P-4-42',24,300.00,'2012-01-31'),(1416,'P-4-15',24,300.00,'2012-01-31'),(1417,'P-WP-5-B',24,300.00,'2012-01-31'),(1418,'P-4-08',24,300.00,'2012-01-31'),(1419,'P-4-4',24,300.00,'2012-01-31'),(1420,'P-4-29',24,300.00,'2012-01-31'),(1421,'P-4-72',24,300.00,'2012-01-31'),(1422,'P-WP-3-A',24,300.00,'2012-01-31'),(1423,'P-3-29',24,300.00,'2012-01-31'),(1424,'P-4-77',24,300.00,'2012-01-31'),(1425,'P-4-45',24,300.00,'2012-01-31'),(1426,'P-4-44',24,300.00,'2012-01-31'),(1427,'P-WP-3-B',24,300.00,'2012-01-31'),(1428,'P-4-38',24,300.00,'2012-01-31'),(1429,'P-4-73',24,300.00,'2012-01-31'),(1430,'P-4-71',25,300.00,'2012-02-29'),(1431,'P-WP-9-A',25,300.00,'2012-02-29'),(1432,'P-4-7',25,300.00,'2012-02-29'),(1433,'P-4-27',25,300.00,'2012-02-29'),(1434,'P-4-32',25,300.00,'2012-02-29'),(1435,'P-3-19',25,300.00,'2012-02-29'),(1436,'P-4-74',25,300.00,'2012-02-29'),(1437,'P-4-25',25,300.00,'2012-02-29'),(1438,'P-4-30',25,200.00,'2012-02-29'),(1439,'P-3-28',25,300.00,'2012-02-29'),(1440,'P-WP-6-B',25,300.00,'2012-02-29'),(1441,'P-4-55',25,300.00,'2012-02-29'),(1442,'P-W-3-B',25,300.00,'2012-02-29'),(1443,'P-4-52',25,300.00,'2012-02-29'),(1444,'P-WP-9-B',25,300.00,'2012-02-29'),(1445,'P-WP-1',25,300.00,'2012-02-29'),(1446,'P-4-36',25,300.00,'2012-02-29'),(1447,'P-4-47',25,300.00,'2012-02-29'),(1448,'P-3-21',25,300.00,'2012-02-29'),(1449,'P-4-13',25,300.00,'2012-02-29'),(1450,'P-WP-4-B',25,300.00,'2012-02-29'),(1451,'P-4-76',25,300.00,'2012-02-29'),(1452,'P-4-67-B',25,300.00,'2012-02-29'),(1453,'P-4-81',25,300.00,'2012-02-29'),(1454,'P-1-1',25,300.00,'2012-02-29'),(1455,'P-4-41',25,300.00,'2012-02-29'),(1456,'P-3-10',25,300.00,'2012-02-29'),(1457,'P-3-11',25,300.00,'2012-02-29'),(1458,'P-4-61',25,300.00,'2012-02-29'),(1459,'P-3-8',25,300.00,'2012-02-29'),(1460,'P-4-68',25,300.00,'2012-02-29'),(1461,'P-WP-7-B',25,300.00,'2012-02-29'),(1462,'P-4-63',25,300.00,'2012-02-29'),(1463,'P-WP-6-A',25,300.00,'2012-02-29'),(1464,'LOTE',25,79.00,'2012-02-29'),(1465,'P-4-42',25,300.00,'2012-02-29'),(1466,'P-4-15',25,300.00,'2012-02-29'),(1467,'P-WP-5-B',25,300.00,'2012-02-29'),(1468,'P-4-08',25,300.00,'2012-02-29'),(1469,'P-4-4',25,300.00,'2012-02-29'),(1470,'P-4-29',25,300.00,'2012-02-29'),(1471,'P-4-72',25,300.00,'2012-02-29'),(1472,'P-WP-3-A',25,300.00,'2012-02-29'),(1473,'P-3-29',25,300.00,'2012-02-29'),(1474,'P-4-77',25,300.00,'2012-02-29'),(1475,'P-4-45',25,300.00,'2012-02-29'),(1476,'P-4-44',25,300.00,'2012-02-29'),(1477,'P-WP-3-B',25,300.00,'2012-02-29'),(1478,'P-4-38',25,300.00,'2012-02-29'),(1479,'P-4-73',25,300.00,'2012-02-29'),(1480,'P-4-71',26,300.00,'2012-03-31'),(1481,'P-WP-9-A',26,300.00,'2012-03-31'),(1482,'P-4-7',26,300.00,'2012-03-31'),(1483,'P-4-27',26,300.00,'2012-03-31'),(1484,'P-4-32',26,300.00,'2012-03-31'),(1485,'P-3-19',26,300.00,'2012-03-31'),(1486,'P-4-25',26,300.00,'2012-03-31'),(1487,'P-4-30',26,300.00,'2012-03-31'),(1488,'P-3-28',26,300.00,'2012-03-31'),(1489,'P-WP-6-B',26,300.00,'2012-03-31'),(1490,'P-4-55',26,300.00,'2012-03-31'),(1491,'P-W-3-B',26,300.00,'2012-03-31'),(1492,'P-4-52',26,300.00,'2012-03-31'),(1493,'P-WP-9-B',26,300.00,'2012-03-31'),(1494,'P-WP-1',26,300.00,'2012-03-31'),(1495,'P-4-36',26,300.00,'2012-03-31'),(1496,'P-4-47',26,300.00,'2012-03-31'),(1497,'P-3-21',26,300.00,'2012-03-31'),(1498,'P-4-13',26,300.00,'2012-03-31'),(1499,'P-WP-4-B',26,300.00,'2012-03-31'),(1500,'P-4-76',26,300.00,'2012-03-31'),(1501,'P-4-67-B',26,300.00,'2012-03-31'),(1502,'P-4-81',26,300.00,'2012-03-31'),(1503,'P-1-1',26,300.00,'2012-03-31'),(1504,'P-4-41',26,300.00,'2012-03-31'),(1505,'P-3-10',26,300.00,'2012-03-31'),(1506,'P-3-11',26,300.00,'2012-03-31'),(1507,'P-4-61',26,300.00,'2012-03-31'),(1508,'P-3-8',26,300.00,'2012-03-31'),(1509,'P-4-68',26,300.00,'2012-03-31'),(1510,'P-WP-7-B',26,300.00,'2012-03-31'),(1511,'P-4-63',26,300.00,'2012-03-31'),(1512,'P-WP-6-A',26,300.00,'2012-03-31'),(1513,'P-4-42',26,300.00,'2012-03-31'),(1514,'P-4-15',26,300.00,'2012-03-31'),(1515,'P-WP-5-B',26,300.00,'2012-03-31'),(1516,'P-4-08',26,300.00,'2012-03-31'),(1517,'P-4-4',26,300.00,'2012-03-31'),(1518,'P-4-29',26,300.00,'2012-03-31'),(1519,'P-4-72',26,300.00,'2012-03-31'),(1520,'P-WP-3-A',26,300.00,'2012-03-31'),(1521,'P-3-29',26,300.00,'2012-03-31'),(1522,'P-4-77',26,300.00,'2012-03-31'),(1523,'P-4-45',26,300.00,'2012-03-31'),(1524,'P-4-44',26,300.00,'2012-03-31'),(1525,'P-WP-3-B',26,300.00,'2012-03-31'),(1526,'P-4-38',26,300.00,'2012-03-31'),(1527,'P-4-73',26,300.00,'2012-03-31'),(1528,'P-4-71',27,300.00,'2012-04-30'),(1529,'P-WP-9-A',27,300.00,'2012-04-30'),(1530,'P-4-7',27,300.00,'2012-04-30'),(1531,'P-4-27',27,300.00,'2012-04-30'),(1532,'P-4-32',27,300.00,'2012-04-30'),(1533,'P-3-19',27,300.00,'2012-04-30'),(1534,'P-4-25',27,300.00,'2012-04-30'),(1535,'P-4-30',27,300.00,'2012-04-30'),(1536,'P-3-28',27,300.00,'2012-04-30'),(1537,'P-WP-6-B',27,300.00,'2012-04-30'),(1538,'P-4-55',27,300.00,'2012-04-30'),(1539,'P-W-3-B',27,300.00,'2012-04-30'),(1540,'P-4-52',27,300.00,'2012-04-30'),(1541,'P-WP-9-B',27,30.00,'2012-04-30'),(1542,'P-WP-1',27,300.00,'2012-04-30'),(1543,'P-4-36',27,300.00,'2012-04-30'),(1544,'P-4-47',27,300.00,'2012-04-30'),(1545,'P-3-21',27,300.00,'2012-04-30'),(1546,'P-4-13',27,300.00,'2012-04-30'),(1547,'P-WP-4-B',27,300.00,'2012-04-30'),(1548,'P-4-76',27,200.00,'2012-04-30'),(1549,'P-4-67-B',27,300.00,'2012-04-30'),(1550,'P-4-81',27,300.00,'2012-04-30'),(1551,'P-1-1',27,300.00,'2012-04-30'),(1552,'P-4-41',27,300.00,'2012-04-30'),(1553,'P-3-10',27,300.00,'2012-04-30'),(1554,'P-3-11',27,300.00,'2012-04-30'),(1555,'P-4-61',27,300.00,'2012-04-30'),(1556,'P-3-8',27,300.00,'2012-04-30'),(1557,'P-4-68',27,300.00,'2012-04-30'),(1558,'P-WP-7-B',27,300.00,'2012-04-30'),(1559,'P-4-63',27,300.00,'2012-04-30'),(1560,'P-WP-6-A',27,300.00,'2012-04-30'),(1561,'P-4-42',27,300.00,'2012-04-30'),(1562,'P-4-15',27,300.00,'2012-04-30'),(1563,'P-WP-5-B',27,300.00,'2012-04-30'),(1564,'P-4-08',27,300.00,'2012-04-30'),(1565,'P-4-4',27,300.00,'2012-04-30'),(1566,'P-4-29',27,300.00,'2012-04-30'),(1567,'P-4-72',27,300.00,'2012-04-30'),(1568,'P-WP-3-A',27,300.00,'2012-04-30'),(1569,'P-3-29',27,300.00,'2012-04-30'),(1570,'P-4-77',27,300.00,'2012-04-30'),(1571,'P-4-45',27,300.00,'2012-04-30'),(1572,'P-4-44',27,300.00,'2012-04-30'),(1573,'P-WP-3-B',27,300.00,'2012-04-30'),(1574,'P-4-38',27,300.00,'2012-04-30'),(1575,'P-4-73',27,300.00,'2012-04-30'),(1576,'P-WP-9-A',28,300.00,'2012-05-31'),(1577,'P-4-7',28,300.00,'2012-05-31'),(1578,'P-4-27',28,300.00,'2012-05-31'),(1579,'P-4-32',28,300.00,'2012-05-31'),(1580,'P-3-19',28,300.00,'2012-05-31'),(1581,'P-4-25',28,300.00,'2012-05-31'),(1582,'P-4-30',28,300.00,'2012-05-31'),(1583,'P-3-28',28,300.00,'2012-05-31'),(1584,'P-4-55',28,300.00,'2012-05-31'),(1585,'P-W-3-B',28,300.00,'2012-05-31'),(1586,'P-4-52',28,300.00,'2012-05-31'),(1587,'P-WP-9-B',28,300.00,'2012-05-31'),(1588,'P-WP-1',28,300.00,'2012-05-31'),(1589,'P-4-36',28,300.00,'2012-05-31'),(1590,'P-4-47',28,300.00,'2012-05-31'),(1591,'P-3-21',28,300.00,'2012-05-31'),(1592,'P-4-13',28,300.00,'2012-05-31'),(1593,'P-WP-4-B',28,300.00,'2012-05-31'),(1594,'P-4-76',28,300.00,'2012-05-31'),(1595,'P-4-67-B',28,300.00,'2012-05-31'),(1596,'P-4-81',28,300.00,'2012-05-31'),(1597,'P-1-1',28,300.00,'2012-05-31'),(1598,'P-4-41',28,300.00,'2012-05-31'),(1599,'P-3-10',28,300.00,'2012-05-31'),(1600,'P-3-11',28,300.00,'2012-05-31'),(1601,'P-4-61',28,300.00,'2012-05-31'),(1602,'P-3-8',28,300.00,'2012-05-31'),(1603,'P-4-68',28,300.00,'2012-05-31'),(1604,'P-WP-7-B',28,300.00,'2012-05-31'),(1605,'P-4-63',28,300.00,'2012-05-31'),(1606,'P-WP-6-A',28,300.00,'2012-05-31'),(1607,'P-4-42',28,300.00,'2012-05-31'),(1608,'P-4-15',28,300.00,'2012-05-31'),(1609,'P-WP-5-B',28,300.00,'2012-05-31'),(1610,'P-4-08',28,300.00,'2012-05-31'),(1611,'P-4-4',28,300.00,'2012-05-31'),(1612,'P-4-29',28,300.00,'2012-05-31'),(1613,'P-4-72',28,300.00,'2012-05-31'),(1614,'P-WP-3-A',28,300.00,'2012-05-31'),(1615,'P-3-29',28,300.00,'2012-05-31'),(1616,'P-4-77',28,300.00,'2012-05-31'),(1617,'P-4-45',28,300.00,'2012-05-31'),(1618,'P-4-44',28,300.00,'2012-05-31'),(1619,'P-WP-3-B',28,300.00,'2012-05-31'),(1620,'P-4-38',28,300.00,'2012-05-31'),(1621,'P-4-73',28,300.00,'2012-05-31'),(1622,'P-WP-9-A',29,300.00,'2012-06-30'),(1623,'P-4-7',29,300.00,'2012-06-30'),(1624,'P-4-27',29,300.00,'2012-06-30'),(1625,'P-4-32',29,300.00,'2012-06-30'),(1626,'P-3-19',29,300.00,'2012-06-30'),(1627,'P-4-25',29,300.00,'2012-06-30'),(1628,'P-4-30',29,300.00,'2012-06-30'),(1629,'P-3-28',29,300.00,'2012-06-30'),(1630,'P-4-55',29,300.00,'2012-06-30'),(1631,'P-W-3-B',29,300.00,'2012-06-30'),(1632,'P-4-52',29,300.00,'2012-06-30'),(1633,'P-WP-9-B',29,300.00,'2012-06-30'),(1634,'P-WP-1',29,200.00,'2012-06-30'),(1635,'P-4-36',29,300.00,'2012-06-30'),(1636,'P-4-47',29,300.00,'2012-06-30'),(1637,'P-3-21',29,300.00,'2012-06-30'),(1638,'P-4-13',29,300.00,'2012-06-30'),(1639,'P-WP-4-B',29,300.00,'2012-06-30'),(1640,'P-4-76',29,300.00,'2012-06-30'),(1641,'P-4-67-B',29,300.00,'2012-06-30'),(1642,'P-4-81',29,300.00,'2012-06-30'),(1643,'P-1-1',29,300.00,'2012-06-30'),(1644,'P-4-41',29,300.00,'2012-06-30'),(1645,'P-3-10',29,300.00,'2012-06-30'),(1646,'P-3-11',29,300.00,'2012-06-30'),(1647,'P-4-61',29,300.00,'2012-06-30'),(1648,'P-3-8',29,300.00,'2012-06-30'),(1649,'P-4-68',29,300.00,'2012-06-30'),(1650,'P-WP-7-B',29,300.00,'2012-06-30'),(1651,'P-4-63',29,300.00,'2012-06-30'),(1652,'P-WP-6-A',29,300.00,'2012-06-30'),(1653,'P-4-42',29,300.00,'2012-06-30'),(1654,'P-4-15',29,300.00,'2012-06-30'),(1655,'P-WP-5-B',29,300.00,'2012-06-30'),(1656,'P-4-08',29,300.00,'2012-06-30'),(1657,'P-4-4',29,300.00,'2012-06-30'),(1658,'P-4-29',29,300.00,'2012-06-30'),(1659,'P-4-72',29,300.00,'2012-06-30'),(1660,'P-WP-3-A',29,300.00,'2012-06-30'),(1661,'P-3-29',29,300.00,'2012-06-30'),(1662,'P-4-77',29,300.00,'2012-06-30'),(1663,'P-4-45',29,300.00,'2012-06-30'),(1664,'P-4-44',29,300.00,'2012-06-30'),(1665,'P-WP-3-B',29,300.00,'2012-06-30'),(1666,'P-4-38',29,300.00,'2012-06-30'),(1667,'P-4-73',29,300.00,'2012-06-30'),(1668,'P-4-71',30,300.00,'2012-07-31'),(1669,'P-WP-9-A',30,300.00,'2012-07-31'),(1670,'P-4-7',30,300.00,'2012-07-31'),(1671,'P-4-27',30,300.00,'2012-07-31'),(1672,'P-4-32',30,300.00,'2012-07-31'),(1673,'P-3-19',30,300.00,'2012-07-31'),(1674,'P-4-25',30,300.00,'2012-07-31'),(1675,'P-4-30',30,300.00,'2012-07-31'),(1676,'P-3-28',30,300.00,'2012-07-31'),(1677,'P-4-55',30,300.00,'2012-07-31'),(1678,'P-W-3-B',30,300.00,'2012-07-31'),(1679,'P-4-52',30,300.00,'2012-07-31'),(1680,'P-WP-9-B',30,254.00,'2012-07-31'),(1681,'P-WP-1',30,300.00,'2012-07-31'),(1682,'P-4-36',30,300.00,'2012-07-31'),(1683,'P-4-47',30,300.00,'2012-07-31'),(1684,'P-3-21',30,300.00,'2012-07-31'),(1685,'P-4-13',30,300.00,'2012-07-31'),(1686,'P-WP-4-B',30,300.00,'2012-07-31'),(1687,'P-4-76',30,300.00,'2012-07-31'),(1688,'P-4-67-B',30,300.00,'2012-07-31'),(1689,'P-4-81',30,300.00,'2012-07-31'),(1690,'P-1-1',30,300.00,'2012-07-31'),(1691,'P-4-41',30,300.00,'2012-07-31'),(1692,'P-3-10',30,300.00,'2012-07-31'),(1693,'P-3-11',30,300.00,'2012-07-31'),(1694,'P-4-61',30,300.00,'2012-07-31'),(1695,'P-3-8',30,300.00,'2012-07-31'),(1696,'P-4-31',30,300.00,'2012-07-31'),(1697,'P-4-68',30,300.00,'2012-07-31'),(1698,'P-WP-7-B',30,300.00,'2012-07-31'),(1699,'P-4-63',30,300.00,'2012-07-31'),(1700,'P-WP-6-A',30,300.00,'2012-07-31'),(1701,'P-4-42',30,300.00,'2012-07-31'),(1702,'P-4-15',30,300.00,'2012-07-31'),(1703,'P-WP-5-B',30,300.00,'2012-07-31'),(1704,'P-4-08',30,300.00,'2012-07-31'),(1705,'P-4-4',30,300.00,'2012-07-31'),(1706,'P-4-29',30,300.00,'2012-07-31'),(1707,'P-4-72',30,300.00,'2012-07-31'),(1708,'P-WP-3-A',30,300.00,'2012-07-31'),(1709,'P-3-29',30,300.00,'2012-07-31'),(1710,'P-4-77',30,300.00,'2012-07-31'),(1711,'P-4-45',30,300.00,'2012-07-31'),(1712,'P-4-44',30,300.00,'2012-07-31'),(1713,'P-WP-3-B',30,300.00,'2012-07-31'),(1714,'P-4-38',30,300.00,'2012-07-31'),(1715,'P-4-73',30,300.00,'2012-07-31'),(1716,'P-4-71',31,300.00,'2012-08-31'),(1717,'P-WP-9-A',31,300.00,'2012-08-31'),(1718,'P-4-7',31,300.00,'2012-08-31'),(1719,'P-4-27',31,300.00,'2012-08-31'),(1720,'P-4-32',31,300.00,'2012-08-31'),(1721,'P-3-19',31,300.00,'2012-08-31'),(1722,'P-4-25',31,300.00,'2012-08-31'),(1723,'P-4-30',31,300.00,'2012-08-31'),(1724,'P-3-28',31,300.00,'2012-08-31'),(1725,'P-4-55',31,300.00,'2012-08-31'),(1726,'P-W-3-B',31,300.00,'2012-08-31'),(1727,'P-4-52',31,300.00,'2012-08-31'),(1728,'P-WP-9-B',31,300.00,'2012-08-31'),(1729,'P-WP-1',31,300.00,'2012-08-31'),(1730,'P-4-36',31,300.00,'2012-08-31'),(1731,'P-4-47',31,300.00,'2012-08-31'),(1732,'P-3-21',31,300.00,'2012-08-31'),(1733,'P-4-13',31,300.00,'2012-08-31'),(1734,'P-WP-4-B',31,300.00,'2012-08-31'),(1735,'P-4-76',31,300.00,'2012-08-31'),(1736,'P-4-67-B',31,300.00,'2012-08-31'),(1737,'P-4-81',31,300.00,'2012-08-31'),(1738,'P-1-1',31,300.00,'2012-08-31'),(1739,'P-4-41',31,300.00,'2012-08-31'),(1740,'P-3-10',31,300.00,'2012-08-31'),(1741,'P-3-11',31,300.00,'2012-08-31'),(1742,'P-4-61',31,300.00,'2012-08-31'),(1743,'P-3-8',31,300.00,'2012-08-31'),(1744,'P-4-31',31,300.00,'2012-08-31'),(1745,'P-4-68',31,300.00,'2012-08-31'),(1746,'P-WP-7-B',31,300.00,'2012-08-31'),(1747,'P-4-63',31,300.00,'2012-08-31'),(1748,'P-WP-6-A',31,300.00,'2012-08-31'),(1749,'P-4-42',31,300.00,'2012-08-31'),(1750,'P-WP-5-B',31,300.00,'2012-08-31'),(1751,'P-4-08',31,300.00,'2012-08-31'),(1752,'P-4-4',31,300.00,'2012-08-31'),(1753,'P-4-29',31,300.00,'2012-08-31'),(1754,'P-4-72',31,300.00,'2012-08-31'),(1755,'P-WP-3-A',31,300.00,'2012-08-31'),(1756,'P-3-29',31,300.00,'2012-08-31'),(1757,'P-4-77',31,300.00,'2012-08-31'),(1758,'P-4-45',31,300.00,'2012-08-31'),(1759,'P-4-44',31,300.00,'2012-08-31'),(1760,'P-WP-3-B',31,300.00,'2012-08-31'),(1761,'P-4-38',31,300.00,'2012-08-31'),(1762,'P-4-73',31,300.00,'2012-08-31'),(1763,'P-4-71',32,300.00,'2012-09-30'),(1764,'P-WP-9-A',32,300.00,'2012-09-30'),(1765,'P-4-7',32,300.00,'2012-09-30'),(1766,'P-4-27',32,300.00,'2012-09-30'),(1767,'P-4-32',32,300.00,'2012-09-30'),(1768,'P-3-19',32,300.00,'2012-09-30'),(1769,'P-4-25',32,300.00,'2012-09-30'),(1770,'P-4-30',32,300.00,'2012-09-30'),(1771,'P-3-28',32,300.00,'2012-09-30'),(1772,'P-4-55',32,300.00,'2012-09-30'),(1773,'P-W-3-B',32,300.00,'2012-09-30'),(1774,'P-4-52',32,300.00,'2012-09-30'),(1775,'P-WP-9-B',32,300.00,'2012-09-30'),(1776,'P-WP-1',32,300.00,'2012-09-30'),(1777,'P-4-36',32,300.00,'2012-09-30'),(1778,'P-4-47',32,300.00,'2012-09-30'),(1779,'P-3-21',32,300.00,'2012-09-30'),(1780,'P-4-13',32,300.00,'2012-09-30'),(1781,'P-WP-4-B',32,300.00,'2012-09-30'),(1782,'P-4-76',32,300.00,'2012-09-30'),(1783,'P-4-67-B',32,300.00,'2012-09-30'),(1784,'P-4-81',32,300.00,'2012-09-30'),(1785,'P-1-1',32,300.00,'2012-09-30'),(1786,'P-4-41',32,300.00,'2012-09-30'),(1787,'P-3-10',32,300.00,'2012-09-30'),(1788,'P-3-11',32,300.00,'2012-09-30'),(1789,'P-4-61',32,300.00,'2012-09-30'),(1790,'P-3-8',32,300.00,'2012-09-30'),(1791,'P-4-31',32,300.00,'2012-09-30'),(1792,'P-4-68',32,300.00,'2012-09-30'),(1793,'P-WP-7-B',32,300.00,'2012-09-30'),(1794,'P-4-63',32,300.00,'2012-09-30'),(1795,'P-WP-6-A',32,300.00,'2012-09-30'),(1796,'P-4-42',32,300.00,'2012-09-30'),(1797,'P-WP-5-B',32,300.00,'2012-09-30'),(1798,'P-4-08',32,300.00,'2012-09-30'),(1799,'P-4-4',32,300.00,'2012-09-30'),(1800,'P-4-29',32,300.00,'2012-09-30'),(1801,'P-4-72',32,300.00,'2012-09-30'),(1802,'P-WP-3-A',32,300.00,'2012-09-30'),(1803,'P-3-29',32,300.00,'2012-09-30'),(1804,'P-4-77',32,300.00,'2012-09-30'),(1805,'P-4-45',32,300.00,'2012-09-30'),(1806,'P-4-44',32,300.00,'2012-09-30'),(1807,'P-WP-3-B',32,300.00,'2012-09-30'),(1808,'P-4-38',32,300.00,'2012-09-30'),(1809,'P-4-73',32,300.00,'2012-09-30'),(1810,'P-4-71',33,300.00,'2012-10-31'),(1811,'P-WP-9-A',33,300.00,'2012-10-31'),(1812,'P-4-7',33,300.00,'2012-10-31'),(1813,'P-4-27',33,300.00,'2012-10-31'),(1814,'P-4-32',33,300.00,'2012-10-31'),(1815,'P-3-19',33,300.00,'2012-10-31'),(1816,'P-4-25',33,300.00,'2012-10-31'),(1817,'P-4-30',33,300.00,'2012-10-31'),(1818,'P-3-28',33,300.00,'2012-10-31'),(1819,'P-4-55',33,300.00,'2012-10-31'),(1820,'P-W-3-B',33,300.00,'2012-10-31'),(1821,'P-4-52',33,300.00,'2012-10-31'),(1822,'P-WP-9-B',33,300.00,'2012-10-31'),(1823,'P-WP-1',33,300.00,'2012-10-31'),(1824,'P-4-36',33,300.00,'2012-10-31'),(1825,'P-4-47',33,300.00,'2012-10-31'),(1826,'P-3-21',33,300.00,'2012-10-31'),(1827,'P-4-13',33,300.00,'2012-10-31'),(1828,'P-WP-4-B',33,300.00,'2012-10-31'),(1829,'P-4-76',33,300.00,'2012-10-31'),(1830,'P-4-67-B',33,300.00,'2012-10-31'),(1831,'P-4-81',33,300.00,'2012-10-31'),(1832,'P-1-1',33,300.00,'2012-10-31'),(1833,'P-4-41',33,300.00,'2012-10-31'),(1834,'P-3-10',33,300.00,'2012-10-31'),(1835,'P-3-11',33,300.00,'2012-10-31'),(1836,'P-4-61',33,300.00,'2012-10-31'),(1837,'P-3-8',33,300.00,'2012-10-31'),(1838,'P-4-31',33,300.00,'2012-10-31'),(1839,'P-4-68',33,300.00,'2012-10-31'),(1840,'P-WP-7-B',33,300.00,'2012-10-31'),(1841,'P-4-63',33,300.00,'2012-10-31'),(1842,'P-WP-6-A',33,300.00,'2012-10-31'),(1843,'P-4-42',33,300.00,'2012-10-31'),(1844,'P-WP-5-B',33,300.00,'2012-10-31'),(1845,'P-4-08',33,300.00,'2012-10-31'),(1846,'P-4-4',33,300.00,'2012-10-31'),(1847,'P-4-29',33,300.00,'2012-10-31'),(1848,'P-4-72',33,300.00,'2012-10-31'),(1849,'P-WP-3-A',33,300.00,'2012-10-31'),(1850,'P-3-29',33,300.00,'2012-10-31'),(1851,'P-4-77',33,300.00,'2012-10-31'),(1852,'P-4-45',33,300.00,'2012-10-31'),(1853,'P-4-44',33,300.00,'2012-10-31'),(1854,'P-WP-3-B',33,300.00,'2012-10-31'),(1855,'P-4-38',33,300.00,'2012-10-31'),(1856,'P-4-73',33,300.00,'2012-10-31'),(1857,'P-4-71',34,600.00,'2012-11-30'),(1858,'P-WP-9-A',34,300.00,'2012-11-30'),(1859,'P-4-7',34,600.00,'2012-11-30'),(1860,'P-4-27',34,600.00,'2012-11-30'),(1861,'P-4-32',34,600.00,'2012-11-30'),(1862,'P-3-19',34,600.00,'2012-11-30'),(1863,'P-4-25',34,600.00,'2012-11-30'),(1864,'P-4-30',34,600.00,'2012-11-30'),(1865,'P-3-28',34,600.00,'2012-11-30'),(1866,'P-4-55',34,600.00,'2012-11-30'),(1867,'P-W-3-B',34,600.00,'2012-11-30'),(1868,'P-4-52',34,600.00,'2012-11-30'),(1869,'P-WP-9-B',34,300.00,'2012-11-30'),(1870,'P-WP-1',34,600.00,'2012-11-30'),(1871,'P-4-36',34,600.00,'2012-11-30'),(1872,'P-4-47',34,600.00,'2012-11-30'),(1873,'P-3-21',34,600.00,'2012-11-30'),(1874,'P-4-13',34,600.00,'2012-11-30'),(1875,'P-WP-4-B',34,600.00,'2012-11-30'),(1876,'P-4-76',34,600.00,'2012-11-30'),(1877,'P-4-67-B',34,300.00,'2012-11-30'),(1878,'P-4-81',34,600.00,'2012-11-30'),(1879,'P-1-1',34,600.00,'2012-11-30'),(1880,'P-4-41',34,600.00,'2012-11-30'),(1881,'P-3-10',34,600.00,'2012-11-30'),(1882,'P-3-11',34,600.00,'2012-11-30'),(1883,'P-4-61',34,580.00,'2012-11-30'),(1884,'P-3-8',34,600.00,'2012-11-30'),(1885,'P-4-31',34,600.00,'2012-11-30'),(1886,'P-4-68',34,600.00,'2012-11-30'),(1887,'P-WP-7-B',34,600.00,'2012-11-30'),(1888,'P-4-63',34,600.00,'2012-11-30'),(1889,'P-WP-6-A',34,600.00,'2012-11-30'),(1890,'P-4-42',34,600.00,'2012-11-30'),(1891,'P-WP-5-B',34,600.00,'2012-11-30'),(1892,'P-4-08',34,600.00,'2012-11-30'),(1893,'P-4-4',34,600.00,'2012-11-30'),(1894,'P-4-29',34,600.00,'2012-11-30'),(1895,'P-4-72',34,600.00,'2012-11-30'),(1896,'P-WP-3-A',34,600.00,'2012-11-30'),(1897,'P-3-29',34,600.00,'2012-11-30'),(1898,'P-4-77',34,600.00,'2012-11-30'),(1899,'P-4-45',34,600.00,'2012-11-30'),(1900,'P-4-44',34,600.00,'2012-11-30'),(1901,'P-WP-3-B',34,600.00,'2012-11-30'),(1902,'P-4-38',34,600.00,'2012-11-30'),(1903,'P-4-73',34,600.00,'2012-11-30'),(1904,'P-4-71',35,300.00,'2012-12-31'),(1905,'P-4-7',35,300.00,'2012-12-31'),(1906,'P-4-27',35,300.00,'2012-12-31'),(1907,'P-4-32',35,300.00,'2012-12-31'),(1908,'P-3-19',35,300.00,'2012-12-31'),(1909,'P-4-25',35,300.00,'2012-12-31'),(1910,'P-4-30',35,300.00,'2012-12-31'),(1911,'P-3-28',35,300.00,'2012-12-31'),(1912,'P-4-55',35,300.00,'2012-12-31'),(1913,'P-W-3-B',35,300.00,'2012-12-31'),(1914,'P-4-52',35,300.00,'2012-12-31'),(1915,'P-WP-9-B',35,300.00,'2012-12-31'),(1916,'P-WP-1',35,300.00,'2012-12-31'),(1917,'P-4-36',35,300.00,'2012-12-31'),(1918,'P-4-47',35,300.00,'2012-12-31'),(1919,'P-3-21',35,300.00,'2012-12-31'),(1920,'P-4-13',35,300.00,'2012-12-31'),(1921,'P-WP-4-B',35,300.00,'2012-12-31'),(1922,'P-4-76',35,300.00,'2012-12-31'),(1923,'P-4-81',35,300.00,'2012-12-31'),(1924,'P-1-1',35,300.00,'2012-12-31'),(1925,'P-4-41',35,300.00,'2012-12-31'),(1926,'P-3-10',35,300.00,'2012-12-31'),(1927,'P-3-11',35,300.00,'2012-12-31'),(1928,'P-4-61',35,300.00,'2012-12-31'),(1929,'P-3-8',35,300.00,'2012-12-31'),(1930,'P-4-31',35,300.00,'2012-12-31'),(1931,'P-4-68',35,300.00,'2012-12-31'),(1932,'P-WP-7-B',35,300.00,'2012-12-31'),(1933,'P-4-63',35,300.00,'2012-12-31'),(1934,'P-WP-6-A',35,300.00,'2012-12-31'),(1935,'P-4-42',35,300.00,'2012-12-31'),(1936,'P-WP-5-B',35,600.00,'2012-12-31'),(1937,'P-4-08',35,300.00,'2012-12-31'),(1938,'P-4-4',35,300.00,'2012-12-31'),(1939,'P-4-29',35,300.00,'2012-12-31'),(1940,'P-WP-3-A',35,300.00,'2012-12-31'),(1941,'P-3-29',35,300.00,'2012-12-31'),(1942,'P-4-77',35,300.00,'2012-12-31'),(1943,'P-4-45',35,300.00,'2012-12-31'),(1944,'P-4-44',35,300.00,'2012-12-31'),(1945,'P-WP-3-B',35,300.00,'2012-12-31'),(1946,'P-4-38',35,300.00,'2012-12-31'),(1947,'P-4-73',35,300.00,'2012-12-31'),(1948,'P-4-71',36,300.00,'2013-01-31'),(1949,'P-4-7',36,300.00,'2013-01-31'),(1950,'P-4-27',36,300.00,'2013-01-31'),(1951,'P-4-32',36,300.00,'2013-01-31'),(1952,'P-3-19',36,300.00,'2013-01-31'),(1953,'P-4-25',36,300.00,'2013-01-31'),(1954,'P-3-28',36,300.00,'2013-01-31'),(1955,'P-4-55',36,300.00,'2013-01-31'),(1956,'P-4-52',36,300.00,'2013-01-31'),(1957,'P-WP-9-B',36,300.00,'2013-01-31'),(1958,'P-WP-1',36,300.00,'2013-01-31'),(1959,'P-4-36',36,300.00,'2013-01-31'),(1960,'P-4-47',36,300.00,'2013-01-31'),(1961,'P-3-21',36,300.00,'2013-01-31'),(1962,'P-4-13',36,300.00,'2013-01-31'),(1963,'P-WP-4-B',36,300.00,'2013-01-31'),(1964,'P-4-76',36,300.00,'2013-01-31'),(1965,'P-4-81',36,300.00,'2013-01-31'),(1966,'P-1-1',36,300.00,'2013-01-31'),(1967,'P-4-41',36,300.00,'2013-01-31'),(1968,'P-3-10',36,300.00,'2013-01-31'),(1969,'P-3-11',36,300.00,'2013-01-31'),(1970,'P-3-8',36,300.00,'2013-01-31'),(1971,'P-4-68',36,300.00,'2013-01-31'),(1972,'P-WP-7-B',36,300.00,'2013-01-31'),(1973,'P-4-63',36,300.00,'2013-01-31'),(1974,'P-WP-6-A',36,300.00,'2013-01-31'),(1975,'P-4-42',36,300.00,'2013-01-31'),(1976,'P-WP-5-B',36,300.00,'2013-01-31'),(1977,'P-4-08',36,300.00,'2013-01-31'),(1978,'P-4-4',36,300.00,'2013-01-31'),(1979,'P-4-29',36,300.00,'2013-01-31'),(1980,'P-WP-3-A',36,300.00,'2013-01-31'),(1981,'P-3-29',36,300.00,'2013-01-31'),(1982,'P-4-77',36,300.00,'2013-01-31'),(1983,'P-4-44',36,300.00,'2013-01-31'),(1984,'P-WP-3-B',36,300.00,'2013-01-31'),(1985,'P-4-38',36,300.00,'2013-01-31'),(1986,'P-4-73',36,300.00,'2013-01-31'),(1987,'P-4-71',37,300.00,'2013-02-28'),(1988,'P-4-7',37,300.00,'2013-02-28'),(1989,'P-4-27',37,300.00,'2013-02-28'),(1990,'P-4-32',37,300.00,'2013-02-28'),(1991,'P-4-25',37,300.00,'2013-02-28'),(1992,'P-4-55',37,300.00,'2013-02-28'),(1993,'P-4-52',37,300.00,'2013-02-28'),(1994,'P-WP-9-B',37,300.00,'2013-02-28'),(1995,'P-WP-1',37,300.00,'2013-02-28'),(1996,'P-4-36',37,300.00,'2013-02-28'),(1997,'P-4-47',37,300.00,'2013-02-28'),(1998,'P-3-21',37,300.00,'2013-02-28'),(1999,'P-4-13',37,300.00,'2013-02-28'),(2000,'P-WP-4-B',37,300.00,'2013-02-28'),(2001,'P-4-76',37,300.00,'2013-02-28'),(2002,'P-4-81',37,300.00,'2013-02-28'),(2003,'P-1-1',37,300.00,'2013-02-28'),(2004,'P-4-41',37,300.00,'2013-02-28'),(2005,'P-3-10',37,300.00,'2013-02-28'),(2006,'P-3-11',37,300.00,'2013-02-28'),(2007,'P-3-8',37,300.00,'2013-02-28'),(2008,'P-4-68',37,300.00,'2013-02-28'),(2009,'P-WP-7-B',37,300.00,'2013-02-28'),(2010,'P-4-63',37,300.00,'2013-02-28'),(2011,'P-WP-6-A',37,300.00,'2013-02-28'),(2012,'P-4-42',37,300.00,'2013-02-28'),(2013,'P-WP-5-B',37,300.00,'2013-02-28'),(2014,'P-4-08',37,300.00,'2013-02-28'),(2015,'P-4-4',37,300.00,'2013-02-28'),(2016,'P-4-29',37,300.00,'2013-02-28'),(2017,'P-WP-3-A',37,300.00,'2013-02-28'),(2018,'P-3-29',37,300.00,'2013-02-28'),(2019,'P-4-77',37,300.00,'2013-02-28'),(2020,'P-4-44',37,300.00,'2013-02-28'),(2021,'P-WP-3-B',37,300.00,'2013-02-28'),(2022,'P-4-38',37,300.00,'2013-02-28'),(2023,'P-4-73',37,300.00,'2013-02-28'),(2024,'P-4-71',38,300.00,'2013-03-31'),(2025,'P-4-7',38,250.00,'2013-03-31'),(2026,'P-4-27',38,300.00,'2013-03-31'),(2027,'P-4-32',38,300.00,'2013-03-31'),(2028,'P-4-25',38,300.00,'2013-03-31'),(2029,'P-3-28',38,300.00,'2013-03-31'),(2030,'P-4-55',38,300.00,'2013-03-31'),(2031,'P-W-3-B',38,300.00,'2013-03-31'),(2032,'P-4-52',38,300.00,'2013-03-31'),(2033,'P-WP-9-B',38,300.00,'2013-03-31'),(2034,'P-WP-1',38,300.00,'2013-03-31'),(2035,'P-4-36',38,300.00,'2013-03-31'),(2036,'P-4-47',38,300.00,'2013-03-31'),(2037,'P-3-21',38,300.00,'2013-03-31'),(2038,'P-4-13',38,300.00,'2013-03-31'),(2039,'P-WP-4-B',38,300.00,'2013-03-31'),(2040,'P-4-76',38,300.00,'2013-03-31'),(2041,'P-4-81',38,300.00,'2013-03-31'),(2042,'P-1-1',38,300.00,'2013-03-31'),(2043,'P-4-41',38,300.00,'2013-03-31'),(2044,'P-3-10',38,300.00,'2013-03-31'),(2045,'P-3-11',38,300.00,'2013-03-31'),(2046,'P-3-8',38,300.00,'2013-03-31'),(2047,'P-4-68',38,300.00,'2013-03-31'),(2048,'P-WP-7-B',38,300.00,'2013-03-31'),(2049,'P-4-63',38,300.00,'2013-03-31'),(2050,'P-WP-6-A',38,300.00,'2013-03-31'),(2051,'P-4-42',38,300.00,'2013-03-31'),(2052,'P-WP-5-B',38,300.00,'2013-03-31'),(2053,'P-4-08',38,300.00,'2013-03-31'),(2054,'P-4-4',38,300.00,'2013-03-31'),(2055,'P-4-29',38,300.00,'2013-03-31'),(2056,'P-4-72',38,300.00,'2013-03-31'),(2057,'P-WP-3-A',38,300.00,'2013-03-31'),(2058,'P-3-29',38,300.00,'2013-03-31'),(2059,'P-4-77',38,300.00,'2013-03-31'),(2060,'P-4-44',38,300.00,'2013-03-31'),(2061,'P-WP-3-B',38,300.00,'2013-03-31'),(2062,'P-4-38',38,300.00,'2013-03-31'),(2063,'P-4-73',38,300.00,'2013-03-31'),(2064,'P-4-71',39,300.00,'2013-04-30'),(2065,'P-4-7',39,300.00,'2013-04-30'),(2066,'P-4-27',39,300.00,'2013-04-30'),(2067,'P-4-32',39,240.00,'2013-04-30'),(2068,'P-4-25',39,300.00,'2013-04-30'),(2069,'P-3-28',39,300.00,'2013-04-30'),(2070,'P-4-55',39,300.00,'2013-04-30'),(2071,'P-W-3-B',39,300.00,'2013-04-30'),(2072,'P-4-52',39,300.00,'2013-04-30'),(2073,'P-WP-9-B',39,300.00,'2013-04-30'),(2074,'P-WP-1',39,300.00,'2013-04-30'),(2075,'P-4-36',39,300.00,'2013-04-30'),(2076,'P-4-47',39,300.00,'2013-04-30'),(2077,'P-3-21',39,300.00,'2013-04-30'),(2078,'P-4-13',39,300.00,'2013-04-30'),(2079,'P-WP-4-B',39,300.00,'2013-04-30'),(2080,'P-4-76',39,300.00,'2013-04-30'),(2081,'P-4-81',39,300.00,'2013-04-30'),(2082,'P-1-1',39,300.00,'2013-04-30'),(2083,'P-4-41',39,300.00,'2013-04-30'),(2084,'P-3-10',39,300.00,'2013-04-30'),(2085,'P-3-11',39,300.00,'2013-04-30'),(2086,'P-3-8',39,300.00,'2013-04-30'),(2087,'P-4-68',39,300.00,'2013-04-30'),(2088,'P-WP-7-B',39,300.00,'2013-04-30'),(2089,'P-4-63',39,300.00,'2013-04-30'),(2090,'P-WP-6-A',39,300.00,'2013-04-30'),(2091,'P-4-42',39,300.00,'2013-04-30'),(2092,'P-WP-5-B',39,400.00,'2013-04-30'),(2093,'P-4-08',39,400.00,'2013-04-30'),(2094,'P-4-4',39,300.00,'2013-04-30'),(2095,'P-4-29',39,300.00,'2013-04-30'),(2096,'P-4-72',39,300.00,'2013-04-30'),(2097,'P-WP-3-A',39,300.00,'2013-04-30'),(2098,'P-3-29',39,300.00,'2013-04-30'),(2099,'P-4-77',39,300.00,'2013-04-30'),(2100,'P-4-44',39,300.00,'2013-04-30'),(2101,'P-WP-3-B',39,300.00,'2013-04-30'),(2102,'P-4-38',39,300.00,'2013-04-30'),(2103,'P-4-73',39,300.00,'2013-04-30'),(2104,'P-4-71',40,400.00,'2013-05-31'),(2105,'P-4-7',40,400.00,'2013-05-31'),(2106,'P-4-27',40,400.00,'2013-05-31'),(2107,'P-4-25',40,400.00,'2013-05-31'),(2108,'P-3-28',40,400.00,'2013-05-31'),(2109,'P-W-3-B',40,300.00,'2013-05-31'),(2110,'P-4-52',40,300.00,'2013-05-31'),(2111,'P-WP-9-B',40,300.00,'2013-05-31'),(2112,'P-WP-1',40,300.00,'2013-05-31'),(2113,'P-4-36',40,300.00,'2013-05-31'),(2114,'P-4-47',40,400.00,'2013-05-31'),(2115,'P-3-21',40,400.00,'2013-05-31'),(2116,'P-4-13',40,300.00,'2013-05-31'),(2117,'P-WP-4-B',40,400.00,'2013-05-31'),(2118,'P-4-76',40,400.00,'2013-05-31'),(2119,'P-4-81',40,300.00,'2013-05-31'),(2120,'P-1-1',40,400.00,'2013-05-31'),(2121,'P-4-41',40,400.00,'2013-05-31'),(2122,'P-4-33',40,400.00,'2013-05-31'),(2123,'P-3-10',40,300.00,'2013-05-31'),(2124,'P-3-11',40,300.00,'2013-05-31'),(2125,'P-3-8',40,400.00,'2013-05-31'),(2126,'P-4-68',40,400.00,'2013-05-31'),(2127,'P-WP-7-B',40,400.00,'2013-05-31'),(2128,'P-4-63',40,400.00,'2013-05-31'),(2129,'P-WP-6-A',40,400.00,'2013-05-31'),(2130,'P-4-42',40,300.00,'2013-05-31'),(2131,'P-WP-5-B',40,400.00,'2013-05-31'),(2132,'P-4-08',40,400.00,'2013-05-31'),(2133,'P-4-4',40,400.00,'2013-05-31'),(2134,'P-4-29',40,400.00,'2013-05-31'),(2135,'P-4-72',40,400.00,'2013-05-31'),(2136,'P-WP-3-A',40,400.00,'2013-05-31'),(2137,'P-3-29',40,400.00,'2013-05-31'),(2138,'P-4-77',40,400.00,'2013-05-31'),(2139,'P-3-30',40,400.00,'2013-05-31'),(2140,'P-4-44',40,400.00,'2013-05-31'),(2141,'P-WP-3-B',40,400.00,'2013-05-31'),(2142,'P-4-38',40,300.00,'2013-05-31'),(2143,'P-4-73',40,400.00,'2013-05-31'),(2144,'P-4-71',41,400.00,'2013-06-30'),(2145,'P-4-7',41,400.00,'2013-06-30'),(2146,'P-4-27',41,400.00,'2013-06-30'),(2147,'P-4-25',41,400.00,'2013-06-30'),(2148,'P-3-28',41,400.00,'2013-06-30'),(2149,'P-W-3-B',41,400.00,'2013-06-30'),(2150,'P-4-52',41,400.00,'2013-06-30'),(2151,'P-WP-9-B',41,300.00,'2013-06-30'),(2152,'P-WP-1',41,300.00,'2013-06-30'),(2153,'P-4-36',41,400.00,'2013-06-30'),(2154,'P-4-47',41,400.00,'2013-06-30'),(2155,'P-4-13',41,300.00,'2013-06-30'),(2156,'P-WP-4-B',41,400.00,'2013-06-30'),(2157,'P-4-76',41,400.00,'2013-06-30'),(2158,'P-4-81',41,300.00,'2013-06-30'),(2159,'P-1-1',41,400.00,'2013-06-30'),(2160,'P-4-41',41,400.00,'2013-06-30'),(2161,'P-4-33',41,400.00,'2013-06-30'),(2162,'P-3-10',41,300.00,'2013-06-30'),(2163,'P-3-11',41,300.00,'2013-06-30'),(2164,'P-3-8',41,400.00,'2013-06-30'),(2165,'P-4-68',41,400.00,'2013-06-30'),(2166,'P-WP-7-B',41,400.00,'2013-06-30'),(2167,'P-4-63',41,400.00,'2013-06-30'),(2168,'P-WP-6-A',41,400.00,'2013-06-30'),(2169,'P-4-42',41,400.00,'2013-06-30'),(2170,'P-WP-5-B',41,400.00,'2013-06-30'),(2171,'P-4-08',41,400.00,'2013-06-30'),(2172,'P-4-4',41,400.00,'2013-06-30'),(2173,'P-4-29',41,400.00,'2013-06-30'),(2174,'P-4-72',41,300.00,'2013-06-30'),(2175,'P-WP-3-A',41,400.00,'2013-06-30'),(2176,'P-3-29',41,400.00,'2013-06-30'),(2177,'P-4-77',41,400.00,'2013-06-30'),(2178,'P-3-30',41,400.00,'2013-06-30'),(2179,'P-4-44',41,400.00,'2013-06-30'),(2180,'P-WP-3-B',41,400.00,'2013-06-30'),(2181,'P-4-38',41,300.00,'2013-06-30'),(2182,'P-4-73',41,400.00,'2013-06-30'),(2183,'P-4-71',42,400.00,'2013-07-31'),(2184,'P-4-7',42,400.00,'2013-07-31'),(2185,'P-4-27',42,400.00,'2013-07-31'),(2186,'P-4-25',42,400.00,'2013-07-31'),(2187,'P-3-28',42,400.00,'2013-07-31'),(2188,'P-W-3-B',42,400.00,'2013-07-31'),(2189,'P-4-52',42,400.00,'2013-07-31'),(2190,'P-WP-9-B',42,400.00,'2013-07-31'),(2191,'P-WP-1',42,300.00,'2013-07-31'),(2192,'P-4-36',42,400.00,'2013-07-31'),(2193,'P-4-47',42,400.00,'2013-07-31'),(2194,'P-4-13',42,300.00,'2013-07-31'),(2195,'P-WP-4-B',42,400.00,'2013-07-31'),(2196,'P-4-76',42,400.00,'2013-07-31'),(2197,'P-4-81',42,300.00,'2013-07-31'),(2198,'P-1-1',42,400.00,'2013-07-31'),(2199,'P-4-41',42,400.00,'2013-07-31'),(2200,'P-4-33',42,400.00,'2013-07-31'),(2201,'P-3-8',42,400.00,'2013-07-31'),(2202,'P-4-31',42,400.00,'2013-07-31'),(2203,'P-4-68',42,400.00,'2013-07-31'),(2204,'P-WP-7-B',42,400.00,'2013-07-31'),(2205,'P-4-63',42,400.00,'2013-07-31'),(2206,'P-WP-6-A',42,400.00,'2013-07-31'),(2207,'P-4-42',42,400.00,'2013-07-31'),(2208,'P-WP-5-B',42,400.00,'2013-07-31'),(2209,'P-4-08',42,400.00,'2013-07-31'),(2210,'P-4-4',42,400.00,'2013-07-31'),(2211,'P-4-29',42,400.00,'2013-07-31'),(2212,'P-WP-3-A',42,400.00,'2013-07-31'),(2213,'P-4-77',42,400.00,'2013-07-31'),(2214,'P-3-30',42,400.00,'2013-07-31'),(2215,'P-4-44',42,400.00,'2013-07-31'),(2216,'P-WP-3-B',42,400.00,'2013-07-31'),(2217,'P-4-38',42,400.00,'2013-07-31'),(2218,'P-4-73',42,400.00,'2013-07-31'),(2219,'P-4-71',43,300.00,'2013-08-31'),(2220,'P-4-7',43,400.00,'2013-08-31'),(2221,'P-4-27',43,400.00,'2013-08-31'),(2222,'P-4-25',43,400.00,'2013-08-31'),(2223,'P-3-28',43,400.00,'2013-08-31'),(2224,'P-W-3-B',43,400.00,'2013-08-31'),(2225,'P-4-52',43,400.00,'2013-08-31'),(2226,'P-WP-9-B',43,400.00,'2013-08-31'),(2227,'P-WP-1',43,300.00,'2013-08-31'),(2228,'P-4-36',43,400.00,'2013-08-31'),(2229,'P-4-47',43,400.00,'2013-08-31'),(2230,'P-4-13',43,400.00,'2013-08-31'),(2231,'P-WP-4-B',43,400.00,'2013-08-31'),(2232,'P-4-76',43,400.00,'2013-08-31'),(2233,'P-4-81',43,300.00,'2013-08-31'),(2234,'P-1-1',43,400.00,'2013-08-31'),(2235,'P-4-41',43,400.00,'2013-08-31'),(2236,'P-4-33',43,400.00,'2013-08-31'),(2237,'P-3-8',43,400.00,'2013-08-31'),(2238,'P-4-31',43,400.00,'2013-08-31'),(2239,'P-4-68',43,400.00,'2013-08-31'),(2240,'P-WP-7-B',43,400.00,'2013-08-31'),(2241,'P-4-63',43,400.00,'2013-08-31'),(2242,'P-WP-6-A',43,400.00,'2013-08-31'),(2243,'P-4-42',43,400.00,'2013-08-31'),(2244,'P-WP-5-B',43,400.00,'2013-08-31'),(2245,'P-4-08',43,400.00,'2013-08-31'),(2246,'P-4-4',43,400.00,'2013-08-31'),(2247,'P-4-29',43,400.00,'2013-08-31'),(2248,'P-WP-3-A',43,400.00,'2013-08-31'),(2249,'P-4-77',43,400.00,'2013-08-31'),(2250,'P-3-30',43,300.00,'2013-08-31'),(2251,'P-4-44',43,400.00,'2013-08-31'),(2252,'P-WP-3-B',43,400.00,'2013-08-31'),(2253,'P-4-38',43,400.00,'2013-08-31'),(2254,'P-4-73',43,400.00,'2013-08-31'),(2255,'P-4-7',44,400.00,'2013-09-30'),(2256,'P-4-27',44,400.00,'2013-09-30'),(2257,'P-4-25',44,400.00,'2013-09-30'),(2258,'P-3-28',44,400.00,'2013-09-30'),(2259,'P-W-3-B',44,400.00,'2013-09-30'),(2260,'P-4-52',44,400.00,'2013-09-30'),(2261,'P-WP-9-B',44,400.00,'2013-09-30'),(2262,'P-WP-1',44,300.00,'2013-09-30'),(2263,'P-4-36',44,400.00,'2013-09-30'),(2264,'P-4-47',44,400.00,'2013-09-30'),(2265,'P-4-13',44,400.00,'2013-09-30'),(2266,'P-WP-4-B',44,400.00,'2013-09-30'),(2267,'P-4-76',44,400.00,'2013-09-30'),(2268,'P-4-81',44,400.00,'2013-09-30'),(2269,'P-1-1',44,400.00,'2013-09-30'),(2270,'P-4-41',44,400.00,'2013-09-30'),(2271,'P-3-8',44,400.00,'2013-09-30'),(2272,'P-4-31',44,400.00,'2013-09-30'),(2273,'P-WP-7-B',44,400.00,'2013-09-30'),(2274,'P-WP-6-A',44,400.00,'2013-09-30'),(2275,'P-4-42',44,400.00,'2013-09-30'),(2276,'P-WP-5-B',44,400.00,'2013-09-30'),(2277,'P-4-08',44,400.00,'2013-09-30'),(2278,'P-4-4',44,400.00,'2013-09-30'),(2279,'P-4-29',44,400.00,'2013-09-30'),(2280,'P-WP-3-A',44,400.00,'2013-09-30'),(2281,'P-4-77',44,400.00,'2013-09-30'),(2282,'P-3-30',44,270.00,'2013-09-30'),(2283,'P-4-44',44,400.00,'2013-09-30'),(2284,'P-WP-3-B',44,400.00,'2013-09-30'),(2285,'P-4-38',44,400.00,'2013-09-30'),(2286,'P-4-73',44,400.00,'2013-09-30'),(2287,'P-4-7',45,400.00,'2013-10-31'),(2288,'P-4-27',45,400.00,'2013-10-31'),(2289,'P-4-25',45,400.00,'2013-10-31'),(2290,'P-3-28',45,400.00,'2013-10-31'),(2291,'P-4-52',45,400.00,'2013-10-31'),(2292,'P-WP-9-B',45,400.00,'2013-10-31'),(2293,'P-WP-1',45,400.00,'2013-10-31'),(2294,'P-4-36',45,400.00,'2013-10-31'),(2295,'P-4-47',45,400.00,'2013-10-31'),(2296,'P-4-13',45,400.00,'2013-10-31'),(2297,'P-WP-4-B',45,400.00,'2013-10-31'),(2298,'P-1-1',45,400.00,'2013-10-31'),(2299,'P-4-41',45,400.00,'2013-10-31'),(2300,'P-4-11',45,400.00,'2013-10-31'),(2301,'P-3-8',45,400.00,'2013-10-31'),(2302,'P-4-31',45,400.00,'2013-10-31'),(2303,'P-4-68',45,400.00,'2013-10-31'),(2304,'P-WP-7-B',45,400.00,'2013-10-31'),(2305,'P-WP-6-A',45,400.00,'2013-10-31'),(2306,'P-4-42',45,400.00,'2013-10-31'),(2307,'P-4-08',45,400.00,'2013-10-31'),(2308,'P-4-4',45,400.00,'2013-10-31'),(2309,'P-4-29',45,400.00,'2013-10-31'),(2310,'P-WP-3-A',45,400.00,'2013-10-31'),(2311,'P-4-77',45,400.00,'2013-10-31'),(2312,'P-4-18',45,100.00,'2013-10-31'),(2313,'P-4-44',45,400.00,'2013-10-31'),(2314,'P-WP-3-B',45,400.00,'2013-10-31'),(2315,'P-4-38',45,400.00,'2013-10-31'),(2316,'P-4-7',46,700.00,'2013-11-30'),(2317,'P-4-27',46,700.00,'2013-11-30'),(2318,'P-3-28',46,700.00,'2013-11-30'),(2319,'P-W-3-B',46,700.00,'2013-11-30'),(2320,'P-4-52',46,700.00,'2013-11-30'),(2321,'P-WP-9-B',46,700.00,'2013-11-30'),(2322,'P-WP-1',46,200.00,'2013-11-30'),(2323,'P-4-36',46,700.00,'2013-11-30'),(2324,'P-4-47',46,700.00,'2013-11-30'),(2325,'P-4-13',46,700.00,'2013-11-30'),(2326,'P-WP-4-B',46,700.00,'2013-11-30'),(2327,'P-1-1',46,700.00,'2013-11-30'),(2328,'P-4-41',46,700.00,'2013-11-30'),(2329,'P-4-11',46,700.00,'2013-11-30'),(2330,'P-3-8',46,700.00,'2013-11-30'),(2331,'P-4-31',46,400.00,'2013-11-30'),(2332,'P-4-68',46,700.00,'2013-11-30'),(2333,'P-WP-7-B',46,700.00,'2013-11-30'),(2334,'P-WP-6-A',46,700.00,'2013-11-30'),(2335,'P-4-42',46,700.00,'2013-11-30'),(2336,'P-4-4',46,700.00,'2013-11-30'),(2337,'P-WP-3-A',46,700.00,'2013-11-30'),(2338,'P-4-77',46,700.00,'2013-11-30'),(2339,'P-4-18',46,700.00,'2013-11-30'),(2340,'P-4-44',46,700.00,'2013-11-30'),(2341,'P-WP-3-B',46,700.00,'2013-11-30'),(2342,'P-4-38',46,700.00,'2013-11-30'),(2343,'P-4-7',47,400.00,'2013-12-31'),(2344,'P-4-27',47,100.00,'2013-12-31'),(2345,'P-3-28',47,400.00,'2013-12-31'),(2346,'P-4-52',47,400.00,'2013-12-31'),(2347,'P-WP-9-B',47,400.00,'2013-12-31'),(2348,'P-4-36',47,400.00,'2013-12-31'),(2349,'P-4-47',47,400.00,'2013-12-31'),(2350,'P-4-13',47,100.00,'2013-12-31'),(2351,'P-WP-4-B',47,400.00,'2013-12-31'),(2352,'P-1-1',47,400.00,'2013-12-31'),(2353,'P-4-41',47,400.00,'2013-12-31'),(2354,'P-4-11',47,400.00,'2013-12-31'),(2355,'P-3-8',47,400.00,'2013-12-31'),(2356,'P-4-31',47,400.00,'2013-12-31'),(2357,'P-4-68',47,400.00,'2013-12-31'),(2358,'P-WP-7-B',47,400.00,'2013-12-31'),(2359,'P-4-42',47,400.00,'2013-12-31'),(2360,'P-WP-3-A',47,400.00,'2013-12-31'),(2361,'P-4-77',47,400.00,'2013-12-31'),(2362,'P-4-18',47,400.00,'2013-12-31'),(2363,'P-4-44',47,400.00,'2013-12-31'),(2364,'P-WP-3-B',47,400.00,'2013-12-31'),(2365,'P-4-38',47,400.00,'2013-12-31'),(2366,'P-3-28',48,400.00,'2014-01-31'),(2367,'P-4-52',48,400.00,'2014-01-31'),(2368,'P-4-36',48,400.00,'2014-01-31'),(2369,'P-WP-4-B',48,400.00,'2014-01-31'),(2370,'P-3-8',48,400.00,'2014-01-31'),(2371,'P-WP-3-A',48,400.00,'2014-01-31'),(2372,'P-4-77',48,400.00,'2014-01-31'),(2373,'P-4-44',48,400.00,'2014-01-31'),(2374,'P-WP-3-B',48,400.00,'2014-01-31'),(2375,'P-4-38',48,400.00,'2014-01-31'),(2376,'P-4-52',49,400.00,'2014-02-28'),(2377,'P-WP-3-A',49,400.00,'2014-02-28'),(2378,'P-4-44',49,400.00,'2014-02-28');
/*!40000 ALTER TABLE `migracion_pagos_procesados` ENABLE KEYS */;
UNLOCK TABLES;

--
-- Table structure for table `mip_association_position`
--

DROP TABLE IF EXISTS `mip_association_position`;
/*!40101 SET @saved_cs_client     = @@character_set_client */;
/*!40101 SET character_set_client = utf8 */;
CREATE TABLE `mip_association_position` (
  `id` int(11) NOT NULL AUTO_INCREMENT,
  `name` varchar(255) COLLATE utf8_bin NOT NULL,
  `is_main` tinyint(1) NOT NULL DEFAULT '0',
  PRIMARY KEY (`id`)
) ENGINE=InnoDB AUTO_INCREMENT=4 DEFAULT CHARSET=utf8 COLLATE=utf8_bin COMMENT='Funciones en la Asociacion de Vecinos';
/*!40101 SET character_set_client = @saved_cs_client */;

--
-- Dumping data for table `mip_association_position`
--

LOCK TABLES `mip_association_position` WRITE;
/*!40000 ALTER TABLE `mip_association_position` DISABLE KEYS */;
INSERT INTO `mip_association_position` (`id`, `name`, `is_main`) VALUES (1,'Presidente',1),(2,'Vice-Presidente',1),(3,'Tesorero',1);
/*!40000 ALTER TABLE `mip_association_position` ENABLE KEYS */;
UNLOCK TABLES;

--
-- Table structure for table `mip_auth_assignment`
--

DROP TABLE IF EXISTS `mip_auth_assignment`;
/*!40101 SET @saved_cs_client     = @@character_set_client */;
/*!40101 SET character_set_client = utf8 */;
CREATE TABLE `mip_auth_assignment` (
  `id` int(11) NOT NULL AUTO_INCREMENT,
  `itemname` varchar(64) COLLATE utf8_bin NOT NULL COMMENT 'Nombre Permiso',
  `userid` int(11) DEFAULT NULL COMMENT 'Cdigo Usuario',
  `bizrule` text COLLATE utf8_bin COMMENT 'Cdigo PHP reglas negocio',
  `data` text COLLATE utf8_bin COMMENT 'data (array php) reglas negocio',
  PRIMARY KEY (`id`),
  KEY `index_fk_mip_auth_assignment_user` (`userid`),
  KEY `fk_auth_mip_assignment_auth_item1` (`itemname`),
  CONSTRAINT `fk_mip_auth_assignment_auth_item1` FOREIGN KEY (`itemname`) REFERENCES `mip_auth_item` (`name`) ON DELETE NO ACTION ON UPDATE NO ACTION,
  CONSTRAINT `fk_mip_auth_assignment_user` FOREIGN KEY (`userid`) REFERENCES `mip_user` (`id`) ON DELETE NO ACTION ON UPDATE NO ACTION
) ENGINE=InnoDB AUTO_INCREMENT=9 DEFAULT CHARSET=utf8 COLLATE=utf8_bin COMMENT='Permisologa Asignada (RBAC)';
/*!40101 SET character_set_client = @saved_cs_client */;

--
-- Dumping data for table `mip_auth_assignment`
--

LOCK TABLES `mip_auth_assignment` WRITE;
/*!40000 ALTER TABLE `mip_auth_assignment` DISABLE KEYS */;
INSERT INTO `mip_auth_assignment` (`id`, `itemname`, `userid`, `bizrule`, `data`) VALUES (3,'admin',2,NULL,NULL),(5,'association',4,NULL,'N;'),(6,'association',5,NULL,'N;'),(7,'association',6,NULL,'N;'),(8,'association',42,NULL,'N;');
/*!40000 ALTER TABLE `mip_auth_assignment` ENABLE KEYS */;
UNLOCK TABLES;

--
-- Table structure for table `mip_auth_item`
--

DROP TABLE IF EXISTS `mip_auth_item`;
/*!40101 SET @saved_cs_client     = @@character_set_client */;
/*!40101 SET character_set_client = utf8 */;
CREATE TABLE `mip_auth_item` (
  `name` varchar(64) COLLATE utf8_bin NOT NULL COMMENT 'Nombre Permisologa',
  `type` int(11) NOT NULL COMMENT 'Tipo de Permiso',
  `description` text COLLATE utf8_bin COMMENT 'Descripcin',
  `bizrule` text COLLATE utf8_bin COMMENT 'Cdigo PHP reglas negocio',
  `data` text COLLATE utf8_bin NOT NULL COMMENT 'data (array php) reglas negocio',
  PRIMARY KEY (`name`)
) ENGINE=InnoDB DEFAULT CHARSET=utf8 COLLATE=utf8_bin COMMENT='Elemento Permisologa (RBAC)';
/*!40101 SET character_set_client = @saved_cs_client */;

--
-- Dumping data for table `mip_auth_item`
--

LOCK TABLES `mip_auth_item` WRITE;
/*!40000 ALTER TABLE `mip_auth_item` DISABLE KEYS */;
INSERT INTO `mip_auth_item` (`name`, `type`, `description`, `bizrule`, `data`) VALUES ('admin',2,'Rol Administrador',NULL,'N;'),('association',2,'Rol Junta Directiva',NULL,''),('auth.*',0,'Modulo de RBACK (autorizacion)',NULL,''),('backend.*',0,'Modulo de Backend',NULL,''),('backend.associationPosition.*',0,'Modulo de Cargos Asociacion',NULL,''),('backend.authAssignment.*',0,'Modulo de Autorizacion Usuarios',NULL,''),('backend.bank.*',0,'Modulo de Bancos',NULL,''),('backend.bankAccount.*',0,'Modulo de Cuentas Bancarias',NULL,''),('backend.country.*',0,'Modulo de Paises',NULL,''),('backend.default.*',0,'Modulo de Defecto',NULL,''),('backend.fee.*',0,'Controlador de Cuotas',NULL,''),('backend.feePay.*',0,'Modulo de Pago de Cuotas',NULL,''),('backend.feeType.*',0,'Backend - Tipo de Cuotas',NULL,''),('backend.fixPay.*',0,'Mdulo Enlace de Pagos y Cuotas',NULL,'N;'),('backend.groupPerson.*',0,'Backend - Grupo o Asociacion de Personas',NULL,''),('backend.location.*',0,'Backend -  Acciones Parcelas',NULL,''),('backend.locationGeometry.*',0,'Backend - Geometrias Parcelas',NULL,''),('backend.log.*',0,'Modulo de Registros Auditoria del Sistema',NULL,''),('backend.owner.*',0,'Backend - Propietarios',NULL,''),('backend.pay.*',0,'Backend - Pagos Propietarios',NULL,''),('backend.payNotCashInfo.*',0,'Modulo de Pagos No Efectivo',NULL,''),('backend.person.*',0,'Backend - Personas Residentes',NULL,''),('backend.personAddress.*',0,'Modulo de Direccion Personas',NULL,''),('backend.personEmail.*',0,'Modulo de Email Personas',NULL,''),('backend.personPhone.*',0,'Modulo de Telefonos Personas',NULL,''),('backend.registerRequest.*',0,'Registro de Usuarios',NULL,'N;'),('backend.report.*',0,'Reportes Condominio',NULL,'N;'),('backend.residentAssociation.*',0,'Backend- Miembros Asociacion Vecinos',NULL,''),('backend.state.*',0,'Modulo de Estados',NULL,''),('backend.user.*',0,'Modulo de Usuarios',NULL,''),('backup',2,'Rol de Backup para guardar relaciones',NULL,''),('owner',2,'Rol Propietario',NULL,''),('resident',2,'Rol Residente',NULL,'');
/*!40000 ALTER TABLE `mip_auth_item` ENABLE KEYS */;
UNLOCK TABLES;

--
-- Table structure for table `mip_auth_item_child`
--

DROP TABLE IF EXISTS `mip_auth_item_child`;
/*!40101 SET @saved_cs_client     = @@character_set_client */;
/*!40101 SET character_set_client = utf8 */;
CREATE TABLE `mip_auth_item_child` (
  `parent` varchar(64) COLLATE utf8_bin NOT NULL COMMENT 'Permisologa Padre',
  `child` varchar(64) COLLATE utf8_bin NOT NULL COMMENT 'Permisologa Hija',
  PRIMARY KEY (`parent`,`child`),
  KEY `index_fk_auth_item_child_auth_item2` (`child`),
  CONSTRAINT `fk_mip_auth_item_child_auth_item1` FOREIGN KEY (`parent`) REFERENCES `mip_auth_item` (`name`) ON DELETE NO ACTION ON UPDATE NO ACTION,
  CONSTRAINT `fk_mip_auth_item_child_auth_item2` FOREIGN KEY (`child`) REFERENCES `mip_auth_item` (`name`) ON DELETE NO ACTION ON UPDATE NO ACTION
) ENGINE=InnoDB DEFAULT CHARSET=utf8 COLLATE=utf8_bin COMMENT='Elemento Hijo Permisologa (RBAC)';
/*!40101 SET character_set_client = @saved_cs_client */;

--
-- Dumping data for table `mip_auth_item_child`
--

LOCK TABLES `mip_auth_item_child` WRITE;
/*!40000 ALTER TABLE `mip_auth_item_child` DISABLE KEYS */;
INSERT INTO `mip_auth_item_child` (`parent`, `child`) VALUES ('admin','auth.*'),('admin','backend.*'),('association','backend.authAssignment.*'),('association','backend.default.*'),('association','backend.fee.*'),('association','backend.feePay.*'),('association','backend.feeType.*'),('association','backend.fixPay.*'),('association','backend.groupPerson.*'),('association','backend.location.*'),('association','backend.locationGeometry.*'),('association','backend.owner.*'),('association','backend.pay.*'),('association','backend.payNotCashInfo.*'),('association','backend.person.*'),('association','backend.personAddress.*'),('association','backend.personEmail.*'),('association','backend.personPhone.*'),('association','backend.registerRequest.*'),('association','backend.report.*');
/*!40000 ALTER TABLE `mip_auth_item_child` ENABLE KEYS */;
UNLOCK TABLES;

--
-- Table structure for table `mip_bank`
--

DROP TABLE IF EXISTS `mip_bank`;
/*!40101 SET @saved_cs_client     = @@character_set_client */;
/*!40101 SET character_set_client = utf8 */;
CREATE TABLE `mip_bank` (
  `id` int(11) NOT NULL AUTO_INCREMENT,
  `name` varchar(255) COLLATE utf8_bin NOT NULL,
  `akey` varchar(3) COLLATE utf8_bin DEFAULT NULL,
  PRIMARY KEY (`id`)
) ENGINE=InnoDB AUTO_INCREMENT=26 DEFAULT CHARSET=utf8 COLLATE=utf8_bin COMMENT='Bancos de la Asociacion de Vecinos';
/*!40101 SET character_set_client = @saved_cs_client */;

--
-- Dumping data for table `mip_bank`
--

LOCK TABLES `mip_bank` WRITE;
/*!40000 ALTER TABLE `mip_bank` DISABLE KEYS */;
INSERT INTO `mip_bank` (`id`, `name`, `akey`) VALUES (1,'100% Banco',NULL),(2,'Banco Activo',NULL),(3,'Banco Mercantil',NULL),(4,'Banco de Venezuela',NULL),(5,'BBVA Banco Provincial',NULL),(6,'Banesco',NULL),(7,'BanCaribe',NULL),(8,'Banco Agrcola de Venezuela',NULL),(9,'Banco Caron',NULL),(10,'Banco Esprito Santo',NULL),(11,'Banco del Tesoro',NULL),(12,'Banco Exterior',NULL),(13,'Banco Guayana',NULL),(14,'Banco Internacional de Desarrollo C.A.',NULL),(15,'Banco Nacional de Crdito',NULL),(16,'Banco Occidental de Descuento',NULL),(17,'Banco Plaza',NULL),(18,'Banco Sofitasa',NULL),(19,'Banplus',NULL),(20,'Corp Banca C.A.',NULL),(21,'Citibank',NULL),(22,'BFC Banco Fondo Comn',NULL),(23,'Del Sur',NULL),(24,'0-ASOCUMIPA','000'),(25,'Banco Bicentenario del Pueblo',NULL);
/*!40000 ALTER TABLE `mip_bank` ENABLE KEYS */;
UNLOCK TABLES;

--
-- Table structure for table `mip_bank_account`
--

DROP TABLE IF EXISTS `mip_bank_account`;
/*!40101 SET @saved_cs_client     = @@character_set_client */;
/*!40101 SET character_set_client = utf8 */;
CREATE TABLE `mip_bank_account` (
  `id` int(11) NOT NULL AUTO_INCREMENT,
  `bank_id` int(11) NOT NULL,
  `account_type` varchar(1) COLLATE utf8_bin NOT NULL,
  `number` varchar(255) COLLATE utf8_bin NOT NULL,
  PRIMARY KEY (`id`),
  KEY `index_banks_bank_accounts_fk` (`bank_id`),
  CONSTRAINT `banks_bank_accounts_fk` FOREIGN KEY (`bank_id`) REFERENCES `mip_bank` (`id`) ON DELETE NO ACTION ON UPDATE NO ACTION
) ENGINE=InnoDB AUTO_INCREMENT=3 DEFAULT CHARSET=utf8 COLLATE=utf8_bin COMMENT='Cuentas Bancarias de la Asociacion de Vecinos';
/*!40101 SET character_set_client = @saved_cs_client */;

--
-- Dumping data for table `mip_bank_account`
--

LOCK TABLES `mip_bank_account` WRITE;
/*!40000 ALTER TABLE `mip_bank_account` DISABLE KEYS */;
INSERT INTO `mip_bank_account` (`id`, `bank_id`, `account_type`, `number`) VALUES (1,22,'C','01510065691000263377'),(2,24,'I','000000000000');
/*!40000 ALTER TABLE `mip_bank_account` ENABLE KEYS */;
UNLOCK TABLES;

--
-- Table structure for table `mip_bank_account_entry`
--

DROP TABLE IF EXISTS `mip_bank_account_entry`;
/*!40101 SET @saved_cs_client     = @@character_set_client */;
/*!40101 SET character_set_client = utf8 */;
CREATE TABLE `mip_bank_account_entry` (
  `id` int(11) NOT NULL AUTO_INCREMENT,
  `begin_date` date DEFAULT NULL,
  `end_date` date DEFAULT NULL,
  `number` varchar(16) DEFAULT NULL,
  `summary` varchar(255) DEFAULT NULL,
  `value` decimal(10,2) DEFAULT NULL,
  `type` int(11) DEFAULT NULL,
  `mip_bank_account_id` int(11) NOT NULL,
  PRIMARY KEY (`id`),
  UNIQUE KEY `number` (`number`),
  KEY `fk_mip_bank_account_entry_mip_bank_account1_idx` (`mip_bank_account_id`),
  CONSTRAINT `fk_mip_bank_account_entry_mip_bank_account1` FOREIGN KEY (`mip_bank_account_id`) REFERENCES `mip_bank_account` (`id`) ON DELETE NO ACTION ON UPDATE NO ACTION
) ENGINE=InnoDB DEFAULT CHARSET=utf8;
/*!40101 SET character_set_client = @saved_cs_client */;

--
-- Dumping data for table `mip_bank_account_entry`
--

LOCK TABLES `mip_bank_account_entry` WRITE;
/*!40000 ALTER TABLE `mip_bank_account_entry` DISABLE KEYS */;
/*!40000 ALTER TABLE `mip_bank_account_entry` ENABLE KEYS */;
UNLOCK TABLES;

--
-- Table structure for table `mip_country`
--

DROP TABLE IF EXISTS `mip_country`;
/*!40101 SET @saved_cs_client     = @@character_set_client */;
/*!40101 SET character_set_client = utf8 */;
CREATE TABLE `mip_country` (
  `id` int(11) NOT NULL AUTO_INCREMENT,
  `name` varchar(255) COLLATE utf8_bin NOT NULL,
  `code` varchar(4) COLLATE utf8_bin NOT NULL,
  `iso_code` varchar(3) COLLATE utf8_bin NOT NULL,
  PRIMARY KEY (`id`)
) ENGINE=InnoDB AUTO_INCREMENT=47 DEFAULT CHARSET=utf8 COLLATE=utf8_bin COMMENT='Paises';
/*!40101 SET character_set_client = @saved_cs_client */;

--
-- Dumping data for table `mip_country`
--

LOCK TABLES `mip_country` WRITE;
/*!40000 ALTER TABLE `mip_country` DISABLE KEYS */;
INSERT INTO `mip_country` (`id`, `name`, `code`, `iso_code`) VALUES (24,'Canad','1','CA'),(25,'Chile','56','CL'),(26,'China','86','CN'),(27,'Colombia','57','CO'),(28,'Costa Rica','506','CR'),(29,'Dominica','1','DM'),(30,'Ecuador','593','EC'),(31,'Emiratos rabes Unidos','971','AE'),(32,'Espaa','34','ES'),(33,'Estados Unidos','1','US'),(34,'Francia','33','FR'),(35,'Guatemala','502','GT'),(36,'Holanda','31','NL'),(37,'Honduras','504','HN'),(38,'Irak','964','IQ'),(39,'Irn','98','IR'),(40,'Italia','39','IT'),(41,'Mxico','52','MX'),(42,'Panam','507','PA'),(43,'Papa Nueva Guinea','675','PG'),(44,'Portugal','351','PT'),(45,'Uruguay','598','UY'),(46,'Venezuela','58','VE');
/*!40000 ALTER TABLE `mip_country` ENABLE KEYS */;
UNLOCK TABLES;

--
-- Table structure for table `mip_fee`
--

DROP TABLE IF EXISTS `mip_fee`;
/*!40101 SET @saved_cs_client     = @@character_set_client */;
/*!40101 SET character_set_client = utf8 */;
CREATE TABLE `mip_fee` (
  `id` int(11) NOT NULL AUTO_INCREMENT,
  `name` varchar(60) COLLATE utf8_bin NOT NULL,
  `summary` varchar(255) COLLATE utf8_bin NOT NULL,
  `begin_date` date NOT NULL,
  `end_date` date NOT NULL,
  `value` decimal(10,2) NOT NULL,
  `fee_type_id` int(11) NOT NULL,
  PRIMARY KEY (`id`),
  KEY `index_fk_mip_fee_mip_fee_type1` (`fee_type_id`),
  CONSTRAINT `fk_mip_fee_mip_fee_type1` FOREIGN KEY (`fee_type_id`) REFERENCES `mip_fee_type` (`id`) ON DELETE NO ACTION ON UPDATE NO ACTION
) ENGINE=InnoDB AUTO_INCREMENT=117 DEFAULT CHARSET=utf8 COLLATE=utf8_bin COMMENT='Lista de las tarifas de las cuotas del condominio';
/*!40101 SET character_set_client = @saved_cs_client */;

--
-- Dumping data for table `mip_fee`
--

LOCK TABLES `mip_fee` WRITE;
/*!40000 ALTER TABLE `mip_fee` DISABLE KEYS */;
INSERT INTO `mip_fee` (`id`, `name`, `summary`, `begin_date`, `end_date`, `value`, `fee_type_id`) VALUES (1,'Cuota Regular 02-2010','c_300_2010','2010-02-01','2010-02-28',300.00,1),(2,'Cuota Regular 03-2010','c_300_2010','2010-03-01','2010-03-31',300.00,1),(3,'Cuota Regular 04-2010','c_300_2010','2010-04-01','2010-04-30',300.00,1),(4,'Cuota Regular 05-2010','c_242_2010','2010-05-01','2010-05-31',242.00,2),(5,'Cuota Regular 06-2010','c_242_2010','2010-06-01','2010-06-30',242.00,2),(6,'Cuota Regular 07-2010','c_242_2010','2010-07-01','2010-07-31',242.00,2),(7,'Cuota Regular 08-2010','c_242_2010','2010-08-01','2010-08-31',242.00,2),(8,'Cuota Regular 09-2010','c_242_2010','2010-09-01','2010-09-30',242.00,2),(9,'Cuota Regular 10-2010','c_300_2010','2010-10-01','2010-10-31',300.00,1),(10,'Cuota Regular 11-2010','c_300_2010','2010-11-01','2010-11-30',300.00,1),(11,'Cuota Regular 12-2010','c_500_2010','2010-12-01','2010-12-31',500.00,3),(12,'Cuota Regular 01-2011','c_300_2011','2011-01-01','2011-01-31',300.00,4),(13,'Cuota Regular 02-2011','c_300_2011','2011-02-01','2011-02-28',300.00,4),(14,'Cuota Regular 03-2011','c_300_2011','2011-03-01','2011-03-31',300.00,4),(15,'Cuota Regular 04-2011','c_300_2011','2011-04-01','2011-04-30',300.00,4),(16,'Cuota Regular 05-2011','c_300_2011','2011-05-01','2011-05-31',300.00,4),(17,'Cuota Regular 06-2011','c_300_2011','2011-06-01','2011-06-30',300.00,4),(18,'Cuota Regular 07-2011','c_300_2011','2011-07-01','2011-07-31',300.00,4),(19,'Cuota Regular 08-2011','c_300_2011','2011-08-01','2011-08-31',300.00,4),(20,'Cuota Regular 09-2011','c_300_2011','2011-09-01','2011-09-30',300.00,4),(21,'Cuota Regular 10-2011','c_300_2011','2011-10-01','2011-10-31',300.00,4),(22,'Cuota Regular 11-2011','c_600_2011','2011-11-01','2011-11-30',600.00,5),(23,'Cuota Regular 12-2011','c_300_2011','2011-12-01','2011-12-31',300.00,4),(24,'Cuota Regular 01-2012','Cuota Regular 01-2012','2012-01-01','2012-01-31',300.00,6),(25,'Cuota Regular 02-2012','c_300_2012','2012-02-01','2012-02-29',300.00,6),(26,'Cuota Regular 03-2012','c_300_2012','2012-03-01','2012-03-31',300.00,6),(27,'Cuota Regular 04-2012','c_300_2012','2012-04-01','2012-04-30',300.00,6),(28,'Cuota Regular 05-2012','c_300_2012','2012-05-01','2012-05-31',300.00,6),(29,'Cuota Regular 06-2012','c_300_2012','2012-06-01','2012-06-30',300.00,6),(30,'Cuota Regular 07-2012','c_300_2012','2012-07-01','2012-07-31',300.00,6),(31,'Cuota Regular 08-2012','c_300_2012','2012-08-01','2012-08-31',300.00,6),(32,'Cuota Regular 09-2012','c_300_2012','2012-09-01','2012-09-30',300.00,6),(33,'Cuota Regular 10-2012','c_300_2012','2012-10-01','2012-10-31',300.00,6),(34,'Cuota Regular 11-2012','c_600_2012','2012-11-01','2012-11-30',600.00,7),(35,'Cuota Regular 12-2012','c_300_2012','2012-12-01','2012-12-31',300.00,6),(36,'Cuota Regular 01-2013','c_300_2013','2013-01-01','2013-01-31',300.00,8),(37,'Cuota Regular 02-2013','c_300_2013','2013-02-01','2013-02-28',300.00,8),(38,'Cuota Regular 03-2013','c_300_2013','2013-03-01','2013-03-31',300.00,8),(39,'Cuota Regular 04-2013','c_300_2013','2013-04-01','2013-04-30',300.00,8),(40,'Cuota Regular 05-2013','c_400_2013','2013-05-01','2013-05-31',400.00,9),(41,'Cuota Regular 06-2013','c_400_2013','2013-06-01','2013-06-30',400.00,9),(42,'Cuota Regular 07-2013','c_400_2013','2013-07-01','2013-07-31',400.00,9),(43,'Cuota Regular 08-2013','c_400_2013','2013-08-01','2013-08-31',400.00,9),(44,'Cuota Regular 09-2013','c_400_2013','2013-09-01','2013-09-30',400.00,9),(45,'Cuota Regular 10-2013','c_400_2013','2013-10-01','2013-10-31',400.00,9),(46,'Cuota Regular 11-2013','c_700_2013','2013-11-01','2013-11-30',700.00,10),(47,'Cuota Regular 12-2013','c_400_2013','2013-12-01','2013-12-31',400.00,9),(48,'Cuota Regular 01-2014','c_400_2014','2014-01-01','2014-01-31',400.00,11),(49,'Cuota Regular 02-2014','c_400_2014','2014-02-01','2014-02-28',400.00,11),(50,'Cuota Regular 03-2014','c_400_2014','2014-03-01','2014-03-31',400.00,11),(51,'Cuota Regular 04-2014','c_400_2014','2014-04-01','2014-04-30',400.00,11),(52,'Cuota Regular 05-2014','c_400_2014','2014-05-01','2014-05-31',400.00,11),(65,'Cuota Regular documento-2013','cuota_documento_2013','2013-06-01','2013-06-30',400.00,17),(66,'Cuota Extraordinaria porton-2013','cuota_porton_2013','2013-12-01','2013-12-31',10000.00,18),(67,'Cuota Extra 400 - Diciembre 2011','Cuota Extra 400 - Diciembre 2011','2011-12-01','2011-12-31',400.00,16),(68,'Cuota Levantamiento Planos 1000','Cuota Levantamiento Planos 1000','2012-12-01','2012-12-31',1000.00,19),(69,'Cuota Regular 06-2014','Cuota de Junio 2014','2014-06-01','2014-06-30',400.00,11),(70,'Cuota Regular 07-2014','Cuota Julio 2014','2014-07-01','2014-07-31',400.00,11),(71,'Cuota Regular 08-2014','Cuota Agosto 2014','2014-08-01','2014-08-31',400.00,11),(72,'Cuota Regular 09-2014','Cuota septiembre 2014','2014-09-01','2014-09-30',400.00,11),(73,'Cuota Regular 10-2014','Cuota octubre 2014','2014-10-01','2014-10-31',400.00,11),(74,'Cuota Regular Noviembre 2014','Cuota Noviembre 2014','2014-11-01','2014-11-30',1000.00,11),(75,'CUOTA PORTON INICIAL','CUOTA PORTON INICIAL','2009-12-01','2009-12-31',500.00,21),(76,'CUOTA ALUMBRADO INICIAL','CUOTA ALUMBRADO INICIAL','2009-12-01','2009-12-31',300.00,22),(77,'cuota_extra_1000_2014','cuota_extra_1000_2014','2014-11-01','2014-11-30',1000.00,23),(78,'Cuota Regular Diciembre 2014','Cuota Regular Diciembre 2014','2014-12-01','2014-12-31',1000.00,24),(79,'Cuota Regular Enero 2015','Cuota de Enero del 2015','2015-01-01','2015-01-31',1000.00,24),(82,'Cuota Regular Febrero 2015','c_1000_2015','2015-02-01','2015-02-28',1000.00,26),(83,'Cuota Regular Marzo 2015','c_1000_2015','2015-03-01','2015-03-31',1000.00,26),(84,'Cuota Regular Abril 2015','c_1000_2015','2015-04-01','2015-04-30',1000.00,26),(85,'Cuota Regular Mayo  2015','c_1000_2014','2015-05-01','2015-05-31',1000.00,24),(86,'Cuota Regular Junio 2015','c_1000_2014','2015-06-01','2015-06-30',1000.00,24),(87,'Cuota Regular Julio 2015','Cuota Regular \r\nJulio 2015','2015-07-01','2015-07-31',1000.00,26),(88,'Cuota Regular Agosto 2015','Cuota Regular Agosto 2015','2015-08-01','2015-08-31',1000.00,26),(89,'Cuota Extra Caseta Vigilancia 2015','Remodelacin Caseta Vigilancia 2015','2015-08-01','2015-08-31',3000.00,27),(90,'Cuota Regular Septiembre 2015','c_1000_2015','2015-09-01','2015-09-30',1000.00,26),(91,'Cuota Regular Octubre 2015','cuota regular octubre 2015','2015-10-01','2015-10-31',1000.00,26),(92,'Cuota Regular Noviembre 2015','Cuota Roviembre 2015','2015-11-01','2015-11-30',1000.00,26),(93,'Cuota Extra Aguinaldos 2015','Cuota Extra Aguinaldos 2015','2015-11-01','2015-11-30',3000.00,30),(94,'Cuota Regular Diciembre 2015','c_2800_2015','2015-12-01','2015-12-31',2800.00,31),(95,'Cuoto Regular Enero  2016 ','Cuoto Enero 2016 - Unidades Tributarias','2016-01-01','2016-01-31',2800.00,32),(96,'Cuota Pasivos Laborales','Cuota Pasivos Laborales','2015-12-01','2015-12-31',6000.00,33),(97,'Cuota Regular Febrero 2016','Cuota Febrero 2016- Unidades Tributarias','2016-02-01','2016-02-29',2800.00,34),(98,'Cuota  Regular Marzo 2016','Cuota Regular Marzo 2016 Unidades Tributarias','2016-03-01','2016-03-31',2800.00,35),(99,'Cuota Regular Abril 2016 ','Cuota Abril 2016','2016-04-01','2016-04-30',2800.00,36),(100,'Cuota Regular Mayo 2016','Cuota Regular Mayo 2016 Unidades Tributarias','2016-05-01','2016-05-31',3200.00,37),(101,'Cuota Regular Junio 2016','Cuota Regular Junio 2016','2016-06-01','2016-06-30',3200.00,38),(102,'Cuota Regular Julio 2016','Cuota Regular Julio 2016','2016-07-01','2016-07-31',3200.00,39),(103,'Cuota Regular Agosto 2016','Cuota Regular Agosto 2016','2016-08-01','2016-08-31',10000.00,40),(104,'Cuota Regular Septiembre 2016','Cuota Septiembre 2016','2016-09-01','2016-09-30',10000.00,41),(105,'Cuota Regular Octubre 2016','Cuota Regular Octubre 2016','2016-10-01','2016-10-31',10000.00,42),(106,'Cuota Regular Noviembre 2016','Cuota Regular Noviembre 2016','2016-11-01','2016-11-30',10000.00,43),(107,'Cuota Extra Aguinaldos 2016','Cuota Extra Aguinaldos 2016','2016-11-01','2016-11-30',10000.00,44),(108,'Cuota Regular Diciembre 2016','Cuota Regular Diciembre 2016','2016-12-01','2016-12-31',10000.00,45),(109,'Cuota Regular Enero 2017','Cuota Regular Enero 2017','2017-01-01','2016-12-31',10000.00,46),(111,'Cuota  Regular Febrero 2017','Cuota Regular Febrero 2017','2017-02-01','2017-02-28',10000.00,47),(112,'Cuota Regular Marzo 2017','Cuota Regular Marzo 2017','2017-03-01','2017-03-31',10000.00,48),(113,'Cuota Regular Abril 2017','Cuota Regular Abril 2017','2017-04-01','2017-04-30',10000.00,49),(114,'Cuota Mayo 2017','AJuste de Cuota Mayo 2017','2017-05-01','2017-05-31',22000.00,50),(115,'Cuota Especial Mayo 2017','Cuota especial para reponer Fondo Condominio','2017-05-01','2017-05-31',22000.00,51),(116,'Cuota Junio 2017','Cuota Junio 2017','2017-06-01','2017-06-30',22000.00,50);
/*!40000 ALTER TABLE `mip_fee` ENABLE KEYS */;
UNLOCK TABLES;

--
-- Table structure for table `mip_fee_pay`
--

DROP TABLE IF EXISTS `mip_fee_pay`;
/*!40101 SET @saved_cs_client     = @@character_set_client */;
/*!40101 SET character_set_client = utf8 */;
CREATE TABLE `mip_fee_pay` (
  `id` int(11) NOT NULL AUTO_INCREMENT,
  `pay_id` int(11) NOT NULL,
  `fee_id` int(11) NOT NULL,
  `location_id` int(11) NOT NULL,
  PRIMARY KEY (`id`),
  KEY `index_fk_mip_fee_pay_mip_pay1` (`pay_id`),
  KEY `index_fk_mip_fee_pay_mip_fee1` (`fee_id`),
  KEY `index_fk_mip_fee_pay_mip_location1` (`location_id`),
  CONSTRAINT `fk_mip_fee_pay_mip_fee1` FOREIGN KEY (`fee_id`) REFERENCES `mip_fee` (`id`) ON DELETE NO ACTION ON UPDATE NO ACTION,
  CONSTRAINT `fk_mip_fee_pay_mip_location1` FOREIGN KEY (`location_id`) REFERENCES `mip_location` (`id`) ON DELETE NO ACTION ON UPDATE NO ACTION,
  CONSTRAINT `fk_mip_fee_pay_mip_pay1` FOREIGN KEY (`pay_id`) REFERENCES `mip_pay` (`id`) ON DELETE NO ACTION ON UPDATE NO ACTION
) ENGINE=InnoDB AUTO_INCREMENT=10812 DEFAULT CHARSET=utf8 COLLATE=utf8_bin;
/*!40101 SET character_set_client = @saved_cs_client */;

--
-- Dumping data for table `mip_fee_pay`
--

LOCK TABLES `mip_fee_pay` WRITE;
/*!40000 ALTER TABLE `mip_fee_pay` DISABLE KEYS */;
INSERT INTO `mip_fee_pay` (`id`, `pay_id`, `fee_id`, `location_id`) VALUES (91,23,1,101),(92,52,2,101),(101,149,4,101),(102,208,5,101),(103,264,6,101),(104,320,7,101),(105,374,8,101),(106,430,9,101),(107,486,10,101),(108,540,11,101),(109,594,12,101),(110,645,13,101),(111,696,14,101),(112,746,15,101),(113,795,16,101),(114,843,17,101),(115,890,18,101),(116,939,19,101),(117,988,20,101),(118,1037,21,101),(119,1088,22,101),(120,1136,23,101),(123,1625,25,101),(125,1538,27,101),(126,2147,28,101),(127,1494,29,101),(128,1449,30,101),(129,1405,31,101),(130,1183,32,101),(131,1362,33,101),(132,1319,34,101),(133,1274,35,101),(134,1230,68,101),(135,1811,36,101),(136,1774,37,101),(137,1739,38,101),(139,1881,40,101),(140,1915,41,101),(142,2176,42,101),(144,1948,65,101),(151,2202,66,101),(154,3001,1,136),(155,3002,1,109),(156,3003,1,58),(158,3005,1,62),(159,3006,1,68),(162,3009,1,51),(163,3010,1,60),(167,3014,1,133),(168,3015,1,92),(169,3016,1,97),(171,3019,1,89),(172,3020,1,137),(173,3022,1,72),(174,3023,1,83),(176,3025,1,47),(177,3026,1,130),(178,3027,1,19),(179,3028,1,116),(180,3029,1,105),(181,3030,1,106),(182,3031,1,71),(183,3032,1,70),(184,3033,1,120),(186,3035,1,77),(187,3036,1,134),(188,3037,1,121),(189,3038,1,69),(190,3039,1,41),(191,3040,1,15),(193,3042,1,16),(194,3043,1,115),(195,3044,1,79),(196,3045,1,99),(197,3046,1,40),(198,3047,1,67),(199,3048,1,107),(200,3049,1,135),(206,3055,1,78),(207,3056,1,49),(208,3057,1,131),(209,3058,1,42),(210,3059,1,75),(211,3060,1,64),(212,3061,1,128),(213,3062,1,33),(214,3063,1,117),(215,3064,1,52),(216,3065,1,56),(217,3066,1,44),(218,3067,1,108),(219,3068,1,81),(220,3069,1,27),(221,3070,1,80),(222,3071,1,30),(223,3072,1,129),(225,3075,2,136),(226,3076,2,109),(228,3078,2,62),(229,3079,2,68),(230,3080,2,23),(231,3081,2,114),(232,3082,2,51),(233,3083,2,60),(234,3084,2,66),(237,3087,2,133),(238,3088,2,92),(239,3089,2,97),(240,3091,2,89),(241,3092,2,137),(242,3094,2,72),(243,3095,2,83),(244,3096,2,26),(245,3097,2,47),(246,3098,2,130),(247,3099,2,116),(248,3100,2,105),(249,3101,2,106),(251,3103,2,120),(254,3106,2,134),(255,3107,2,121),(256,3108,2,69),(257,3109,2,41),(258,3110,2,15),(260,3112,2,16),(261,3113,2,115),(262,3114,2,79),(263,3115,2,99),(264,3116,2,40),(265,3117,2,67),(266,3118,2,107),(267,3119,2,135),(272,3124,2,1),(273,3125,2,78),(274,3126,2,49),(275,3127,2,131),(276,3128,2,42),(277,3129,2,75),(278,3130,2,64),(279,3131,2,128),(280,3132,2,33),(281,3133,2,117),(282,3134,2,52),(283,3135,2,56),(284,3136,2,44),(285,3137,2,108),(286,3138,2,81),(287,3139,2,27),(288,3140,2,80),(289,3141,2,30),(290,3142,2,129),(292,3145,3,136),(293,3146,3,109),(295,3148,3,62),(296,3149,3,68),(297,3150,3,23),(298,3151,3,114),(299,3152,3,51),(300,3153,3,60),(301,3154,3,66),(302,3155,3,32),(304,3157,3,133),(305,3158,3,92),(306,3159,3,97),(307,3161,3,89),(308,3162,3,137),(309,3164,3,72),(310,3165,3,83),(311,3166,3,26),(312,3167,3,47),(313,3168,3,130),(314,3169,3,116),(315,3170,3,105),(316,3171,3,106),(318,3173,3,120),(321,3176,3,134),(322,3177,3,121),(323,3178,3,69),(324,3179,3,41),(325,3180,3,15),(327,3182,3,16),(328,3183,3,115),(329,3184,3,79),(330,3185,3,99),(331,3186,3,40),(332,3187,3,67),(333,3188,3,107),(334,3189,3,135),(337,3192,3,101),(339,3194,3,1),(340,3195,3,78),(341,3196,3,49),(342,3197,3,131),(343,3198,3,42),(344,3199,3,75),(345,3200,3,64),(346,3201,3,128),(347,3202,3,33),(348,3203,3,117),(349,3204,3,52),(350,3205,3,56),(351,3206,3,44),(352,3207,3,108),(353,3208,3,81),(354,3209,3,27),(355,3210,3,80),(356,3211,3,30),(357,3212,3,129),(359,3215,4,136),(360,3216,4,109),(361,3217,4,62),(362,3218,4,68),(363,3219,4,23),(364,3220,4,90),(365,3221,4,114),(366,3222,4,51),(367,3223,4,60),(368,3224,4,66),(369,3225,4,32),(371,3227,4,133),(372,3228,4,92),(373,3229,4,97),(374,3231,4,89),(375,3232,4,137),(376,3234,4,72),(377,3235,4,83),(378,3236,4,26),(379,3237,4,47),(380,3238,4,130),(381,3239,4,116),(382,3240,4,105),(383,3241,4,106),(385,3243,4,120),(388,3246,4,134),(389,3247,4,121),(390,3248,4,69),(391,3249,4,41),(392,3250,4,15),(394,3252,4,16),(395,3253,4,115),(396,3254,4,99),(397,3255,4,40),(398,3256,4,67),(399,3257,4,107),(400,3258,4,135),(404,3262,4,1),(405,3263,4,78),(406,3264,4,49),(407,3265,4,131),(408,3266,4,42),(409,3267,4,75),(410,3268,4,64),(411,3269,4,128),(412,3270,4,33),(413,3271,4,117),(414,3272,4,52),(415,3273,4,56),(416,3274,4,44),(417,3275,4,108),(418,3276,4,81),(419,3277,4,27),(420,3278,4,80),(421,3279,4,30),(422,3280,4,129),(424,3283,5,111),(425,3284,5,136),(426,3285,5,109),(427,3286,5,62),(428,3287,5,68),(429,3288,5,23),(430,3289,5,90),(431,3290,5,114),(432,3291,5,51),(433,3292,5,60),(434,3293,5,66),(435,3294,5,32),(437,3296,5,133),(438,3297,5,92),(439,3298,5,97),(440,3300,5,89),(441,3301,5,137),(442,3303,5,72),(443,3304,5,83),(444,3305,5,26),(445,3306,5,47),(446,3307,5,130),(447,3308,5,116),(448,3309,5,106),(450,3311,5,120),(453,3314,5,134),(454,3315,5,121),(455,3316,5,69),(456,3317,5,41),(457,3318,5,15),(459,3320,5,16),(460,3321,5,115),(461,3322,5,99),(462,3323,5,40),(463,3324,5,67),(464,3325,5,107),(465,3326,5,135),(469,3330,5,1),(470,3331,5,78),(471,3332,5,49),(472,3333,5,131),(473,3334,5,42),(474,3335,5,75),(475,3336,5,64),(476,3337,5,128),(477,3338,5,33),(478,3339,5,117),(479,3340,5,52),(480,3341,5,56),(481,3342,5,44),(482,3343,5,108),(483,3344,5,81),(484,3345,5,27),(485,3346,5,80),(486,3347,5,30),(487,3348,5,129),(489,3351,6,111),(490,3352,6,136),(491,3353,6,109),(493,3355,6,62),(494,3356,6,68),(495,3357,6,23),(496,3358,6,114),(497,3359,6,51),(498,3360,6,60),(499,3361,6,66),(500,3362,6,32),(502,3364,6,133),(503,3365,6,92),(504,3366,6,97),(505,3368,6,89),(506,3369,6,137),(507,3371,6,72),(508,3372,6,83),(509,3373,6,26),(510,3374,6,47),(511,3375,6,130),(512,3376,6,116),(513,3377,6,106),(514,3378,6,120),(517,3381,6,134),(518,3382,6,121),(519,3383,6,69),(520,3384,6,41),(521,3385,6,15),(523,3387,6,16),(524,3388,6,115),(525,3389,6,99),(526,3390,6,40),(527,3391,6,67),(528,3392,6,107),(529,3393,6,135),(533,3397,6,1),(534,3398,6,78),(535,3399,6,49),(536,3400,6,131),(537,3401,6,42),(538,3402,6,75),(539,3403,6,64),(540,3404,6,128),(541,3405,6,33),(542,3406,6,117),(543,3407,6,52),(544,3408,6,56),(546,3410,6,108),(547,3411,6,81),(548,3412,6,27),(549,3413,6,80),(550,3414,6,30),(551,3415,6,129),(553,3418,7,111),(554,3419,7,136),(555,3420,7,109),(557,3422,7,62),(558,3423,7,68),(559,3424,7,23),(560,3425,7,114),(561,3426,7,51),(562,3427,7,60),(563,3428,7,66),(564,3429,7,32),(565,3430,7,133),(566,3431,7,92),(567,3432,7,97),(568,3434,7,89),(569,3435,7,137),(570,3437,7,72),(571,3438,7,83),(572,3439,7,26),(573,3440,7,47),(574,3441,7,130),(575,3442,7,116),(576,3443,7,106),(577,3444,7,120),(580,3447,7,134),(581,3448,7,121),(582,3449,7,69),(583,3450,7,41),(584,3451,7,15),(586,3453,7,16),(587,3454,7,115),(588,3455,7,99),(589,3456,7,40),(590,3457,7,67),(591,3458,7,107),(592,3459,7,135),(596,3463,7,1),(597,3464,7,78),(598,3465,7,49),(599,3466,7,131),(600,3467,7,42),(601,3468,7,75),(602,3469,7,64),(603,3470,7,128),(604,3471,7,33),(605,3472,7,117),(606,3473,7,35),(607,3474,7,108),(608,3475,7,81),(609,3476,7,80),(610,3477,7,30),(611,3478,7,129),(613,3481,8,111),(614,3482,8,136),(615,3483,8,109),(616,3484,8,62),(617,3485,8,68),(618,3486,8,23),(619,3487,8,114),(620,3488,8,51),(621,3489,8,60),(622,3490,8,66),(623,3491,8,32),(624,3492,8,133),(625,3493,8,92),(626,3494,8,97),(627,3496,8,89),(628,3497,8,137),(629,3499,8,72),(630,3500,8,83),(631,3501,8,26),(632,3502,8,47),(633,3503,8,130),(634,3504,8,116),(635,3505,8,106),(636,3506,8,120),(639,3509,8,134),(640,3510,8,121),(641,3511,8,69),(642,3512,8,41),(643,3513,8,15),(645,3515,8,16),(647,3517,8,99),(648,3518,8,40),(649,3519,8,67),(650,3520,8,107),(651,3521,8,135),(655,3525,8,1),(656,3526,8,78),(657,3527,8,49),(658,3528,8,131),(659,3529,8,42),(660,3530,8,75),(661,3531,8,64),(662,3532,8,128),(663,3533,8,33),(664,3534,8,117),(665,3535,8,35),(666,3536,8,108),(667,3537,8,81),(668,3538,8,80),(669,3539,8,30),(670,3540,8,129),(672,3543,9,111),(673,3544,9,136),(674,3545,9,109),(675,3546,9,62),(676,3547,9,68),(677,3548,9,23),(678,3549,9,114),(679,3550,9,51),(680,3551,9,60),(681,3552,9,66),(682,3553,9,32),(683,3554,9,133),(684,3555,9,92),(685,3556,9,97),(686,3558,9,89),(687,3559,9,137),(688,3561,9,72),(689,3562,9,83),(690,3563,9,26),(691,3564,9,47),(693,3566,9,116),(694,3567,9,106),(695,3568,9,120),(698,3571,9,134),(699,3572,9,121),(700,3573,9,69),(701,3574,9,41),(702,3575,9,15),(704,3577,9,16),(705,3578,9,99),(706,3579,9,40),(707,3580,9,67),(708,3581,9,107),(709,3582,9,135),(713,3586,9,1),(714,3587,9,78),(715,3588,9,49),(716,3589,9,131),(717,3590,9,42),(718,3591,9,75),(719,3592,9,64),(720,3593,9,128),(721,3594,9,33),(722,3595,9,117),(724,3597,9,108),(725,3598,9,81),(726,3599,9,80),(727,3600,9,30),(728,3601,9,129),(730,3604,10,111),(731,3605,10,136),(732,3606,10,109),(734,3608,10,68),(735,3609,10,23),(736,3610,10,114),(737,3611,10,51),(738,3612,10,60),(739,3613,10,66),(740,3614,10,32),(741,3615,10,133),(742,3616,10,92),(743,3617,10,97),(744,3619,10,89),(745,3620,10,137),(746,3622,10,72),(747,3623,10,83),(748,3624,10,26),(749,3625,10,47),(750,3626,10,130),(751,3627,10,116),(752,3628,10,106),(753,3629,10,120),(756,3632,10,134),(757,3633,10,121),(758,3634,10,69),(759,3635,10,41),(760,3636,10,15),(762,3638,10,16),(763,3639,10,99),(764,3640,10,40),(765,3641,10,67),(766,3642,10,107),(767,3643,10,135),(771,3647,10,1),(772,3648,10,78),(773,3649,10,49),(774,3650,10,131),(775,3651,10,42),(776,3652,10,75),(777,3653,10,64),(778,3654,10,128),(779,3655,10,33),(780,3656,10,117),(782,3658,10,81),(783,3659,10,80),(784,3660,10,30),(785,3661,10,129),(787,3664,11,111),(788,3665,11,136),(789,3666,11,109),(790,3667,11,62),(791,3668,11,68),(792,3669,11,23),(793,3670,11,114),(794,3671,11,51),(795,3672,11,60),(796,3673,11,66),(797,3674,11,32),(798,3675,11,133),(799,3676,11,92),(800,3677,11,97),(801,3679,11,89),(802,3680,11,137),(803,3682,11,72),(804,3683,11,83),(805,3684,11,26),(806,3685,11,47),(807,3686,11,130),(808,3687,11,116),(809,3688,11,106),(810,3689,11,120),(812,3691,11,77),(813,3692,11,134),(814,3693,11,121),(815,3694,11,69),(816,3695,11,41),(817,3696,11,15),(818,3697,11,16),(819,3698,11,99),(820,3699,11,40),(821,3700,11,67),(822,3701,11,107),(823,3702,11,135),(827,3706,11,1),(828,3707,11,78),(829,3708,11,49),(830,3709,11,131),(831,3710,11,42),(832,3711,11,75),(833,3712,11,64),(834,3713,11,128),(835,3714,11,33),(836,3715,11,117),(838,3717,11,81),(839,3718,11,80),(841,3720,11,129),(843,3723,12,111),(844,3724,12,136),(845,3725,12,109),(846,3726,12,62),(847,3727,12,68),(848,3728,12,23),(849,3729,12,114),(850,3730,12,51),(851,3731,12,60),(852,3732,12,66),(853,3733,12,32),(854,3734,12,133),(855,3735,12,92),(856,3736,12,97),(857,3738,12,89),(858,3739,12,137),(859,3741,12,72),(860,3742,12,83),(861,3743,12,26),(862,3744,12,47),(863,3745,12,130),(864,3746,12,116),(865,3747,12,106),(866,3748,12,120),(868,3750,12,77),(869,3751,12,134),(870,3752,12,121),(871,3753,12,69),(872,3754,12,41),(873,3755,12,15),(874,3756,12,16),(875,3757,12,99),(876,3758,12,40),(877,3759,12,67),(878,3760,12,107),(879,3761,12,135),(882,3764,12,1),(883,3765,12,78),(884,3766,12,49),(885,3767,12,131),(886,3768,12,42),(887,3769,12,75),(888,3770,12,64),(889,3771,12,128),(890,3772,12,33),(891,3773,12,117),(892,3774,12,81),(893,3775,12,80),(894,3776,12,30),(895,3777,12,129),(897,3780,13,111),(898,3781,13,136),(899,3782,13,109),(900,3783,13,62),(901,3784,13,68),(902,3785,13,23),(903,3786,13,114),(904,3787,13,51),(905,3788,13,60),(906,3789,13,66),(907,3790,13,32),(908,3791,13,133),(909,3792,13,92),(910,3793,13,97),(911,3795,13,89),(912,3796,13,137),(913,3798,13,72),(914,3799,13,83),(915,3800,13,26),(916,3801,13,47),(917,3802,13,130),(918,3803,13,116),(919,3804,13,106),(920,3805,13,120),(921,3806,13,2),(923,3808,13,134),(924,3809,13,121),(925,3810,13,69),(926,3811,13,41),(927,3812,13,15),(928,3813,13,16),(929,3814,13,99),(930,3815,13,40),(931,3816,13,67),(932,3817,13,107),(933,3818,13,135),(936,3821,13,1),(937,3822,13,78),(938,3823,13,49),(939,3824,13,131),(940,3825,13,42),(941,3826,13,75),(942,3827,13,64),(943,3828,13,128),(944,3829,13,33),(945,3830,13,117),(946,3831,13,81),(947,3832,13,80),(948,3833,13,30),(949,3834,13,129),(951,3837,14,111),(952,3838,14,136),(953,3839,14,109),(954,3840,14,62),(955,3841,14,68),(956,3842,14,23),(957,3843,14,114),(959,3845,14,60),(960,3846,14,66),(961,3847,14,32),(962,3848,14,133),(963,3849,14,92),(964,3850,14,97),(965,3852,14,89),(966,3853,14,137),(967,3855,14,72),(968,3856,14,83),(969,3857,14,26),(971,3859,14,130),(972,3860,14,116),(973,3861,14,106),(974,3862,14,120),(975,3863,14,2),(977,3865,14,134),(978,3866,14,121),(979,3867,14,69),(980,3868,14,41),(981,3869,14,15),(982,3870,14,16),(983,3871,14,99),(984,3872,14,40),(985,3873,14,67),(986,3874,14,107),(987,3875,14,135),(990,3878,14,1),(991,3879,14,78),(992,3880,14,49),(993,3881,14,131),(994,3882,14,42),(995,3883,14,75),(996,3884,14,64),(997,3885,14,128),(998,3886,14,33),(999,3887,14,117),(1000,3888,14,81),(1001,3889,14,80),(1002,3890,14,30),(1003,3891,14,129),(1005,3894,15,111),(1006,3895,15,136),(1007,3896,15,109),(1008,3897,15,62),(1009,3898,15,68),(1010,3899,15,23),(1011,3900,15,114),(1012,3901,15,60),(1013,3902,15,66),(1014,3903,15,32),(1015,3904,15,133),(1016,3905,15,92),(1017,3906,15,97),(1018,3908,15,89),(1019,3909,15,137),(1020,3911,15,72),(1021,3912,15,83),(1022,3913,15,26),(1024,3915,15,130),(1025,3916,15,116),(1026,3917,15,106),(1027,3918,15,120),(1028,3919,15,2),(1030,3921,15,134),(1031,3922,15,121),(1032,3923,15,69),(1033,3924,15,41),(1034,3925,15,15),(1035,3926,15,16),(1036,3927,15,99),(1037,3928,15,40),(1038,3929,15,67),(1039,3930,15,107),(1040,3931,15,135),(1043,3934,15,1),(1044,3935,15,78),(1045,3936,15,49),(1046,3937,15,131),(1047,3938,15,42),(1048,3939,15,75),(1049,3940,15,64),(1050,3941,15,128),(1051,3942,15,33),(1052,3943,15,117),(1053,3944,15,81),(1054,3945,15,80),(1055,3946,15,30),(1056,3947,15,129),(1058,3950,16,111),(1059,3951,16,136),(1060,3952,16,109),(1061,3953,16,62),(1062,3954,16,68),(1063,3955,16,23),(1064,3956,16,114),(1065,3957,16,60),(1066,3958,16,66),(1067,3959,16,32),(1068,3960,16,133),(1069,3961,16,92),(1070,3962,16,97),(1071,3964,16,89),(1072,3965,16,137),(1073,3967,16,72),(1074,3968,16,83),(1075,3969,16,26),(1076,3970,16,47),(1077,3971,16,130),(1078,3972,16,116),(1079,3973,16,106),(1081,3975,16,2),(1083,3977,16,134),(1085,3979,16,69),(1086,3980,16,15),(1087,3981,16,16),(1088,3982,16,99),(1089,3983,16,40),(1090,3984,16,67),(1091,3985,16,107),(1092,3986,16,135),(1095,3989,16,1),(1096,3990,16,78),(1097,3991,16,49),(1098,3992,16,131),(1099,3993,16,42),(1100,3994,16,75),(1101,3995,16,64),(1102,3996,16,128),(1103,3997,16,33),(1104,3998,16,117),(1105,3999,16,81),(1106,4000,16,80),(1107,4001,16,30),(1108,4002,16,129),(1110,4005,17,111),(1111,4006,17,136),(1112,4007,17,109),(1113,4008,17,62),(1114,4009,17,68),(1115,4010,17,23),(1116,4011,17,114),(1117,4012,17,60),(1118,4013,17,66),(1119,4014,17,32),(1120,4015,17,133),(1121,4016,17,92),(1122,4017,17,97),(1123,4019,17,89),(1125,4022,17,72),(1126,4023,17,83),(1127,4024,17,26),(1128,4025,17,47),(1129,4026,17,130),(1130,4027,17,116),(1131,4028,17,106),(1133,4030,17,77),(1134,4031,17,134),(1135,4032,17,69),(1136,4033,17,15),(1137,4034,17,16),(1138,4035,17,99),(1139,4036,17,40),(1140,4037,17,67),(1141,4038,17,107),(1142,4039,17,135),(1145,4042,17,1),(1146,4043,17,78),(1147,4044,17,49),(1148,4045,17,131),(1149,4046,17,42),(1150,4047,17,75),(1151,4048,17,64),(1152,4049,17,128),(1153,4050,17,33),(1154,4051,17,117),(1155,4052,17,81),(1156,4053,17,80),(1157,4054,17,30),(1158,4055,17,129),(1160,4058,18,111),(1161,4059,18,136),(1162,4060,18,109),(1163,4061,18,62),(1164,4062,18,68),(1165,4063,18,23),(1166,4064,18,114),(1167,4065,18,60),(1168,4066,18,66),(1169,4067,18,32),(1170,4068,18,133),(1171,4069,18,92),(1172,4070,18,97),(1173,4072,18,89),(1174,4073,18,137),(1175,4075,18,72),(1176,4076,18,83),(1177,4077,18,26),(1178,4078,18,47),(1179,4079,18,130),(1180,4080,18,116),(1181,4081,18,106),(1182,4082,18,2),(1184,4084,18,134),(1185,4085,18,69),(1186,4086,18,15),(1187,4087,18,16),(1188,4088,18,99),(1189,4089,18,40),(1190,4090,18,67),(1191,4091,18,107),(1192,4092,18,135),(1195,4095,18,1),(1196,4096,18,78),(1197,4097,18,49),(1198,4098,18,131),(1199,4099,18,42),(1200,4100,18,75),(1201,4101,18,64),(1202,4102,18,128),(1203,4103,18,33),(1204,4104,18,117),(1205,4105,18,81),(1206,4106,18,80),(1207,4107,18,30),(1208,4108,18,129),(1210,4111,19,111),(1211,4112,19,136),(1212,4113,19,109),(1213,4114,19,62),(1214,4115,19,68),(1215,4116,19,23),(1216,4117,19,114),(1217,4118,19,60),(1218,4119,19,66),(1219,4120,19,32),(1220,4121,19,133),(1221,4122,19,92),(1222,4123,19,97),(1223,4125,19,89),(1224,4126,19,137),(1225,4128,19,72),(1226,4129,19,83),(1227,4130,19,26),(1228,4131,19,47),(1229,4132,19,130),(1230,4133,19,116),(1231,4134,19,106),(1232,4135,19,2),(1234,4137,19,134),(1235,4138,19,69),(1236,4139,19,15),(1237,4140,19,16),(1238,4141,19,99),(1239,4142,19,40),(1240,4143,19,67),(1241,4144,19,107),(1242,4145,19,135),(1245,4148,19,1),(1246,4149,19,78),(1247,4150,19,49),(1248,4151,19,131),(1249,4152,19,42),(1250,4153,19,75),(1251,4154,19,64),(1252,4155,19,112),(1253,4156,19,128),(1254,4157,19,33),(1255,4158,19,117),(1256,4159,19,81),(1257,4160,19,80),(1258,4161,19,30),(1259,4162,19,129),(1261,4165,20,111),(1262,4166,20,136),(1263,4167,20,109),(1264,4168,20,62),(1265,4169,20,68),(1266,4170,20,23),(1267,4171,20,114),(1268,4172,20,60),(1269,4173,20,66),(1270,4174,20,32),(1271,4175,20,133),(1272,4176,20,92),(1273,4177,20,97),(1274,4179,20,89),(1275,4180,20,137),(1276,4182,20,72),(1277,4183,20,83),(1278,4184,20,26),(1279,4185,20,47),(1280,4186,20,130),(1281,4187,20,116),(1282,4188,20,106),(1283,4189,20,120),(1285,4191,20,77),(1286,4192,20,134),(1287,4193,20,69),(1288,4194,20,15),(1289,4195,20,16),(1290,4196,20,99),(1291,4197,20,40),(1292,4198,20,67),(1293,4199,20,107),(1294,4200,20,135),(1297,4203,20,1),(1298,4204,20,78),(1299,4205,20,49),(1300,4206,20,131),(1301,4207,20,42),(1302,4208,20,75),(1303,4209,20,64),(1305,4211,20,128),(1306,4212,20,33),(1307,4213,20,117),(1308,4214,20,81),(1309,4215,20,80),(1311,4217,20,129),(1313,4220,21,111),(1314,4221,21,136),(1315,4222,21,109),(1316,4223,21,68),(1317,4224,21,23),(1318,4225,21,114),(1319,4226,21,60),(1320,4227,21,66),(1321,4228,21,32),(1322,4229,21,133),(1323,4230,21,92),(1324,4231,21,97),(1325,4233,21,89),(1326,4234,21,137),(1327,4236,21,72),(1328,4237,21,83),(1329,4238,21,26),(1330,4239,21,47),(1331,4240,21,130),(1332,4241,21,116),(1333,4242,21,106),(1334,4243,21,120),(1335,4244,21,2),(1337,4246,21,134),(1338,4247,21,69),(1339,4248,21,15),(1340,4249,21,16),(1341,4250,21,99),(1342,4251,21,40),(1343,4252,21,67),(1344,4253,21,107),(1345,4254,21,135),(1348,4257,21,1),(1349,4258,21,78),(1350,4259,21,49),(1351,4260,21,131),(1352,4261,21,42),(1353,4262,21,75),(1354,4263,21,64),(1356,4265,21,128),(1357,4266,21,33),(1358,4267,21,117),(1359,4268,21,81),(1360,4269,21,80),(1361,4270,21,129),(1363,4273,22,111),(1364,4274,22,136),(1365,4275,22,109),(1366,4276,22,62),(1367,4277,22,68),(1368,4278,22,23),(1369,4279,22,114),(1370,4280,22,60),(1371,4281,22,66),(1372,4282,22,32),(1373,4283,22,133),(1374,4284,22,92),(1375,4285,22,97),(1376,4287,22,89),(1377,4288,22,137),(1378,4290,22,72),(1379,4291,22,83),(1380,4292,22,26),(1381,4293,22,47),(1382,4294,22,130),(1383,4295,22,116),(1384,4296,22,106),(1385,4297,22,120),(1388,4300,22,134),(1389,4301,22,69),(1390,4302,22,15),(1391,4303,22,16),(1392,4304,22,99),(1393,4305,22,40),(1394,4306,22,67),(1395,4307,22,107),(1396,4308,22,135),(1399,4311,22,1),(1400,4312,22,78),(1401,4313,22,49),(1402,4314,22,131),(1403,4315,22,42),(1404,4316,22,75),(1405,4317,22,64),(1407,4319,22,128),(1408,4320,22,33),(1409,4321,22,117),(1410,4322,22,81),(1411,4323,22,80),(1412,4324,22,129),(1414,4327,23,111),(1415,4328,23,136),(1416,4329,23,109),(1417,4330,23,62),(1418,4331,23,68),(1419,4332,23,23),(1420,4333,23,114),(1421,4334,23,60),(1422,4335,23,66),(1423,4336,23,32),(1424,4337,23,133),(1425,4338,23,92),(1426,4340,23,89),(1427,4341,23,137),(1428,4343,23,72),(1429,4344,23,83),(1430,4345,23,26),(1431,4346,23,47),(1432,4347,23,130),(1433,4348,23,116),(1434,4349,23,106),(1435,4350,23,120),(1437,4352,23,77),(1439,4354,23,15),(1440,4355,23,16),(1441,4356,23,99),(1442,4357,23,40),(1443,4358,23,67),(1444,4359,23,107),(1445,4360,23,135),(1448,4363,23,1),(1449,4364,23,78),(1450,4365,23,49),(1451,4366,23,131),(1452,4367,23,42),(1453,4368,23,75),(1454,4369,23,64),(1455,4370,23,112),(1456,4371,23,128),(1457,4372,23,33),(1458,4373,23,117),(1459,4374,23,81),(1460,4375,23,80),(1461,4376,23,129),(1463,4379,24,111),(1464,4380,24,136),(1465,4381,24,109),(1466,4382,24,62),(1467,4383,24,68),(1468,4384,24,23),(1469,4385,24,114),(1470,4386,24,60),(1471,4387,24,66),(1472,4388,24,32),(1473,4389,24,133),(1474,4390,24,92),(1475,4392,24,89),(1476,4393,24,137),(1477,4395,24,72),(1478,4396,24,83),(1479,4397,24,26),(1480,4398,24,47),(1482,4400,24,116),(1483,4401,24,106),(1484,4402,24,120),(1487,4405,24,15),(1488,4406,24,16),(1489,4407,24,99),(1490,4408,24,40),(1491,4409,24,67),(1492,4410,24,107),(1493,4411,24,135),(1494,4412,24,101),(1496,4414,24,1),(1497,4415,24,78),(1498,4416,24,49),(1499,4417,24,131),(1500,4418,24,42),(1501,4419,24,75),(1502,4420,24,64),(1503,4421,24,112),(1504,4422,24,128),(1505,4423,24,33),(1506,4424,24,117),(1507,4425,24,81),(1508,4426,24,80),(1509,4427,24,129),(1511,4430,25,111),(1512,4431,25,136),(1513,4432,25,109),(1514,4433,25,62),(1515,4434,25,68),(1516,4435,25,23),(1517,4436,25,114),(1518,4437,25,60),(1519,4438,25,66),(1520,4439,25,32),(1521,4440,25,133),(1522,4441,25,92),(1523,4443,25,89),(1524,4444,25,137),(1525,4446,25,72),(1526,4447,25,83),(1527,4448,25,26),(1528,4449,25,47),(1530,4451,25,116),(1531,4452,25,106),(1532,4453,25,120),(1535,4456,25,15),(1536,4457,25,16),(1537,4458,25,99),(1538,4459,25,40),(1539,4460,25,107),(1540,4461,25,135),(1544,4465,25,78),(1545,4466,25,49),(1546,4467,25,131),(1547,4468,25,42),(1548,4469,25,75),(1549,4470,25,64),(1550,4471,25,112),(1551,4472,25,128),(1552,4473,25,33),(1553,4474,25,117),(1554,4475,25,81),(1555,4476,25,80),(1556,4477,25,129),(1558,4480,26,111),(1559,4481,26,136),(1560,4482,26,109),(1561,4483,26,62),(1562,4484,26,68),(1563,4485,26,23),(1564,4486,26,60),(1565,4487,26,66),(1566,4488,26,32),(1567,4489,26,133),(1568,4490,26,92),(1569,4492,26,89),(1570,4493,26,137),(1571,4495,26,72),(1572,4496,26,83),(1573,4497,26,26),(1574,4498,26,47),(1576,4500,26,116),(1577,4501,26,106),(1578,4502,26,120),(1581,4505,26,15),(1582,4506,26,16),(1583,4507,26,99),(1584,4508,26,40),(1585,4509,26,107),(1586,4510,26,135),(1589,4513,26,78),(1590,4514,26,49),(1591,4515,26,131),(1592,4516,26,42),(1593,4517,26,75),(1594,4518,26,64),(1596,4520,26,128),(1597,4521,26,33),(1598,4522,26,117),(1599,4523,26,81),(1600,4524,26,80),(1601,4525,26,129),(1603,4528,27,111),(1604,4529,27,136),(1605,4530,27,109),(1606,4531,27,62),(1607,4532,27,68),(1608,4533,27,23),(1609,4534,27,60),(1610,4535,27,66),(1611,4536,27,32),(1612,4537,27,133),(1613,4538,27,92),(1614,4540,27,89),(1615,4541,27,137),(1616,4543,27,72),(1617,4544,27,83),(1618,4545,27,26),(1619,4546,27,47),(1621,4548,27,116),(1622,4549,27,106),(1623,4550,27,120),(1626,4553,27,15),(1627,4554,27,16),(1628,4555,27,99),(1629,4556,27,40),(1630,4557,27,107),(1631,4558,27,135),(1634,4561,27,78),(1635,4562,27,49),(1636,4563,27,131),(1637,4564,27,42),(1638,4565,27,75),(1639,4566,27,64),(1640,4567,27,112),(1641,4568,27,128),(1642,4569,27,33),(1643,4570,27,117),(1644,4571,27,81),(1645,4572,27,80),(1646,4573,27,129),(1648,4576,28,136),(1649,4577,28,109),(1650,4578,28,62),(1651,4579,28,68),(1652,4580,28,23),(1653,4581,28,60),(1654,4582,28,66),(1655,4583,28,32),(1656,4584,28,92),(1657,4586,28,89),(1658,4587,28,137),(1659,4589,28,72),(1660,4590,28,83),(1661,4591,28,26),(1662,4592,28,47),(1664,4594,28,116),(1665,4595,28,106),(1666,4596,28,120),(1669,4599,28,15),(1670,4600,28,16),(1671,4601,28,99),(1672,4602,28,40),(1673,4603,28,107),(1674,4604,28,135),(1677,4607,28,78),(1678,4608,28,49),(1679,4609,28,131),(1680,4610,28,42),(1681,4611,28,75),(1682,4612,28,64),(1683,4613,28,112),(1684,4614,28,128),(1685,4615,28,33),(1686,4616,28,117),(1687,4617,28,81),(1688,4618,28,80),(1689,4619,28,129),(1691,4622,29,136),(1692,4623,29,109),(1693,4624,29,62),(1694,4625,29,68),(1695,4626,29,23),(1696,4627,29,60),(1697,4628,29,66),(1698,4629,29,32),(1699,4630,29,92),(1700,4632,29,89),(1701,4633,29,137),(1702,4635,29,72),(1703,4636,29,83),(1704,4637,29,26),(1705,4638,29,47),(1707,4640,29,116),(1708,4641,29,106),(1709,4642,29,120),(1712,4645,29,15),(1713,4646,29,16),(1714,4647,29,99),(1715,4648,29,40),(1716,4649,29,107),(1717,4650,29,135),(1720,4653,29,78),(1721,4654,29,49),(1722,4655,29,131),(1723,4656,29,42),(1724,4657,29,75),(1725,4658,29,64),(1727,4660,29,128),(1728,4661,29,33),(1729,4662,29,117),(1730,4663,29,81),(1731,4664,29,80),(1732,4665,29,129),(1734,4668,30,111),(1735,4669,30,136),(1736,4670,30,109),(1737,4671,30,62),(1738,4672,30,68),(1739,4673,30,23),(1740,4674,30,60),(1741,4675,30,66),(1742,4676,30,32),(1743,4677,30,92),(1744,4679,30,89),(1745,4680,30,137),(1746,4682,30,72),(1747,4683,30,83),(1748,4684,30,26),(1749,4685,30,47),(1751,4687,30,116),(1752,4688,30,106),(1753,4689,30,120),(1756,4692,30,15),(1757,4693,30,16),(1758,4694,30,99),(1759,4695,30,40),(1760,4696,30,67),(1761,4697,30,107),(1762,4698,30,135),(1765,4701,30,78),(1766,4702,30,49),(1767,4703,30,131),(1768,4704,30,42),(1769,4705,30,75),(1770,4706,30,64),(1771,4707,30,112),(1772,4708,30,128),(1773,4709,30,33),(1774,4710,30,117),(1775,4711,30,81),(1776,4712,30,80),(1777,4713,30,129),(1779,4716,31,111),(1780,4717,31,136),(1781,4718,31,109),(1782,4719,31,62),(1783,4720,31,68),(1784,4721,31,23),(1785,4722,31,60),(1786,4723,31,66),(1787,4724,31,32),(1788,4725,31,92),(1789,4727,31,89),(1790,4728,31,137),(1791,4730,31,72),(1792,4731,31,83),(1793,4732,31,26),(1794,4733,31,47),(1796,4735,31,116),(1797,4736,31,106),(1798,4737,31,120),(1801,4740,31,15),(1802,4741,31,16),(1803,4742,31,99),(1804,4743,31,40),(1805,4744,31,67),(1806,4745,31,107),(1807,4746,31,135),(1810,4749,31,78),(1811,4750,31,131),(1812,4751,31,42),(1813,4752,31,75),(1814,4753,31,64),(1816,4755,31,128),(1817,4756,31,33),(1818,4757,31,117),(1819,4758,31,81),(1820,4759,31,80),(1821,4760,31,129),(1823,4763,32,111),(1824,4764,32,136),(1825,4765,32,109),(1826,4766,32,62),(1827,4767,32,68),(1828,4768,32,23),(1829,4769,32,60),(1830,4770,32,66),(1831,4771,32,32),(1832,4772,32,92),(1833,4774,32,89),(1834,4775,32,137),(1835,4777,32,72),(1836,4778,32,83),(1837,4779,32,26),(1838,4780,32,47),(1840,4782,32,116),(1841,4783,32,106),(1842,4784,32,120),(1845,4787,32,15),(1846,4788,32,16),(1847,4789,32,99),(1848,4790,32,40),(1849,4791,32,67),(1850,4792,32,107),(1851,4793,32,135),(1854,4796,32,78),(1855,4797,32,131),(1856,4798,32,42),(1857,4799,32,75),(1858,4800,32,64),(1859,4801,32,112),(1860,4802,32,128),(1861,4803,32,33),(1862,4804,32,117),(1863,4805,32,81),(1864,4806,32,80),(1865,4807,32,129),(1867,4810,33,111),(1868,4811,33,136),(1869,4812,33,109),(1870,4813,33,62),(1871,4814,33,68),(1872,4815,33,23),(1873,4816,33,60),(1874,4817,33,66),(1875,4818,33,32),(1876,4819,33,92),(1877,4821,33,89),(1878,4822,33,137),(1879,4824,33,72),(1880,4825,33,83),(1881,4826,33,26),(1882,4827,33,47),(1884,4829,33,116),(1885,4830,33,106),(1886,4831,33,120),(1889,4834,33,15),(1890,4835,33,16),(1891,4836,33,99),(1892,4837,33,40),(1893,4838,33,67),(1894,4839,33,107),(1895,4840,33,135),(1898,4843,33,78),(1899,4844,33,131),(1900,4845,33,42),(1901,4846,33,75),(1902,4847,33,64),(1903,4848,33,112),(1904,4849,33,128),(1905,4850,33,33),(1906,4851,33,117),(1907,4852,33,81),(1908,4853,33,80),(1909,4854,33,129),(1911,4857,34,111),(1913,4859,34,109),(1914,4860,34,62),(1915,4861,34,68),(1916,4862,34,23),(1917,4863,34,60),(1918,4864,34,66),(1919,4865,34,32),(1920,4866,34,92),(1921,4868,34,89),(1922,4869,34,137),(1923,4871,34,72),(1924,4872,34,83),(1925,4873,34,26),(1926,4874,34,47),(1928,4876,34,116),(1929,4877,34,106),(1930,4878,34,120),(1933,4881,34,15),(1934,4882,34,16),(1935,4883,34,99),(1936,4884,34,40),(1937,4885,34,67),(1938,4886,34,107),(1939,4887,34,135),(1942,4890,34,78),(1943,4891,34,131),(1944,4892,34,42),(1945,4893,34,75),(1946,4894,34,64),(1948,4896,34,128),(1949,4897,34,33),(1950,4898,34,117),(1951,4899,34,81),(1952,4900,34,80),(1953,4901,34,129),(1955,4904,35,111),(1956,4905,35,109),(1957,4906,35,62),(1958,4907,35,68),(1959,4908,35,23),(1960,4909,35,60),(1961,4910,35,66),(1962,4911,35,32),(1963,4912,35,92),(1964,4914,35,89),(1965,4915,35,137),(1966,4917,35,72),(1967,4918,35,83),(1968,4919,35,26),(1969,4920,35,47),(1971,4922,35,116),(1972,4923,35,120),(1975,4926,35,15),(1976,4927,35,16),(1977,4928,35,99),(1978,4929,35,40),(1979,4930,35,67),(1980,4931,35,107),(1981,4932,35,135),(1984,4935,35,78),(1985,4936,35,131),(1986,4937,35,42),(1987,4938,35,75),(1988,4939,35,64),(1989,4940,35,128),(1990,4941,35,33),(1991,4942,35,117),(1992,4943,35,81),(1993,4944,35,80),(1994,4945,35,129),(1996,4948,36,111),(1997,4949,36,109),(1998,4950,36,62),(1999,4951,36,68),(2001,4953,36,60),(2002,4954,36,32),(2003,4955,36,92),(2004,4956,36,89),(2005,4957,36,137),(2006,4959,36,72),(2007,4960,36,83),(2008,4961,36,26),(2009,4962,36,47),(2011,4964,36,116),(2012,4965,36,120),(2015,4968,36,15),(2017,4970,36,40),(2018,4971,36,107),(2019,4972,36,135),(2022,4975,36,78),(2023,4976,36,131),(2024,4977,36,42),(2025,4978,36,75),(2026,4979,36,64),(2027,4980,36,128),(2028,4981,36,33),(2029,4982,36,117),(2030,4983,36,80),(2031,4984,36,129),(2033,4987,37,111),(2034,4988,37,109),(2035,4989,37,62),(2036,4990,37,68),(2037,4991,37,60),(2038,4992,37,92),(2039,4993,37,89),(2040,4994,37,137),(2041,4996,37,72),(2042,4997,37,83),(2043,4998,37,26),(2044,4999,37,47),(2046,5001,37,116),(2047,5002,37,120),(2051,5006,37,16),(2052,5007,37,40),(2053,5008,37,107),(2054,5009,37,135),(2057,5012,37,78),(2058,5013,37,131),(2059,5014,37,42),(2060,5015,37,75),(2061,5016,37,64),(2062,5017,37,128),(2063,5018,37,33),(2064,5019,37,117),(2065,5020,37,80),(2066,5021,37,129),(2068,5024,38,111),(2069,5025,38,109),(2071,5027,38,68),(2072,5028,38,60),(2073,5029,38,32),(2074,5030,38,92),(2075,5032,38,89),(2076,5033,38,137),(2077,5035,38,72),(2078,5036,38,83),(2079,5037,38,26),(2080,5038,38,47),(2082,5040,38,116),(2083,5041,38,120),(2088,5046,38,40),(2089,5047,38,107),(2090,5048,38,135),(2093,5051,38,78),(2094,5052,38,131),(2095,5053,38,42),(2096,5054,38,75),(2097,5055,38,64),(2098,5056,38,112),(2099,5057,38,128),(2100,5058,38,33),(2101,5059,38,117),(2102,5060,38,80),(2103,5061,38,129),(2105,5064,39,111),(2106,5065,39,109),(2107,5066,39,62),(2108,5067,39,68),(2109,5068,39,60),(2110,5069,39,32),(2111,5070,39,92),(2112,5072,39,89),(2113,5073,39,137),(2114,5075,39,72),(2115,5076,39,83),(2116,5077,39,26),(2117,5078,39,47),(2119,5080,39,116),(2120,5081,39,120),(2125,5086,39,40),(2126,5087,39,107),(2127,5088,39,135),(2130,5091,39,78),(2131,5092,39,131),(2132,5093,39,42),(2133,5094,39,75),(2134,5095,39,64),(2135,5096,39,112),(2136,5097,39,128),(2137,5098,39,33),(2138,5099,39,117),(2139,5100,39,80),(2140,5101,39,129),(2142,5104,40,111),(2143,5105,40,109),(2144,5106,40,62),(2145,5107,40,60),(2146,5108,40,32),(2147,5110,40,89),(2148,5111,40,137),(2149,5113,40,72),(2150,5114,40,83),(2151,5115,40,26),(2154,5118,40,116),(2158,5122,40,69),(2161,5125,40,40),(2162,5126,40,107),(2163,5127,40,135),(2166,5130,40,78),(2167,5131,40,131),(2168,5132,40,42),(2169,5133,40,75),(2170,5134,40,64),(2171,5135,40,112),(2172,5136,40,128),(2173,5137,40,33),(2174,5138,40,117),(2175,5139,40,35),(2176,5140,40,80),(2177,5141,40,129),(2179,5144,41,111),(2180,5145,41,109),(2181,5146,41,62),(2182,5147,41,60),(2183,5148,41,32),(2184,5150,41,89),(2185,5151,41,137),(2186,5153,41,72),(2187,5154,41,83),(2190,5157,41,116),(2191,5158,41,120),(2194,5161,41,69),(2197,5164,41,40),(2198,5165,41,107),(2199,5166,41,135),(2202,5169,41,78),(2203,5170,41,131),(2204,5171,41,42),(2205,5172,41,75),(2206,5173,41,64),(2208,5175,41,128),(2209,5176,41,33),(2210,5177,41,117),(2211,5178,41,35),(2212,5179,41,80),(2213,5180,41,129),(2215,5183,42,111),(2216,5184,42,109),(2217,5185,42,62),(2218,5186,42,60),(2219,5187,42,32),(2220,5189,42,89),(2221,5190,42,137),(2222,5192,42,72),(2223,5193,42,83),(2226,5196,42,116),(2227,5197,42,120),(2230,5200,42,69),(2231,5201,42,40),(2232,5202,42,67),(2233,5203,42,107),(2234,5204,42,135),(2237,5207,42,78),(2238,5208,42,131),(2239,5209,42,42),(2240,5210,42,75),(2241,5211,42,64),(2242,5212,42,128),(2243,5213,42,117),(2244,5214,42,35),(2245,5215,42,80),(2246,5216,42,129),(2248,5219,43,111),(2249,5220,43,109),(2250,5221,43,62),(2251,5222,43,60),(2252,5223,43,32),(2253,5225,43,89),(2254,5226,43,137),(2255,5228,43,72),(2256,5229,43,83),(2257,5230,43,47),(2259,5232,43,116),(2260,5233,43,120),(2263,5236,43,69),(2264,5237,43,40),(2265,5238,43,67),(2266,5239,43,107),(2267,5240,43,135),(2268,5241,43,101),(2270,5243,43,78),(2271,5244,43,131),(2272,5245,43,42),(2273,5246,43,75),(2274,5247,43,64),(2275,5248,43,128),(2276,5249,43,117),(2277,5250,43,35),(2278,5251,43,80),(2279,5252,43,129),(2281,5255,44,109),(2282,5256,44,62),(2283,5257,44,60),(2284,5258,44,32),(2285,5260,44,89),(2286,5261,44,137),(2287,5263,44,72),(2288,5264,44,83),(2291,5267,44,116),(2295,5271,44,40),(2296,5272,44,67),(2297,5273,44,135),(2299,5275,44,78),(2300,5276,44,131),(2301,5277,44,42),(2302,5278,44,75),(2303,5279,44,64),(2305,5281,44,117),(2306,5282,44,35),(2307,5283,44,80),(2308,5284,44,129),(2310,5287,45,109),(2311,5288,45,62),(2312,5289,45,60),(2313,5290,45,32),(2314,5291,45,89),(2315,5292,45,137),(2316,5294,45,72),(2317,5295,45,83),(2318,5296,45,47),(2323,5301,45,40),(2324,5302,45,67),(2325,5303,45,107),(2326,5304,45,135),(2328,5306,45,78),(2329,5307,45,42),(2330,5308,45,75),(2331,5309,45,64),(2332,5310,45,128),(2333,5311,45,117),(2334,5312,45,52),(2335,5313,45,80),(2336,5314,45,129),(2338,5316,46,109),(2339,5317,46,62),(2340,5318,46,32),(2341,5320,46,89),(2342,5321,46,137),(2343,5323,46,72),(2344,5324,46,83),(2345,5325,46,47),(2350,5330,46,40),(2352,5332,46,107),(2353,5333,46,135),(2355,5335,46,78),(2356,5336,46,75),(2357,5337,46,128),(2358,5338,46,117),(2359,5339,46,52),(2360,5340,46,80),(2361,5341,46,129),(2363,5343,47,109),(2365,5345,47,32),(2366,5346,47,89),(2367,5347,47,137),(2368,5348,47,72),(2369,5349,47,83),(2375,5355,47,40),(2377,5357,47,107),(2378,5358,47,135),(2379,5359,47,78),(2380,5360,47,128),(2381,5361,47,117),(2382,5362,47,52),(2383,5363,47,80),(2384,5364,47,129),(2386,5366,48,32),(2387,5367,48,89),(2388,5368,48,72),(2390,5370,48,40),(2392,5372,48,117),(2393,5373,48,80),(2394,5374,48,129),(2396,5376,49,89),(2398,5378,49,80),(4249,5380,68,111),(4250,5382,67,66),(4251,5383,67,107),(4253,5385,68,107),(4258,5390,1,23),(4259,5391,67,133),(4260,5392,68,92),(4261,5393,67,92),(4267,5394,1,122),(4268,5396,3,122),(4269,5399,2,122),(4270,5401,5,122),(4272,5404,7,122),(4276,5408,10,122),(4277,5409,11,122),(4279,5411,13,122),(4280,5411,14,122),(4282,5413,16,122),(4283,5413,17,122),(4286,5415,20,122),(4290,5417,67,122),(4292,5419,25,122),(4293,5419,26,122),(4295,5420,28,122),(4296,5420,29,122),(4298,5421,31,122),(4303,5426,35,122),(4312,5434,46,122),(4313,5436,68,89),(4314,5437,67,89),(4315,5438,67,137),(4316,5439,68,137),(4317,5440,65,137),(4318,5441,1,123),(4319,5441,2,123),(4320,5441,3,123),(4321,5441,4,123),(4322,5441,5,123),(4323,5441,6,123),(4324,5441,7,123),(4325,5441,8,123),(4328,5441,10,123),(4331,5441,9,123),(4332,5442,11,123),(4333,5443,12,123),(4334,5443,13,123),(4335,5444,14,123),(4336,5445,15,123),(4337,5446,16,123),(4338,5447,17,123),(4339,5447,18,123),(4340,5447,19,123),(4341,5447,20,123),(4344,5450,67,123),(4345,5450,24,123),(4346,5450,25,123),(4347,5450,26,123),(4349,5449,22,123),(4350,5449,23,123),(4351,5451,27,123),(4352,5452,65,72),(4353,5453,67,72),(4355,5455,68,83),(4356,5456,67,83),(4357,5457,67,26),(4358,5458,68,26),(4359,5459,67,116),(4360,5460,68,116),(4361,5461,65,116),(4362,5462,68,105),(4363,5463,67,106),(4364,5464,68,106),(4367,3630,10,77),(4368,5465,67,2),(4369,5465,67,77),(4370,5466,68,2),(4371,5466,68,77),(4377,5470,67,99),(4378,5473,68,40),(4380,5476,67,135),(4381,5477,68,135),(4382,5478,65,135),(4383,5488,67,78),(4384,5489,68,78),(4385,5490,65,78),(4386,5491,68,49),(4387,5492,67,131),(4388,5493,68,131),(4389,5494,65,131),(4392,5497,68,64),(4393,5505,68,112),(4395,5507,65,112),(4396,5509,68,117),(4397,5510,67,117),(4398,5512,65,35),(4401,5516,68,52),(4402,5517,65,52),(4405,5521,66,52),(4406,5523,67,81),(4407,5524,67,80),(4408,5525,68,80),(4409,5526,65,80),(4410,5528,50,80),(4411,5529,51,80),(4413,5531,67,129),(4414,5531,68,129),(4415,5532,65,129),(4464,5535,68,75),(4465,5449,21,123),(4466,5536,28,123),(4467,5537,30,123),(4468,5538,31,123),(4469,5539,32,123),(4470,5540,33,123),(4471,5541,34,123),(4472,5542,35,123),(4473,5543,68,123),(4474,5544,65,123),(4475,5545,36,123),(4476,5546,37,123),(4477,5546,38,123),(4478,5547,39,123),(4479,5548,40,123),(4486,5567,51,32),(4487,5568,36,99),(4488,5568,37,99),(4489,5568,38,99),(4490,5568,39,99),(4491,5568,40,99),(4492,5568,41,99),(4493,5568,42,99),(4494,5568,43,99),(4495,5568,44,99),(4496,5568,45,99),(4497,5568,46,99),(4498,5568,47,99),(4499,5568,48,99),(4500,5568,49,99),(4501,5568,50,99),(4503,5568,65,99),(4504,5569,51,99),(4505,5570,72,99),(4507,5572,50,129),(4510,5574,51,129),(4514,5576,28,133),(4515,5576,29,133),(4516,5576,30,133),(4517,5576,31,133),(4518,5576,32,133),(4519,5576,33,133),(4520,5576,34,133),(4521,5576,35,133),(4522,5576,36,133),(4523,5576,37,133),(4524,5576,38,133),(4525,5576,39,133),(4526,5576,40,133),(4527,5576,41,133),(4528,5576,42,133),(4529,5576,43,133),(4530,5576,44,133),(4531,5576,45,133),(4532,5576,46,133),(4533,5576,47,133),(4534,5576,48,133),(4535,5576,49,133),(4536,5577,50,133),(4540,5577,52,133),(4541,5577,51,133),(4542,5577,65,133),(4544,5579,52,129),(4545,5580,69,129),(4553,5588,70,123),(4554,5589,73,99),(4555,5590,52,99),(4560,5597,71,99),(4561,5598,69,99),(4562,5595,70,99),(4564,5600,68,99),(4572,5025,67,109),(4573,5025,68,109),(4574,5615,48,109),(4575,5615,49,109),(4576,5615,50,109),(4577,5615,51,109),(4578,5615,52,109),(4579,5615,65,109),(4580,5615,69,109),(4581,5615,70,109),(4582,5615,71,109),(4583,5616,72,109),(4584,5616,73,109),(4585,5533,66,129),(4587,5499,65,64),(4588,5498,67,64),(4589,5498,66,64),(4591,5623,8,52),(4592,5623,9,52),(4593,5623,10,52),(4594,5623,11,52),(4595,5623,12,52),(4596,5623,13,52),(4597,5623,14,52),(4598,5623,15,52),(4599,5623,16,52),(4600,5623,17,52),(4601,5623,18,52),(4602,5623,19,52),(4603,5623,20,52),(4604,5623,21,52),(4605,5623,22,52),(4606,5623,23,52),(4607,5623,24,52),(4608,5623,25,52),(4609,5623,26,52),(4610,5623,27,52),(4611,5623,28,52),(4612,5623,29,52),(4613,5623,30,52),(4614,5623,31,52),(4615,5623,32,52),(4616,5623,33,52),(4617,5623,34,52),(4618,5623,35,52),(4619,5623,36,52),(4620,5623,37,52),(4621,5623,38,52),(4622,5623,39,52),(4623,5623,40,52),(4624,5623,41,52),(4625,5623,42,52),(4626,5623,43,52),(4627,5623,44,52),(4628,5623,67,52),(4629,5623,69,52),(4630,5623,70,52),(4631,5623,71,52),(4632,5623,72,52),(4633,5623,73,52),(4634,5623,51,52),(4635,5623,52,52),(4639,5519,7,52),(4640,5519,48,52),(4641,5519,49,52),(4642,5519,50,52),(4644,5676,74,99),(4660,5678,73,129),(4661,5679,49,129),(4662,5680,70,129),(4663,5681,71,129),(4664,5682,72,129),(4666,5527,66,80),(4709,5695,73,128),(4711,3022,75,72),(4712,3022,76,72),(4716,5574,75,129),(4717,5574,76,129),(4720,5704,77,129),(4723,5705,77,52),(4724,5705,74,52),(4727,5705,78,52),(4728,5118,75,116),(4729,5118,76,116),(4730,5706,45,116),(4731,5706,46,116),(4732,5706,47,116),(4733,5706,48,116),(4734,5706,49,116),(4735,5706,50,116),(4736,5706,51,116),(4737,5706,52,116),(4739,5706,69,116),(4740,5707,70,116),(4741,5707,71,116),(4742,5707,72,116),(4743,5707,73,116),(4744,5707,74,116),(4745,5707,77,116),(4746,5707,78,116),(4812,5709,1,59),(4813,5709,2,59),(4814,5709,3,59),(4815,5709,4,59),(4816,5709,5,59),(4817,5709,6,59),(4818,5709,7,59),(4819,5709,8,59),(4820,5709,9,59),(4821,5709,10,59),(4822,5709,11,59),(4823,5709,12,59),(4824,5709,13,59),(4825,5709,14,59),(4826,5709,15,59),(4827,5709,16,59),(4828,5709,17,59),(4829,5709,18,59),(4830,5709,19,59),(4831,5709,20,59),(4832,5709,21,59),(4833,5709,22,59),(4834,5709,23,59),(4835,5709,24,59),(4836,5709,25,59),(4837,5709,26,59),(4838,5709,27,59),(4839,5709,28,59),(4840,5709,29,59),(4841,5709,30,59),(4842,5709,31,59),(4843,5709,32,59),(4844,5709,33,59),(4845,5709,34,59),(4846,5709,35,59),(4847,5709,36,59),(4848,5709,37,59),(4849,5709,38,59),(4850,5709,39,59),(4851,5709,40,59),(4852,5709,41,59),(4853,5709,42,59),(4854,5709,43,59),(4855,5709,44,59),(4856,5709,45,59),(4857,5709,46,59),(4858,5709,47,59),(4859,5709,48,59),(4860,5709,49,59),(4861,5709,50,59),(4862,5709,51,59),(4863,5709,52,59),(4867,5709,69,59),(4868,5709,70,59),(4869,5709,71,59),(4870,5709,72,59),(4871,5709,73,59),(4872,5709,74,59),(4873,5709,75,59),(4874,5709,76,59),(4875,5709,67,59),(4876,5709,65,59),(4878,5709,66,59),(4879,5709,77,59),(4945,3607,10,62),(4947,3607,76,62),(4948,3607,75,62),(4961,5729,68,62),(4962,5729,67,62),(4963,5729,21,62),(4967,5731,51,62),(4968,5731,52,62),(4969,5732,69,62),(4970,5733,70,62),(4971,5733,71,62),(4976,5738,68,59),(4992,5742,76,47),(4993,5742,75,47),(4994,5372,75,117),(4995,5372,76,117),(4996,5737,49,117),(4997,5737,50,117),(4998,5737,51,117),(4999,5737,52,117),(5001,5737,69,117),(5002,5737,70,117),(5003,5737,71,117),(5004,5737,72,117),(5005,5737,73,117),(5006,5737,74,117),(5007,5737,77,117),(5024,3020,75,137),(5025,3020,76,137),(5026,5753,48,137),(5027,5753,49,137),(5028,5753,50,137),(5029,5753,51,137),(5030,5753,52,137),(5031,5753,69,137),(5032,5753,70,137),(5033,3023,75,83),(5034,3023,76,83),(5035,5349,65,83),(5036,5756,48,83),(5037,5756,49,83),(5038,5756,50,83),(5039,5756,51,83),(5040,5756,52,83),(5041,5756,69,83),(5042,5761,71,83),(5043,5761,70,83),(5044,5763,1,113),(5045,5764,75,113),(5046,5764,76,113),(5047,5765,2,113),(5048,5766,3,113),(5049,5767,4,113),(5050,5768,5,113),(5051,5769,6,113),(5057,5772,7,113),(5058,5772,8,113),(5059,5772,9,113),(5060,5773,10,113),(5061,5730,38,62),(5062,5730,47,62),(5063,5730,48,62),(5064,5730,49,62),(5065,5730,50,62),(5066,5735,72,62),(5067,5773,11,113),(5068,5777,12,113),(5069,5778,13,113),(5070,5779,14,113),(5071,5780,15,113),(5072,5781,16,113),(5073,5782,17,113),(5074,5783,18,113),(5075,5784,19,113),(5076,5785,20,113),(5077,5786,21,113),(5078,5794,22,113),(5079,5795,23,113),(5080,5795,67,113),(5081,5787,24,113),(5082,5788,25,113),(5083,5792,26,113),(5084,5791,27,113),(5085,5793,28,113),(5086,5790,29,113),(5087,5796,30,113),(5088,5798,31,113),(5089,5799,32,113),(5090,5800,33,113),(5091,5801,34,113),(5092,5802,35,113),(5093,5802,68,113),(5094,5803,36,113),(5095,5804,37,113),(5097,5806,39,113),(5104,5762,78,129),(5105,5702,78,59),(5107,5325,44,47),(5110,3914,15,47),(5116,3914,14,47),(5117,5741,40,47),(5118,5741,41,47),(5119,5741,42,47),(5120,5819,47,47),(5121,5819,48,47),(5122,5819,49,47),(5123,5819,50,47),(5124,5819,51,47),(5125,5819,52,47),(5127,5819,69,47),(5128,5819,70,47),(5129,5819,71,47),(5130,5819,72,47),(5131,5819,73,47),(5132,5394,75,122),(5133,5394,76,122),(5134,5403,4,122),(5135,5401,6,122),(5158,5829,72,83),(5159,5829,73,83),(5160,5829,74,83),(5161,5829,77,83),(5162,5697,68,72),(5163,5697,49,72),(5164,5697,50,72),(5165,5697,51,72),(5166,5697,52,72),(5167,5697,69,72),(5168,5697,70,72),(5169,5697,71,72),(5170,5697,72,72),(5172,5697,73,72),(5173,5697,74,72),(5174,5697,77,72),(5177,4924,3,77),(5178,4924,4,77),(5179,4924,5,77),(5181,4924,7,77),(5182,4924,8,77),(5183,4924,9,77),(5186,4924,13,77),(5187,4924,14,77),(5188,4924,15,77),(5189,4924,16,77),(5191,4924,18,77),(5192,4924,19,77),(5194,4924,21,77),(5196,4924,2,77),(5197,4924,22,77),(5198,4924,24,77),(5199,4924,25,77),(5200,4924,26,77),(5201,4924,27,77),(5202,4924,28,77),(5203,4924,29,77),(5204,4924,30,77),(5205,4924,31,77),(5207,4924,32,77),(5208,4924,33,77),(5209,4924,34,77),(5210,4924,35,77),(5211,4924,36,77),(5212,4924,37,77),(5213,4924,38,77),(5214,4924,39,77),(5215,4924,40,77),(5216,5842,76,77),(5217,5842,75,77),(5218,5845,1,2),(5219,5845,2,2),(5220,5845,3,2),(5221,5845,4,2),(5222,5845,5,2),(5223,5845,6,2),(5224,5879,76,2),(5225,5879,75,2),(5227,5879,7,2),(5228,5879,8,2),(5229,5879,9,2),(5230,5879,10,2),(5231,5879,11,2),(5232,5879,6,77),(5233,5879,12,2),(5234,5879,17,2),(5235,5879,20,2),(5236,5879,22,2),(5237,5879,23,2),(5238,5879,24,2),(5239,5879,25,2),(5240,5879,26,2),(5241,5879,27,2),(5242,5879,28,2),(5243,5879,29,2),(5244,5879,30,2),(5245,5879,31,2),(5246,5879,32,2),(5247,5879,33,2),(5248,5879,34,2),(5249,5879,35,2),(5250,5879,36,2),(5251,5879,37,2),(5252,5879,38,2),(5253,5879,39,2),(5254,5879,40,2),(5256,5879,65,2),(5257,5879,41,2),(5258,5879,65,77),(5259,5879,41,77),(5260,5879,42,77),(5261,5879,42,2),(5262,5879,43,2),(5263,5879,43,77),(5264,5879,44,77),(5265,5879,44,2),(5266,5879,45,2),(5267,5879,45,77),(5268,5879,46,77),(5269,5879,46,2),(5270,5879,47,77),(5271,5879,47,2),(5345,5884,71,137),(5346,5884,72,137),(5347,5884,73,137),(5348,5884,74,137),(5349,5884,77,137),(5352,5884,78,137),(5383,5892,48,107),(5384,5901,75,108),(5386,5904,45,113),(5387,5904,46,113),(5388,5904,47,113),(5389,5904,48,113),(5390,5904,49,113),(5391,5904,50,113),(5392,5904,51,113),(5393,5904,52,113),(5394,5904,69,113),(5395,5904,70,113),(5396,5904,71,113),(5397,5904,72,113),(5398,5904,73,113),(5399,5904,74,113),(5400,5904,77,113),(5401,5905,79,116),(5402,5905,82,116),(5403,5905,83,116),(5404,5905,66,116),(5405,5845,66,2),(5406,5845,66,77),(5407,5907,48,2),(5408,5907,48,77),(5409,5907,49,2),(5410,5907,49,77),(5411,5907,50,2),(5412,5907,50,77),(5413,5907,51,2),(5414,5907,51,77),(5416,5907,52,77),(5417,5907,69,2),(5418,5907,69,77),(5419,5907,70,2),(5420,5907,70,77),(5421,5907,71,2),(5422,5907,71,77),(5423,5907,72,2),(5424,5907,72,77),(5425,5907,73,2),(5426,5907,73,77),(5427,5907,74,2),(5428,5907,74,77),(5429,5907,77,2),(5430,5907,77,77),(5431,5907,78,2),(5432,5907,78,77),(5433,5907,79,2),(5434,5907,79,77),(5436,5907,82,77),(5446,5909,75,139),(5447,5909,76,139),(5448,5920,1,139),(5449,5920,2,139),(5450,5920,3,139),(5451,5920,4,139),(5452,5920,5,139),(5453,5920,6,139),(5454,5920,7,139),(5455,5920,8,139),(5456,5920,10,139),(5457,5920,9,139),(5458,5920,12,139),(5474,5930,66,62),(5475,5930,65,62),(5476,5930,73,62),(5478,5930,77,62),(5479,5931,79,59),(5480,5931,82,59),(5481,5931,83,59),(5482,5886,78,72),(5483,5886,79,72),(5484,5886,82,72),(5488,5944,44,128),(5489,5933,48,128),(5490,5377,49,128),(5491,5957,1,66),(5492,5957,75,66),(5493,5957,76,66),(5494,5957,36,66),(5495,5957,37,66),(5496,5957,38,66),(5497,5957,39,66),(5498,5957,40,66),(5499,5957,41,66),(5500,5957,42,66),(5501,5957,43,66),(5502,5957,44,66),(5506,5957,45,66),(5510,5957,46,66),(5511,5968,46,42),(5512,5968,47,42),(5513,5968,48,42),(5514,5968,49,42),(5515,5968,50,42),(5516,5968,51,42),(5517,5968,52,42),(5518,5968,65,42),(5519,5968,67,42),(5520,5968,69,42),(5521,5968,70,42),(5522,5968,75,42),(5523,5968,76,42),(5526,5957,47,66),(5527,5957,65,66),(5528,5957,68,66),(5530,5971,71,42),(5535,5978,11,139),(5536,5978,13,139),(5537,5978,14,139),(5538,5978,15,139),(5539,5978,16,139),(5540,5978,17,139),(5541,5978,18,139),(5542,5978,19,139),(5543,5978,20,139),(5544,5978,21,139),(5545,5978,22,139),(5547,5978,24,139),(5548,5978,25,139),(5549,5978,23,139),(5550,5978,26,139),(5551,5978,27,139),(5552,5978,28,139),(5553,5978,29,139),(5554,5978,31,139),(5555,5978,30,139),(5556,5978,32,139),(5557,5978,33,139),(5558,5978,34,139),(5559,5978,35,139),(5560,5978,36,139),(5561,5978,37,139),(5562,5978,38,139),(5563,5978,39,139),(5564,5978,40,139),(5565,5978,41,139),(5566,5978,42,139),(5567,5978,43,139),(5568,5978,44,139),(5569,5978,45,139),(5570,5978,46,139),(5571,5978,47,139),(5572,5978,48,139),(5573,5978,49,139),(5574,5978,50,139),(5575,5978,51,139),(5576,5978,52,139),(5577,5978,65,139),(5579,5978,67,139),(5580,5978,68,139),(5581,5978,69,139),(5582,5978,70,139),(5583,5978,71,139),(5584,5978,72,139),(5585,5978,73,139),(5587,5978,77,139),(5588,5978,78,139),(5589,5978,66,139),(5590,5978,79,139),(5591,5978,82,139),(5592,5978,74,139),(5593,5979,1,125),(5594,5979,2,125),(5595,5979,3,125),(5596,5979,4,125),(5597,5979,5,125),(5598,5979,6,125),(5599,5979,7,125),(5600,5979,8,125),(5601,5979,9,125),(5602,5979,10,125),(5603,5979,11,125),(5604,5979,12,125),(5605,5979,13,125),(5606,5979,14,125),(5607,5979,15,125),(5608,5979,16,125),(5609,5979,17,125),(5610,5979,18,125),(5611,5979,19,125),(5612,5979,20,125),(5613,5979,21,125),(5614,5979,22,125),(5615,5979,23,125),(5616,5979,24,125),(5617,5979,25,125),(5618,5979,26,125),(5619,5979,27,125),(5620,5979,28,125),(5621,5979,29,125),(5622,5979,30,125),(5623,5979,31,125),(5624,5979,32,125),(5625,5979,33,125),(5626,5979,34,125),(5627,5979,35,125),(5628,5979,36,125),(5629,5979,37,125),(5630,5979,38,125),(5631,5979,39,125),(5632,5979,40,125),(5633,5979,41,125),(5634,5979,42,125),(5635,5979,43,125),(5636,5979,44,125),(5637,5979,45,125),(5638,5979,46,125),(5639,5979,47,125),(5640,5979,48,125),(5641,5979,49,125),(5642,5979,50,125),(5643,5979,51,125),(5644,5979,52,125),(5645,5979,65,125),(5646,5979,67,125),(5647,5979,68,125),(5648,5979,69,125),(5649,5979,70,125),(5650,5979,71,125),(5651,5979,72,125),(5652,5979,73,125),(5653,5979,74,125),(5654,5979,77,125),(5655,5979,78,125),(5656,5979,75,125),(5657,5979,76,125),(5658,5979,79,125),(5659,5979,82,125),(5660,5979,83,125),(5661,5979,84,125),(5662,5980,74,62),(5663,5982,79,129),(5665,5985,82,129),(5666,5985,83,129),(5667,5985,84,129),(5668,5985,74,129),(5705,5987,1,45),(5706,5987,2,45),(5707,5987,3,45),(5708,5987,4,45),(5709,5987,5,45),(5710,5987,6,45),(5711,5987,7,45),(5712,5987,8,45),(5713,5987,9,45),(5714,5987,10,45),(5715,5987,11,45),(5716,5987,12,45),(5717,5987,13,45),(5718,5987,14,45),(5719,5987,15,45),(5720,5987,16,45),(5721,5987,17,45),(5722,5987,18,45),(5723,5987,19,45),(5724,5987,20,45),(5725,5987,21,45),(5726,5987,22,45),(5727,5987,23,45),(5736,5987,68,45),(5737,5987,75,45),(5738,5987,67,45),(5739,5987,65,45),(5740,5987,76,45),(5741,5987,45,45),(5742,5987,46,45),(5765,6003,75,80),(5766,6003,76,80),(5767,5530,52,80),(5776,6008,78,80),(5777,6008,84,80),(5778,6008,83,80),(5779,6008,82,80),(5780,6008,79,80),(5781,6008,85,80),(5907,6012,78,62),(5908,5907,83,2),(5909,5907,83,77),(5910,5890,5,105),(5911,5890,9,105),(5912,5890,8,105),(5913,5890,6,105),(5914,5890,7,105),(5915,5890,10,105),(5916,5890,11,105),(5917,5890,12,105),(5918,5890,13,105),(5919,5890,14,105),(5920,5890,15,105),(5921,5890,16,105),(5922,5890,17,105),(5923,5890,18,105),(5924,5890,19,105),(5925,5890,20,105),(5926,5890,21,105),(5927,5890,22,105),(5928,5890,23,105),(5929,5890,75,105),(5930,5890,76,105),(5931,5890,67,105),(5932,5890,65,105),(5933,5890,24,105),(5934,5890,25,105),(5935,5890,26,105),(5936,5890,27,105),(5937,5890,28,105),(5938,5890,29,105),(5939,5890,30,105),(5940,5890,31,105),(5941,5890,32,105),(5942,5890,33,105),(5943,5890,34,105),(5944,5890,35,105),(5945,5890,36,105),(5946,5890,37,105),(5947,5890,38,105),(5948,5890,39,105),(5949,5890,40,105),(5950,5890,41,105),(5951,5890,42,105),(5952,5890,43,105),(5953,5890,44,105),(5954,5890,45,105),(5955,5890,46,105),(5956,5890,47,105),(5957,5890,48,105),(5958,5890,49,105),(5959,5890,50,105),(5960,5890,51,105),(5961,5890,52,105),(5962,5890,69,105),(5963,6051,75,130),(5964,6051,76,130),(5965,6051,9,130),(5966,6051,24,130),(5967,6051,25,130),(5968,6051,26,130),(5969,6051,27,130),(5970,6051,28,130),(5971,6051,29,130),(5972,6051,30,130),(5973,6051,31,130),(5975,6051,67,130),(5976,6051,32,130),(5977,6061,75,131),(5978,6061,76,131),(5979,6060,45,131),(5980,6060,46,131),(5981,6060,47,131),(5982,6060,48,131),(5983,6060,49,131),(5984,6060,50,131),(5985,6060,51,131),(5986,6060,52,131),(5987,6060,69,131),(5988,6060,70,131),(5989,6060,71,131),(5990,6060,72,131),(5991,6060,73,131),(5992,6060,74,131),(5993,6060,77,131),(5994,6060,78,131),(5995,6060,66,131),(5997,6062,10,108),(5998,6062,11,108),(5999,6062,12,108),(6000,6062,13,108),(6001,6062,14,108),(6002,6062,15,108),(6003,6062,16,108),(6004,6062,17,108),(6005,6062,18,108),(6006,6062,19,108),(6007,6062,20,108),(6008,6062,21,108),(6009,6062,22,108),(6010,6062,23,108),(6011,6062,24,108),(6012,6062,25,108),(6013,6062,26,108),(6014,6062,27,108),(6015,6062,28,108),(6016,6062,29,108),(6017,6062,30,108),(6018,6062,31,108),(6019,6062,32,108),(6020,6062,33,108),(6021,6062,34,108),(6022,6062,35,108),(6023,6062,36,108),(6024,6062,37,108),(6025,6062,38,108),(6026,6062,39,108),(6027,6062,40,108),(6028,6062,41,108),(6029,6062,42,108),(6030,6062,43,108),(6031,6062,44,108),(6032,6062,45,108),(6033,6062,46,108),(6034,6062,47,108),(6035,6062,65,108),(6036,6062,67,108),(6037,6062,68,108),(6039,6062,48,108),(6040,6062,49,108),(6041,6062,50,108),(6042,6062,51,108),(6043,6062,52,108),(6044,6062,69,108),(6045,6062,70,108),(6046,6062,71,108),(6048,6062,73,108),(6050,6062,77,108),(6051,6062,78,108),(6052,6062,79,108),(6053,6063,66,83),(6054,6063,78,83),(6055,6063,79,83),(6083,3024,1,26),(6087,6072,17,137),(6088,6072,66,137),(6089,4216,11,30),(6090,6074,66,105),(6092,6074,70,105),(6093,6074,71,105),(6094,6074,72,105),(6095,6074,73,105),(6096,6074,74,105),(6097,6074,77,105),(6098,6074,78,105),(6099,6074,79,105),(6100,6074,82,105),(6101,6074,83,105),(6102,6074,84,105),(6103,6074,85,105),(6123,6084,82,83),(6124,6084,83,83),(6125,6086,75,135),(6126,6086,76,135),(6128,6086,48,135),(6129,6086,50,135),(6130,6086,51,135),(6131,6086,52,135),(6135,6089,66,111),(6136,6089,1,111),(6137,6089,2,111),(6138,6089,3,111),(6139,6089,4,111),(6140,6089,28,111),(6141,6089,29,111),(6142,6089,44,111),(6146,6089,75,111),(6147,6089,76,111),(6148,6089,67,111),(6234,6099,84,132),(6235,6099,85,132),(6236,6099,86,132),(6239,6107,75,89),(6240,6107,76,89),(6241,6107,65,89),(6242,6107,50,89),(6243,6107,51,89),(6244,6107,52,89),(6246,6107,69,89),(6247,6107,70,89),(6248,6107,71,89),(6249,6107,72,89),(6251,6107,74,89),(6252,6107,77,89),(6253,6107,78,89),(6254,6107,79,89),(6255,6107,82,89),(6256,6107,83,89),(6257,6107,84,89),(6260,6107,73,89),(6261,6114,65,117),(6262,6114,66,117),(6263,6114,78,117),(6264,6114,79,117),(6265,6114,82,117),(6266,6114,83,117),(6267,6114,84,117),(6268,5370,67,40),(6269,5370,75,40),(6270,5370,76,40),(6271,5370,65,40),(6272,6118,49,40),(6273,6118,50,40),(6274,6118,51,40),(6275,6118,52,40),(6276,6118,69,40),(6277,6118,70,40),(6278,6118,71,40),(6279,6118,72,40),(6280,6118,73,40),(6281,6118,74,40),(6282,6118,77,40),(6283,6118,78,40),(6312,6125,67,120),(6313,6125,68,120),(6314,6125,65,120),(6315,6125,44,120),(6316,6125,45,120),(6317,6125,46,120),(6318,6125,47,120),(6319,5119,40,120),(6320,5119,76,120),(6321,6125,48,120),(6322,6125,49,120),(6323,6125,50,120),(6324,6125,51,120),(6325,6125,52,120),(6326,6125,69,120),(6327,6125,70,120),(6328,6125,71,120),(6329,6125,72,120),(6330,6125,73,120),(6331,6125,74,120),(6333,6125,77,120),(6334,6125,78,120),(6335,6125,79,120),(6336,6125,82,120),(6337,6125,83,120),(6338,6125,84,120),(6396,6173,33,130),(6397,6173,34,130),(6398,6173,35,130),(6399,6173,36,130),(6400,6173,37,130),(6401,6173,39,130),(6402,6173,40,130),(6403,6173,38,130),(6404,6173,42,130),(6405,6173,41,130),(6406,6173,43,130),(6407,6173,44,130),(6408,6173,45,130),(6409,6173,46,130),(6410,6173,48,130),(6411,6173,49,130),(6412,6173,47,130),(6413,6173,50,130),(6414,6173,51,130),(6415,6173,52,130),(6416,6173,65,130),(6417,6173,68,130),(6418,6173,69,130),(6419,6173,70,130),(6420,6173,71,130),(6421,6173,72,130),(6422,6173,74,130),(6423,6173,77,130),(6424,6173,73,130),(6425,6173,78,130),(6426,6174,66,130),(6427,6174,79,130),(6428,6174,82,130),(6429,6174,83,130),(6430,6174,84,130),(6431,6174,85,130),(6432,6175,23,97),(6433,6175,24,97),(6434,6175,25,97),(6435,6175,26,97),(6436,6175,27,97),(6437,6175,28,97),(6438,6175,29,97),(6439,6175,30,97),(6440,6175,31,97),(6441,6175,32,97),(6442,6175,42,97),(6443,6175,41,97),(6445,6175,39,97),(6446,6175,38,97),(6447,6175,40,97),(6448,6175,37,97),(6449,6175,36,97),(6450,6175,35,97),(6451,6175,33,97),(6452,6175,34,97),(6453,6175,43,97),(6454,6175,44,97),(6455,6175,45,97),(6456,6175,46,97),(6457,6175,47,97),(6458,6175,48,97),(6459,6175,49,97),(6460,6175,50,97),(6461,6175,51,97),(6462,6175,52,97),(6463,6175,65,97),(6464,6175,66,97),(6465,6175,67,97),(6466,6175,68,97),(6467,6175,69,97),(6468,6175,70,97),(6469,6175,71,97),(6470,6175,73,97),(6471,6175,72,97),(6472,6175,74,97),(6473,6175,86,97),(6474,6175,85,97),(6475,6175,83,97),(6476,6175,84,97),(6477,6175,79,97),(6478,6175,78,97),(6479,6175,82,97),(6480,6175,77,97),(6481,6175,75,97),(6482,6175,76,97),(6483,6176,48,45),(6484,6176,49,45),(6485,6176,50,45),(6486,6176,51,45),(6487,6176,52,45),(6488,6176,66,45),(6489,6176,69,45),(6490,6176,70,45),(6491,6176,71,45),(6492,6176,72,45),(6493,6176,73,45),(6494,6176,74,45),(6495,6176,77,45),(6496,6176,78,45),(6497,6176,79,45),(6498,6176,82,45),(6499,6176,83,45),(6504,3038,75,69),(6505,3038,76,69),(6506,6179,23,69),(6507,6179,24,69),(6508,6179,25,69),(6509,6179,26,69),(6510,6179,27,69),(6511,6179,28,69),(6512,6179,29,69),(6513,6179,30,69),(6514,6179,31,69),(6515,6179,32,69),(6516,6179,33,69),(6517,6179,34,69),(6518,6179,35,69),(6519,6179,36,69),(6520,6179,37,69),(6521,6179,38,69),(6522,6179,39,69),(6523,6179,44,69),(6524,6179,45,69),(6525,6179,46,69),(6526,6179,47,69),(6527,6179,48,69),(6528,6179,49,69),(6529,6179,50,69),(6530,6179,51,69),(6532,6179,65,69),(6533,6179,67,69),(6534,6179,68,69),(6535,6181,52,69),(6536,6181,69,69),(6537,6181,70,69),(6538,6181,71,69),(6539,6181,72,69),(6540,6181,73,69),(6541,6181,74,69),(6542,6181,77,69),(6543,6181,78,69),(6544,6181,79,69),(6546,5892,44,107),(6548,5892,75,107),(6549,5892,76,107),(6552,5892,49,107),(6553,5892,65,107),(6560,6182,79,87),(6561,6182,82,87),(6562,6182,83,87),(6563,6182,84,87),(6564,6182,85,87),(6566,6183,79,62),(6567,6183,82,62),(6568,6183,83,62),(6569,6183,84,62),(6570,6183,85,62),(6571,6183,86,62),(6600,3032,75,71),(6601,3032,76,71),(6602,3363,75,138),(6605,6184,66,72),(6611,6185,85,59),(6612,6185,86,59),(6613,6185,87,59),(6619,6187,79,137),(6620,6187,82,137),(6621,6187,83,137),(6625,6189,85,89),(6626,6189,86,89),(6627,6189,87,89),(6628,6062,82,108),(6629,6062,83,108),(6631,6190,85,108),(6632,6190,86,108),(6633,6190,87,108),(6634,6202,29,123),(6635,6202,41,123),(6636,6202,42,123),(6637,6202,43,123),(6638,6202,44,123),(6639,6202,45,123),(6640,6202,46,123),(6641,6202,47,123),(6642,6202,48,123),(6643,6202,49,123),(6644,6202,50,123),(6645,6202,51,123),(6646,6202,52,123),(6648,6202,66,123),(6649,6202,69,123),(6650,6202,71,123),(6651,6202,72,123),(6652,6202,73,123),(6653,6202,74,123),(6654,6202,75,123),(6655,6202,76,123),(6656,6202,77,123),(6657,6202,78,123),(6658,6205,50,107),(6659,6205,51,107),(6660,6205,52,107),(6661,6205,66,107),(6662,6205,69,107),(6663,6205,70,107),(6664,6205,71,107),(6665,6205,72,107),(6666,6205,73,107),(6667,6205,74,107),(6668,6205,77,107),(6669,6205,78,107),(6670,6205,79,107),(6671,6205,82,107),(6672,6205,83,107),(6673,6205,84,107),(6674,6205,85,107),(6675,6205,86,107),(6680,6208,76,109),(6681,6227,68,42),(6682,6228,67,114),(6685,4353,75,134),(6686,4353,76,134),(6687,6209,84,83),(6688,6209,85,83),(6689,6209,86,83),(6691,6226,66,40),(6736,5405,8,122),(6738,5412,12,122),(6739,5413,15,122),(6740,5414,18,122),(6741,5415,19,122),(6743,5416,22,122),(6744,5417,21,122),(6745,5418,23,122),(6746,5419,24,122),(6747,5420,27,122),(6748,5423,30,122),(6749,5424,32,122),(6750,5822,33,122),(6751,5426,36,122),(6752,5427,37,122),(6753,5428,38,122),(6754,5429,39,122),(6755,5823,40,122),(6756,5431,41,122),(6757,5432,42,122),(6758,5433,43,122),(6759,5908,44,122),(6760,5908,45,122),(6762,5425,48,122),(6763,5824,49,122),(6764,5825,34,122),(6765,5825,50,122),(6766,5826,51,122),(6767,5826,68,122),(6768,5826,69,122),(6769,5826,71,122),(6770,5881,65,122),(6771,5882,52,122),(6773,6230,70,122),(6774,6230,72,122),(6775,6230,73,122),(6779,6231,74,122),(6780,6231,77,122),(6781,6231,78,122),(6782,6231,79,122),(6783,6231,82,122),(6784,6231,83,122),(6785,6231,84,122),(6786,6231,85,122),(6787,6231,86,122),(6788,6231,87,122),(6792,6236,68,68),(6794,6236,76,68),(6795,5573,47,122),(6796,6238,1,76),(6797,6238,2,76),(6798,6238,3,76),(6799,6238,4,76),(6800,6238,5,76),(6801,6238,6,76),(6802,6238,7,76),(6803,6238,8,76),(6804,6238,9,76),(6805,6238,10,76),(6806,6238,11,76),(6807,6238,12,76),(6808,6238,13,76),(6809,6238,14,76),(6810,6238,15,76),(6811,6238,17,76),(6812,6238,16,76),(6813,6238,18,76),(6814,6238,19,76),(6815,6238,20,76),(6816,6238,21,76),(6817,6238,22,76),(6818,6238,23,76),(6819,6238,24,76),(6820,6238,25,76),(6821,6238,26,76),(6822,6238,27,76),(6823,6238,28,76),(6824,6238,29,76),(6825,6238,30,76),(6826,6238,31,76),(6827,6238,32,76),(6828,6238,33,76),(6829,6238,34,76),(6830,6238,35,76),(6831,6238,36,76),(6832,6238,37,76),(6833,6238,38,76),(6834,6238,39,76),(6835,6238,40,76),(6836,6238,41,76),(6837,6238,42,76),(6838,6238,43,76),(6839,6238,44,76),(6840,6238,45,76),(6841,6238,46,76),(6842,6238,47,76),(6843,6238,48,76),(6844,6238,49,76),(6845,6238,50,76),(6846,6238,51,76),(6848,6238,66,76),(6849,6238,68,76),(6850,6238,67,76),(6851,6238,65,76),(6852,6238,75,76),(6853,6238,76,76),(6854,6242,48,66),(6855,6242,49,66),(6856,6242,50,66),(6857,6242,51,66),(6858,6242,52,66),(6859,6242,69,66),(6860,6242,70,66),(6861,6242,71,66),(6862,6242,72,66),(6863,6242,73,66),(6864,6231,9,122),(6865,6231,88,122),(6866,6231,89,122),(6869,6062,72,108),(6870,6062,74,108),(6871,6062,76,108),(6872,6062,66,108),(6873,6190,84,108),(6875,6246,66,99),(6877,5176,68,33),(6879,5176,75,33),(6880,5176,76,33),(6881,5176,67,33),(6882,6252,84,116),(6883,6252,85,116),(6884,6252,86,116),(6885,6252,87,116),(6886,6252,88,116),(6887,6252,89,116),(6888,6260,7,56),(6889,6260,8,56),(6890,6260,9,56),(6891,6260,10,56),(6892,6260,11,56),(6893,6260,12,56),(6894,6260,13,56),(6895,6260,14,56),(6896,6260,15,56),(6897,6260,16,56),(6898,6260,17,56),(6899,6260,18,56),(6900,6260,19,56),(6901,6260,20,56),(6902,6260,21,56),(6903,6260,22,56),(6904,6260,23,56),(6905,6260,24,56),(6906,6260,25,56),(6907,6260,26,56),(6908,6260,27,56),(6909,6260,28,56),(6910,6260,29,56),(6911,6260,30,56),(6912,6260,31,56),(6913,6260,32,56),(6914,6260,33,56),(6915,6260,34,56),(6916,6260,35,56),(6917,6260,36,56),(6918,6260,37,56),(6919,6260,38,56),(6920,6260,39,56),(6921,6260,40,56),(6922,6260,41,56),(6923,6260,42,56),(6924,6260,43,56),(6925,6260,44,56),(6926,6260,45,56),(6927,6260,46,56),(6928,6260,47,56),(6929,6260,48,56),(6930,6260,49,56),(6931,6260,50,56),(6932,6260,51,56),(6933,6260,52,56),(6934,6260,65,56),(6935,6260,66,56),(6936,6260,67,56),(6937,6260,68,56),(6938,6260,69,56),(6940,6260,75,56),(6941,6260,76,56),(7063,6264,75,99),(7064,6264,76,99),(7065,6267,85,129),(7066,6267,86,129),(7067,6267,87,129),(7068,6267,88,129),(7076,6262,89,105),(7080,6267,90,129),(7081,6270,66,42),(7082,6270,72,42),(7083,6270,73,42),(7084,6270,74,42),(7085,6270,77,42),(7086,6270,78,42),(7087,6270,79,42),(7088,6270,82,42),(7089,6270,83,42),(7090,6270,84,42),(7091,6270,89,42),(7092,6270,85,42),(7093,6270,86,42),(7094,6270,87,42),(7095,6272,66,69),(7096,6272,82,69),(7097,6272,83,69),(7098,6272,84,69),(7099,6272,85,69),(7100,6272,86,69),(7102,6275,87,83),(7103,6275,88,83),(7104,6247,85,117),(7105,6247,86,117),(7106,6247,87,117),(7107,6247,88,117),(7108,6247,89,117),(7110,6278,86,130),(7111,6278,87,130),(7112,6278,88,130),(7113,6278,89,130),(7114,6279,83,139),(7115,6279,84,139),(7116,6279,85,139),(7117,6279,86,139),(7118,6279,87,139),(7119,6087,49,135),(7120,6087,69,135),(7130,6285,79,131),(7131,6285,82,131),(7132,6285,83,131),(7133,6285,84,131),(7134,6285,85,131),(7135,6285,86,131),(7136,6292,1,132),(7137,6292,2,132),(7138,6292,3,132),(7139,6292,4,132),(7140,6292,5,132),(7141,6292,6,132),(7142,6292,7,132),(7143,6292,8,132),(7144,6292,9,132),(7145,6292,10,132),(7146,6292,20,132),(7147,6292,19,132),(7148,6292,18,132),(7149,6292,17,132),(7150,6292,16,132),(7151,6292,15,132),(7152,6292,14,132),(7153,6292,13,132),(7154,6292,12,132),(7155,6292,11,132),(7156,6292,21,132),(7157,6292,22,132),(7158,6292,23,132),(7159,6293,24,132),(7160,6293,25,132),(7161,6293,26,132),(7162,6293,27,132),(7163,6293,28,132),(7164,6293,29,132),(7165,6293,30,132),(7166,6293,31,132),(7167,6293,32,132),(7168,6293,33,132),(7169,6293,34,132),(7170,6293,35,132),(7171,6293,36,132),(7172,6293,37,132),(7173,6293,38,132),(7174,6293,39,132),(7175,6293,40,132),(7176,6293,41,132),(7177,6293,42,132),(7178,6293,43,132),(7179,6293,65,132),(7180,6293,52,132),(7181,6293,51,132),(7182,6293,50,132),(7183,6293,49,132),(7184,6293,48,132),(7185,6293,47,132),(7186,6293,46,132),(7187,6293,45,132),(7188,6293,44,132),(7189,6293,66,132),(7190,6293,67,132),(7191,6293,68,132),(7192,6293,69,132),(7193,6293,70,132),(7194,6293,71,132),(7195,6293,72,132),(7196,6293,73,132),(7197,6293,74,132),(7198,6293,75,132),(7199,6293,90,132),(7200,6293,89,132),(7201,6293,88,132),(7202,6293,87,132),(7203,6293,83,132),(7204,6293,76,132),(7205,6293,77,132),(7206,6293,78,132),(7207,6293,79,132),(7208,6293,82,132),(7209,6295,87,62),(7210,6202,79,123),(7211,6298,89,123),(7212,6298,82,123),(7213,6298,83,123),(7214,6051,76,141),(7215,6051,75,141),(7216,6051,1,141),(7217,6051,2,141),(7218,6051,3,141),(7219,6051,4,141),(7220,6051,5,141),(7221,6051,6,141),(7222,6051,7,141),(7223,6051,8,141),(7224,6051,9,141),(7225,6051,10,141),(7226,6051,11,141),(7227,6051,12,141),(7228,6051,13,141),(7229,6051,14,141),(7230,6051,15,141),(7231,6051,16,141),(7232,6051,17,141),(7233,6051,18,141),(7234,6051,19,141),(7235,6051,20,141),(7236,6051,21,141),(7237,6300,22,141),(7238,6300,23,141),(7239,6300,24,141),(7240,6300,25,141),(7241,6300,26,141),(7242,6300,27,141),(7243,6300,28,141),(7244,6300,29,141),(7245,6300,30,141),(7246,6300,31,141),(7247,6300,32,141),(7248,6300,33,141),(7249,6300,34,141),(7250,6300,35,141),(7251,6300,36,141),(7252,6300,37,141),(7253,6300,38,141),(7254,6300,39,141),(7255,6300,40,141),(7256,6300,41,141),(7257,6300,42,141),(7258,6300,43,141),(7259,6300,44,141),(7260,6300,45,141),(7261,6300,46,141),(7262,6300,47,141),(7263,6300,48,141),(7264,6300,49,141),(7265,6300,50,141),(7266,6300,51,141),(7267,6300,52,141),(7268,6300,65,141),(7269,6300,66,141),(7270,6300,67,141),(7271,6300,68,141),(7272,6300,69,141),(7273,6300,70,141),(7274,6300,71,141),(7275,6300,72,141),(7276,6300,73,141),(7277,6300,74,141),(7278,6300,77,141),(7279,6300,78,141),(7280,6300,79,141),(7281,6300,82,141),(7282,6300,83,141),(7283,6300,84,141),(7284,6300,85,141),(7286,6224,67,47),(7287,6224,74,47),(7288,6224,77,47),(7289,6224,78,47),(7290,6224,79,47),(7291,6224,82,47),(7292,6224,83,47),(7294,6205,87,107),(7295,6303,88,107),(7296,6303,89,107),(7297,6303,90,107),(7298,6303,91,107),(7303,6185,84,59),(7304,6302,88,59),(7305,6280,86,105),(7306,6280,87,105),(7308,6285,89,131),(7309,6308,87,131),(7310,6308,88,131),(7311,6308,90,131),(7312,6309,88,139),(7313,6309,89,139),(7314,6310,90,139),(7315,5705,75,52),(7316,5705,76,52),(7317,6327,79,52),(7318,6327,82,52),(7319,6328,83,52),(7320,6330,84,52),(7321,6331,85,52),(7322,6333,86,52),(7324,6334,87,52),(7325,6335,88,52),(7326,6336,90,52),(7327,6337,91,52),(7328,6338,92,52),(7329,6344,1,35),(7330,6344,2,35),(7331,6344,3,35),(7332,6344,4,35),(7333,6344,5,35),(7334,6344,6,35),(7335,6344,9,35),(7336,6344,10,35),(7337,6344,11,35),(7338,6344,12,35),(7339,6344,13,35),(7340,6344,14,35),(7341,6344,15,35),(7344,6348,66,122),(7345,6348,90,122),(7346,6348,91,122),(7347,6338,89,52),(7348,6268,89,129),(7349,6354,74,109),(7350,6354,77,109),(7351,6354,78,109),(7352,6354,79,109),(7353,6354,82,109),(7354,6354,83,109),(7355,6354,84,109),(7356,6354,85,109),(7357,6354,86,109),(7358,6354,87,109),(7359,6354,88,109),(7360,6354,90,109),(7361,6278,90,130),(7362,6355,93,130),(7363,6355,92,130),(7364,6355,91,130),(7365,6000,68,60),(7366,6000,65,60),(7367,6000,67,60),(7368,6000,46,60),(7369,6000,47,60),(7370,6000,48,60),(7371,6000,49,60),(7372,6359,75,60),(7373,6359,76,60),(7374,6364,66,60),(7375,6364,50,60),(7376,6364,51,60),(7377,6364,52,60),(7378,6364,69,60),(7379,6364,70,60),(7380,6364,71,60),(7381,6364,72,60),(7382,6364,73,60),(7383,6364,74,60),(7384,6364,77,60),(7385,6364,78,60),(7386,6364,79,60),(7387,6364,82,60),(7388,6364,83,60),(7389,6364,84,60),(7390,6364,85,60),(7403,6287,88,42),(7404,6287,90,42),(7405,6287,91,42),(7406,6356,94,130),(7407,6238,74,76),(7408,6238,73,76),(7409,6238,52,76),(7415,6371,88,108),(7416,6372,90,108),(7417,6373,91,108),(7418,6375,92,108),(7420,6307,88,105),(7421,6307,90,105),(7422,6307,91,105),(7423,6307,92,105),(7424,6307,93,105),(7425,6312,89,59),(7426,6312,90,59),(7427,6312,91,59),(7428,6312,92,59),(7432,6378,39,121),(7433,6378,40,121),(7434,6378,41,121),(7435,6378,42,121),(7436,6378,43,121),(7437,6378,44,121),(7438,6378,45,121),(7439,6378,46,121),(7440,6378,47,121),(7441,6378,48,121),(7442,6378,49,121),(7443,6378,50,121),(7444,6378,51,121),(7445,6378,52,121),(7446,6378,65,121),(7447,6378,66,121),(7449,6378,68,121),(7450,6378,69,121),(7451,6378,70,121),(7452,6378,71,121),(7453,6378,72,121),(7454,6378,73,121),(7455,6378,74,121),(7458,6378,77,121),(7459,6378,78,121),(7460,6378,79,121),(7461,6378,82,121),(7462,6378,83,121),(7463,6378,84,121),(7464,6378,85,121),(7465,6378,86,121),(7466,6378,87,121),(7467,6378,88,121),(7468,6378,89,121),(7469,6378,90,121),(7470,6378,91,121),(7473,6378,92,121),(7474,6378,93,121),(7475,6380,91,131),(7476,6380,92,131),(7477,6293,91,132),(7478,6384,93,132),(7479,6384,92,132),(7480,6338,93,52),(7481,6386,93,123),(7482,6386,84,123),(7483,6386,85,123),(7485,6393,93,66),(7486,6393,74,66),(7487,6393,77,66),(7492,6394,90,117),(7493,6394,91,117),(7494,6394,92,117),(7495,6394,93,117),(7496,6368,90,116),(7497,6368,91,116),(7498,6370,93,116),(7499,6370,92,116),(7502,5925,67,101),(7503,5925,26,101),(7504,5925,39,101),(7505,5925,44,101),(7506,5925,45,101),(7507,5925,46,101),(7508,5925,47,101),(7509,5925,48,101),(7510,5925,49,101),(7511,5925,50,101),(7512,5925,51,101),(7513,5925,52,101),(7516,5925,76,101),(7517,5925,75,101),(7518,6395,89,101),(7519,6395,69,101),(7520,6395,70,101),(7521,6395,71,101),(7522,6395,72,101),(7523,6395,73,101),(7525,6395,77,101),(7526,6395,74,101),(7527,6395,78,101),(7528,6395,79,101),(7529,6395,82,101),(7530,6395,83,101),(7531,6395,84,101),(7532,6395,85,101),(7533,6411,93,129),(7534,6305,91,129),(7535,6305,92,129),(7536,6281,66,135),(7537,6282,70,135),(7538,6282,71,135),(7539,6282,72,135),(7540,6282,73,135),(7541,6282,74,135),(7542,6282,77,135),(7543,6282,78,135),(7544,6282,79,135),(7545,6282,82,135),(7546,6282,83,135),(7547,6282,84,135),(7548,6282,85,135),(7549,6282,86,135),(7550,6282,87,135),(7551,6364,86,60),(7552,6364,87,60),(7553,6418,88,89),(7554,6418,90,89),(7555,6418,91,89),(7556,6418,89,89),(7559,6303,92,107),(7560,6423,86,80),(7561,6423,87,80),(7562,6423,88,80),(7563,6423,89,80),(7564,6423,90,80),(7565,6423,91,80),(7566,6423,92,80),(7567,6423,93,80),(7568,6423,94,80),(7569,6423,95,80),(7570,6388,94,52),(7571,6431,94,132),(7575,6437,78,66),(7576,6437,79,66),(7577,6437,82,66),(7578,6438,89,137),(7579,6438,84,137),(7580,6438,85,137),(7581,6438,86,137),(7582,6299,42,33),(7583,6299,43,33),(7584,6299,44,33),(7585,6299,45,33),(7586,6299,46,33),(7587,6299,47,33),(7588,6299,48,33),(7589,6299,49,33),(7590,6299,50,33),(7591,6299,51,33),(7592,6299,52,33),(7593,6299,65,33),(7594,6299,66,33),(7595,6299,69,33),(7596,6299,70,33),(7597,6299,71,33),(7598,6299,72,33),(7599,6299,73,33),(7600,6299,74,33),(7601,6299,77,33),(7602,6299,78,33),(7603,6299,79,33),(7604,6299,82,33),(7605,6299,83,33),(7606,6299,84,33),(7607,6299,85,33),(7608,6299,86,33),(7609,6299,87,33),(7610,6299,88,33),(7611,6299,89,33),(7612,6299,90,33),(7613,6299,91,33),(7615,6399,1,110),(7616,6399,2,110),(7617,6399,3,110),(7618,6399,4,110),(7619,6399,5,110),(7620,6399,7,110),(7621,6399,6,110),(7622,6399,8,110),(7623,6399,9,110),(7624,6399,10,110),(7625,6399,20,110),(7626,6399,19,110),(7627,6399,18,110),(7628,6399,17,110),(7629,6399,16,110),(7630,6399,15,110),(7631,6399,14,110),(7632,6399,13,110),(7633,6399,12,110),(7634,6399,11,110),(7635,6399,21,110),(7636,6399,22,110),(7637,6399,23,110),(7638,6399,24,110),(7639,6399,25,110),(7640,6399,26,110),(7641,6399,27,110),(7642,6399,28,110),(7643,6399,29,110),(7644,6399,30,110),(7645,6399,40,110),(7646,6399,39,110),(7647,6399,38,110),(7648,6399,37,110),(7649,6399,36,110),(7650,6399,35,110),(7651,6399,34,110),(7652,6399,33,110),(7653,6399,32,110),(7654,6399,31,110),(7655,6399,41,110),(7656,6399,42,110),(7657,6399,43,110),(7658,6399,44,110),(7659,6399,45,110),(7660,6399,46,110),(7661,6399,47,110),(7662,6399,48,110),(7663,6399,49,110),(7664,6399,50,110),(7665,6399,72,110),(7666,6399,71,110),(7667,6399,70,110),(7668,6399,69,110),(7669,6399,68,110),(7670,6399,67,110),(7671,6399,66,110),(7672,6399,65,110),(7673,6399,52,110),(7674,6399,51,110),(7675,6399,73,110),(7676,6399,74,110),(7677,6399,75,110),(7678,6399,76,110),(7679,6399,77,110),(7680,6399,78,110),(7681,6399,79,110),(7682,6399,82,110),(7683,6399,83,110),(7684,6399,84,110),(7687,6399,85,110),(7688,6399,86,110),(7689,6399,87,110),(7690,6399,88,110),(7691,6399,89,110),(7692,6399,90,110),(7693,6399,91,110),(7694,6399,92,110),(7695,6399,93,110),(7696,6404,75,109),(7697,6404,66,109),(7698,6404,89,109),(7699,6404,91,109),(7700,6404,92,109),(7701,6404,93,109),(7702,6089,65,111),(7703,6089,45,111),(7709,6445,93,42),(7710,6445,92,42),(7719,6365,89,83),(7720,6365,90,83),(7721,6365,91,83),(7722,6365,92,83),(7723,6450,1,114),(7724,6450,26,114),(7725,6450,27,114),(7726,6450,28,114),(7727,6450,29,114),(7728,6450,30,114),(7729,6450,31,114),(7730,6450,32,114),(7731,6450,33,114),(7732,6450,34,114),(7733,6450,35,114),(7734,6450,36,114),(7735,6450,37,114),(7736,6450,38,114),(7737,6450,39,114),(7738,6450,40,114),(7739,6450,41,114),(7740,6450,42,114),(7741,6450,43,114),(7742,6450,44,114),(7743,6450,45,114),(7744,6450,46,114),(7745,6450,47,114),(7746,6450,48,114),(7747,6450,49,114),(7748,6450,50,114),(7749,6450,51,114),(7750,6450,52,114),(7751,6450,65,114),(7752,6450,66,114),(7753,6450,68,114),(7754,6450,69,114),(7755,6450,70,114),(7756,6450,72,114),(7757,6450,71,114),(7758,6450,73,114),(7759,6450,74,114),(7760,6450,75,114),(7761,6450,76,114),(7762,6450,77,114),(7763,6450,78,114),(7764,6450,79,114),(7765,6450,82,114),(7766,6450,83,114),(7767,6450,84,114),(7768,6450,85,114),(7769,6450,86,114),(7770,6450,87,114),(7771,6450,88,114),(7772,6450,89,114),(7773,6450,90,114),(7774,6450,91,114),(7775,6450,92,114),(7776,6450,93,114),(7777,6450,94,114),(7782,6441,36,23),(7783,6441,37,23),(7784,6441,38,23),(7785,6441,39,23),(7786,6441,40,23),(7787,6441,41,23),(7788,6441,42,23),(7789,6441,43,23),(7790,6441,44,23),(7791,6441,45,23),(7792,6441,67,23),(7793,6441,66,23),(7794,6441,65,23),(7795,6441,52,23),(7796,6441,51,23),(7797,6441,50,23),(7798,6441,49,23),(7799,6441,47,23),(7800,6441,48,23),(7801,6441,46,23),(7802,6441,68,23),(7803,6441,69,23),(7804,6441,70,23),(7805,6441,71,23),(7806,6441,72,23),(7807,6441,73,23),(7808,6441,74,23),(7809,6441,75,23),(7810,6441,76,23),(7811,6441,77,23),(7812,6441,78,23),(7813,6441,79,23),(7814,6441,82,23),(7815,6441,83,23),(7816,6441,84,23),(7817,6441,85,23),(7818,6441,86,23),(7819,6441,87,23),(7820,6441,88,23),(7821,6441,89,23),(7822,6441,90,23),(7823,6441,91,23),(7824,6441,92,23),(7825,6441,93,23),(7826,6441,94,23),(7827,6441,95,23),(7828,6441,96,23),(7832,6442,94,117),(7834,6442,96,117),(7835,6419,94,105),(7836,6443,95,105),(7837,6413,96,129),(7838,6413,94,129),(7839,6413,95,129),(7840,6423,96,80),(7841,6423,69,80),(7842,6423,70,80),(7843,6423,71,80),(7844,6423,72,80),(7845,6423,73,80),(7846,6423,74,80),(7847,6423,77,80),(7848,6455,92,89),(7849,6455,93,89),(7850,6456,66,89),(7851,6456,94,89),(7852,6456,95,89),(7853,6456,96,89),(7854,5499,46,64),(7855,5499,47,64),(7856,5499,48,64),(7857,5499,49,64),(7858,5499,50,64),(7859,5499,51,64),(7860,5499,52,64),(7861,5499,69,64),(7862,5499,70,64),(7863,5499,75,64),(7864,5499,76,64),(7865,5499,71,64),(7866,5499,72,64),(7867,5499,73,64),(7868,6459,74,64),(7869,6459,77,64),(7870,6459,78,64),(7871,6459,79,64),(7872,6459,82,64),(7873,6459,83,64),(7874,6459,84,64),(7875,6459,85,64),(7876,6459,86,64),(7877,6459,87,64),(7878,6459,88,64),(7879,6459,89,64),(7880,6459,90,64),(7881,6459,91,64),(7882,6459,92,64),(7883,6459,93,64),(7884,6460,94,64),(7885,6461,95,64),(7886,6462,97,64),(7892,6463,75,112),(7893,6463,76,112),(7894,6463,66,112),(7895,6463,1,112),(7896,6463,2,112),(7897,6463,3,112),(7898,6463,4,112),(7899,6463,5,112),(7900,6463,6,112),(7901,6463,7,112),(7902,6463,8,112),(7903,6463,9,112),(7904,6352,91,139),(7905,6352,92,139),(7906,6352,93,139),(7920,6422,95,130),(7921,6464,77,56),(7922,6464,89,56),(7923,6464,93,56),(7924,6464,70,56),(7925,6462,96,64),(7937,6484,79,40),(7938,6484,82,40),(7939,6484,83,40),(7940,6484,84,40),(7941,6484,85,40),(7942,6484,86,40),(7943,6484,87,40),(7944,6484,88,40),(7945,6484,89,40),(7946,6484,90,40),(7947,6484,91,40),(7948,6484,93,40),(7949,6484,92,40),(7951,6486,87,137),(7952,6486,88,137),(7953,6486,90,137),(7954,6430,95,132),(7956,6367,50,128),(7957,6367,51,128),(7958,6367,52,128),(7959,6367,65,128),(7960,6367,66,128),(7961,6367,67,128),(7962,6367,68,128),(7963,6367,69,128),(7964,6367,70,128),(7965,6367,71,128),(7966,6367,72,128),(7967,6367,74,128),(7968,6367,75,128),(7969,6367,76,128),(7970,6367,77,128),(7971,6367,78,128),(7972,6367,79,128),(7973,6367,82,128),(7974,6367,83,128),(7975,6367,84,128),(7976,6367,85,128),(7977,6367,86,128),(7978,6367,87,128),(7979,6367,88,128),(7980,6534,89,128),(7981,6534,90,128),(7983,6534,93,128),(7984,6534,91,128),(7985,6537,95,52),(7986,6541,16,35),(7987,6541,17,35),(7988,6541,18,35),(7989,6541,19,35),(7990,6541,20,35),(7991,6541,21,35),(7992,6541,22,35),(7993,6541,23,35),(7994,6541,24,35),(7995,6541,25,35),(7996,6541,26,35),(7997,6541,27,35),(8000,6541,67,35),(8002,6543,86,101),(8003,6543,87,101),(8004,6543,88,101),(8005,6543,90,101),(8006,6543,91,101),(8007,6543,92,101),(8008,6543,93,101),(8009,6544,94,101),(8010,6544,96,101),(8011,6545,95,101),(8012,6546,97,101),(8013,5567,1,32),(8014,5567,2,32),(8015,5567,37,32),(8016,5567,49,32),(8017,5567,50,32),(8018,5567,67,32),(8019,5567,68,32),(8020,5567,75,32),(8021,5567,76,32),(8022,6557,97,80),(8023,6482,92,122),(8024,6482,93,122),(8025,6482,94,122),(8026,6482,95,122),(8027,6482,96,122),(8028,6558,97,122),(8029,6560,97,132),(8030,6561,96,132),(8033,6562,83,66),(8034,6562,84,66),(8035,6562,85,66),(8037,6562,86,66),(8038,6562,87,66),(8039,6562,88,66),(8040,6562,89,66),(8041,6562,90,66),(8042,6564,91,137),(8043,6564,92,137),(8045,6566,94,137),(8047,6568,86,123),(8048,6568,87,123),(8049,6568,88,123),(8050,6568,90,123),(8051,6568,91,123),(8052,6568,92,123),(8053,6570,94,139),(8054,6570,95,139),(8055,6570,96,139),(8056,6570,97,139),(8057,6467,96,130),(8058,6467,97,130),(8060,6571,1,91),(8061,6571,2,91),(8062,6571,3,91),(8063,6571,4,91),(8064,6571,5,91),(8065,6571,6,91),(8066,6571,7,91),(8067,6571,8,91),(8068,6571,9,91),(8069,6571,10,91),(8070,6571,11,91),(8071,6571,12,91),(8072,6571,13,91),(8073,6571,14,91),(8074,6571,15,91),(8075,6571,16,91),(8076,6571,17,91),(8077,6571,18,91),(8078,6571,19,91),(8079,6571,20,91),(8080,6571,30,91),(8081,6571,29,91),(8082,6571,28,91),(8083,6571,27,91),(8084,6571,26,91),(8085,6571,25,91),(8086,6571,24,91),(8087,6571,23,91),(8088,6571,22,91),(8089,6571,21,91),(8090,6571,31,91),(8091,6571,32,91),(8092,6571,33,91),(8093,6571,34,91),(8094,6571,35,91),(8095,6571,36,91),(8096,6571,37,91),(8097,6571,38,91),(8098,6571,39,91),(8099,6571,40,91),(8100,6571,50,91),(8101,6571,49,91),(8102,6571,48,91),(8103,6571,47,91),(8104,6571,46,91),(8105,6571,45,91),(8106,6571,44,91),(8107,6571,43,91),(8108,6571,42,91),(8109,6571,41,91),(8110,6571,51,91),(8111,6571,52,91),(8113,6571,65,91),(8114,6571,66,91),(8115,6571,67,91),(8116,6571,68,91),(8117,6571,69,91),(8118,6571,70,91),(8119,6571,71,91),(8120,6571,72,91),(8121,6571,84,91),(8122,6571,83,91),(8123,6571,82,91),(8124,6571,79,91),(8125,6571,78,91),(8126,6571,77,91),(8127,6571,76,91),(8128,6571,75,91),(8129,6571,74,91),(8130,6571,73,91),(8131,6571,85,91),(8132,6571,86,91),(8133,6571,87,91),(8134,6571,88,91),(8135,6571,89,91),(8136,6571,90,91),(8137,6571,91,91),(8138,6571,92,91),(8139,6571,93,91),(8140,6571,94,91),(8141,6571,95,91),(8142,6571,96,91),(8143,6571,97,91),(8144,6572,98,91),(8145,6410,94,121),(8146,6588,11,112),(8148,6588,12,112),(8149,6588,13,112),(8150,6588,14,112),(8151,6588,15,112),(8152,6588,16,112),(8153,6588,17,112),(8154,6588,18,112),(8155,6588,20,112),(8156,6588,41,112),(8157,6588,37,112),(8158,6588,35,112),(8159,6588,36,112),(8160,6588,34,112),(8161,6588,31,112),(8162,6588,29,112),(8163,6588,21,112),(8164,6588,22,112),(8165,6588,26,112),(8166,6588,42,112),(8167,6588,43,112),(8168,6588,44,112),(8169,6588,45,112),(8170,6588,46,112),(8171,6588,47,112),(8172,6588,48,112),(8173,6588,49,112),(8174,6588,50,112),(8175,6588,51,112),(8176,6588,52,112),(8177,6588,67,112),(8178,6588,69,112),(8179,6588,70,112),(8180,6588,71,112),(8181,6588,72,112),(8182,6588,73,112),(8183,6588,74,112),(8184,6588,77,112),(8185,6588,78,112),(8186,6588,79,112),(8187,6588,82,112),(8188,6588,83,112),(8189,6588,84,112),(8190,6588,85,112),(8191,6588,86,112),(8192,6588,87,112),(8193,6588,88,112),(8195,6588,90,112),(8196,6588,91,112),(8197,6588,93,112),(8198,5577,68,133),(8199,5577,69,133),(8200,5577,70,133),(8201,6592,71,133),(8202,6592,75,133),(8203,6592,76,133),(8204,6593,72,133),(8207,6595,73,133),(8208,6595,77,133),(8209,6604,88,62),(8210,6604,89,62),(8211,6604,90,62),(8212,6604,91,62),(8213,6604,92,62),(8214,6604,93,62),(8215,6604,94,62),(8217,6604,95,62),(8218,6604,97,62),(8219,6536,96,121),(8220,6536,95,121),(8221,6536,97,121),(8222,6597,98,130),(8225,6561,98,132),(8240,6607,91,66),(8241,6607,92,66),(8243,6612,93,137),(8244,6612,95,137),(8245,6613,98,139),(8246,6588,10,112),(8247,6588,92,112),(8248,6547,94,110),(8249,6547,95,110),(8250,6547,96,110),(8251,6547,97,110),(8252,6547,98,110),(8253,6624,94,109),(8254,6624,95,109),(8255,6628,28,35),(8256,6628,29,35),(8257,6628,30,35),(8258,6628,31,35),(8259,6628,32,35),(8260,6628,33,35),(8261,6628,34,35),(8262,6628,35,35),(8263,6628,36,35),(8264,6628,37,35),(8265,6628,38,35),(8266,6628,39,35),(8267,6628,45,35),(8268,6628,46,35),(8269,6628,48,35),(8270,6628,49,35),(8271,6628,50,35),(8272,6628,47,35),(8273,6628,51,35),(8274,6628,52,35),(8275,6628,75,35),(8276,6628,76,35),(8278,6628,68,35),(8279,6628,69,35),(8280,6628,70,35),(8281,6628,71,35),(8282,6628,72,35),(8283,6628,73,35),(8284,6628,74,35),(8285,6628,77,35),(8286,6628,78,35),(8287,6628,79,35),(8288,6628,82,35),(8289,6628,83,35),(8290,6628,84,35),(8291,6628,85,35),(8292,6563,98,122),(8294,6629,17,41),(8295,6629,18,41),(8296,6629,19,41),(8297,6629,20,41),(8298,6629,21,41),(8299,6629,22,41),(8300,6629,23,41),(8301,6629,24,41),(8302,6629,25,41),(8303,6629,26,41),(8304,6629,27,41),(8305,6629,28,41),(8306,6629,29,41),(8307,6629,30,41),(8308,6629,31,41),(8309,6629,32,41),(8310,6629,33,41),(8311,6629,34,41),(8312,6629,35,41),(8313,6629,36,41),(8314,6629,37,41),(8315,6629,38,41),(8316,6629,39,41),(8317,6629,40,41),(8318,6629,41,41),(8319,6629,42,41),(8320,6629,43,41),(8321,6629,44,41),(8322,6629,45,41),(8323,6629,46,41),(8324,6629,47,41),(8325,6629,48,41),(8326,6629,49,41),(8327,6629,50,41),(8328,6629,51,41),(8329,6629,52,41),(8330,6629,65,41),(8331,6629,66,41),(8332,6629,67,41),(8333,6629,68,41),(8334,6629,69,41),(8335,6629,70,41),(8336,6629,71,41),(8337,6629,72,41),(8338,6629,73,41),(8339,6629,74,41),(8340,6629,75,41),(8341,6629,76,41),(8342,6629,77,41),(8363,6426,93,131),(8364,6426,94,131),(8365,6426,95,131),(8366,6651,93,107),(8367,6651,94,107),(8368,6651,95,107),(8370,6651,97,107),(8371,6651,98,107),(8374,6653,96,107),(8376,6573,93,59),(8377,6573,94,59),(8380,6573,95,59),(8381,6573,97,59),(8382,6573,98,59),(8383,6657,96,128),(8384,6657,92,128),(8385,6657,94,128),(8386,6657,95,128),(8387,6658,97,128),(8388,6444,1,87),(8389,6444,2,87),(8390,6444,3,87),(8391,6444,4,87),(8392,6444,5,87),(8393,6444,6,87),(8394,6444,7,87),(8395,6444,8,87),(8396,6444,9,87),(8397,6444,10,87),(8398,6444,11,87),(8399,6444,12,87),(8401,6444,13,87),(8402,6444,14,87),(8403,6444,15,87),(8404,6444,16,87),(8405,6444,17,87),(8406,6444,18,87),(8407,6444,19,87),(8408,6444,20,87),(8409,6444,30,87),(8410,6444,29,87),(8411,6444,28,87),(8412,6444,27,87),(8413,6444,26,87),(8414,6444,22,87),(8415,6444,23,87),(8416,6444,24,87),(8417,6444,25,87),(8418,6444,21,87),(8419,6444,31,87),(8420,6444,32,87),(8421,6444,33,87),(8422,6444,34,87),(8423,6444,35,87),(8424,6444,36,87),(8425,6444,37,87),(8426,6444,38,87),(8427,6444,39,87),(8428,6444,40,87),(8429,6444,50,87),(8430,6444,49,87),(8431,6444,48,87),(8432,6444,47,87),(8433,6444,46,87),(8434,6444,45,87),(8435,6444,44,87),(8436,6444,43,87),(8437,6444,42,87),(8438,6444,41,87),(8439,6444,51,87),(8440,6444,52,87),(8441,6444,65,87),(8442,6444,66,87),(8443,6444,67,87),(8444,6444,68,87),(8445,6444,69,87),(8446,6444,70,87),(8447,6444,71,87),(8448,6444,72,87),(8449,6444,73,87),(8450,6444,74,87),(8451,6444,75,87),(8452,6444,76,87),(8453,6444,77,87),(8454,6444,78,87),(8457,6444,89,87),(8463,6670,99,122),(8464,6670,100,122),(8465,6671,94,42),(8466,6671,95,42),(8467,6671,97,42),(8468,6671,98,42),(8469,6671,99,42),(8471,6622,93,83),(8472,6623,96,52),(8473,6623,97,52),(8474,6623,98,52),(8475,6623,99,52),(8476,6681,100,52),(8477,6681,101,52),(8478,6682,94,40),(8479,6682,95,40),(8480,6682,96,40),(8481,6682,97,40),(8482,6682,98,40),(8483,6398,2,58),(8484,6398,3,58),(8485,6398,4,58),(8486,6398,5,58),(8487,6398,6,58),(8488,6398,7,58),(8489,6398,8,58),(8490,6398,9,58),(8491,6398,10,58),(8492,6398,11,58),(8494,6614,98,62),(8495,6614,99,62),(8496,6614,96,62),(8514,6683,71,56),(8515,6683,72,56),(8516,6683,73,56),(8517,6683,74,56),(8518,6683,78,56),(8519,6683,79,56),(8520,6683,82,56),(8521,6683,83,56),(8522,6683,84,56),(8523,6683,85,56),(8524,6683,86,56),(8525,6683,87,56),(8526,6683,88,56),(8527,6683,90,56),(8528,6683,91,56),(8529,6683,92,56),(8530,6683,94,56),(8531,6683,95,56),(8532,6683,97,56),(8533,6683,98,56),(8535,6711,99,64),(8536,6711,100,64),(8537,6711,101,64),(8538,6669,94,66),(8539,6669,95,66),(8541,6713,41,67),(8542,6713,46,67),(8543,6713,47,67),(8544,6713,48,67),(8545,6713,49,67),(8546,6713,50,67),(8547,6713,51,67),(8548,6713,52,67),(8549,6713,65,67),(8550,6713,68,67),(8551,6713,69,67),(8552,6713,70,67),(8553,6713,71,67),(8554,6713,72,67),(8555,6713,73,67),(8556,6713,74,67),(8557,6713,77,67),(8558,6713,78,67),(8559,6713,79,67),(8560,6713,82,67),(8561,6713,83,67),(8562,6713,84,67),(8563,6713,85,67),(8564,6713,86,67),(8565,6713,87,67),(8566,6713,88,67),(8567,6713,90,67),(8568,6713,91,67),(8569,6621,97,89),(8570,6621,98,89),(8571,6621,99,89),(8572,6646,99,130),(8573,6646,100,130),(8574,6717,97,105),(8575,6717,98,105),(8578,5806,38,113),(8582,6719,40,113),(8583,6719,41,113),(8584,6719,42,113),(8585,6719,43,113),(8586,6719,44,113),(8587,6719,65,113),(8588,6713,25,67),(8589,6713,26,67),(8590,6713,27,67),(8591,6713,28,67),(8592,6713,29,67),(8593,6713,36,67),(8594,6713,37,67),(8595,6713,38,67),(8596,6713,39,67),(8597,6713,40,67),(8598,6713,67,67),(8599,6713,75,67),(8600,6713,76,67),(8601,6439,69,76),(8602,6439,70,76),(8603,6439,71,76),(8604,6439,72,76),(8605,6439,77,76),(8606,6439,78,76),(8607,6439,79,76),(8608,6439,82,76),(8609,6439,83,76),(8610,6439,84,76),(8611,6439,85,76),(8612,6439,86,76),(8613,6439,87,76),(8614,6439,88,76),(8615,6439,89,76),(8616,6439,90,76),(8617,6439,91,76),(8618,6439,92,76),(8619,6439,93,76),(8620,6439,94,76),(8621,6439,95,76),(8622,6439,96,76),(8623,6725,97,76),(8626,6598,77,99),(8627,6598,78,99),(8628,6598,79,99),(8629,6598,82,99),(8630,6598,83,99),(8631,6598,84,99),(8632,6598,85,99),(8633,6598,86,99),(8634,6598,87,99),(8635,6598,88,99),(8636,6598,89,99),(8637,6598,90,99),(8638,6598,91,99),(8639,6726,98,101),(8640,6726,99,101),(8641,6727,100,101),(8642,6731,98,128),(8643,6731,99,128),(8644,6734,94,83),(8645,6734,95,83),(8646,6734,96,83),(8647,6734,97,83),(8648,6734,98,83),(8649,6734,99,83),(8650,6734,100,83),(8651,6734,101,83),(8652,6735,96,59),(8653,6735,99,59),(8654,6735,100,59),(8668,6749,96,56),(8669,6749,99,56),(8670,6749,100,56),(8671,6749,101,56),(8672,6123,16,120),(8673,6123,17,120),(8674,6123,18,120),(8675,6123,19,120),(8676,6123,75,120),(8678,6370,94,116),(8679,6596,95,116),(8680,6596,96,116),(8681,6596,97,116),(8682,6596,98,116),(8683,6432,86,141),(8684,6432,87,141),(8685,6432,88,141),(8686,6432,89,141),(8687,6432,90,141),(8688,6432,91,141),(8689,6618,97,129),(8690,6618,98,129),(8691,6649,94,123),(8692,6649,95,123),(8693,6753,97,123),(8694,6737,101,122),(8695,6737,102,122),(8696,6755,89,108),(8697,6755,93,108),(8698,6755,94,108),(8699,6755,95,108),(8700,6755,96,108),(8701,6755,97,108),(8702,6755,98,108),(8703,6755,99,108),(8704,6755,100,108),(8705,6668,97,66),(8706,6668,98,66),(8707,6668,99,66),(8708,6756,99,132),(8714,6765,89,112),(8715,6750,101,130),(8716,6761,101,132),(8717,6768,88,60),(8718,6768,90,60),(8719,6769,99,139),(8720,6769,100,139),(8721,6769,101,139),(8722,6753,96,123),(8723,6753,98,123),(8724,6753,99,123),(8725,6753,100,123),(8727,6753,101,123),(8731,6750,102,130),(8733,6797,100,89),(8734,6797,101,89),(8735,6797,102,89),(8737,6760,100,132),(8738,6799,98,80),(8739,6799,99,80),(8740,6763,96,131),(8741,6763,97,131),(8742,6763,98,131),(8743,6763,99,131),(8744,6763,100,131),(8745,6763,101,131),(8746,6763,102,131),(8747,6789,100,66),(8748,6769,102,139),(8749,6804,96,42),(8750,6804,100,42),(8751,6817,95,117),(8752,6817,97,117),(8753,6817,98,117),(8754,6817,99,117),(8755,6817,100,117),(8756,6817,101,117),(8757,6817,102,117),(8758,6815,103,122),(8759,6824,92,141),(8760,6824,93,141),(8761,6824,94,141),(8762,6824,95,141),(8763,6824,96,141),(8764,6824,97,141),(8765,6824,98,141),(8766,6824,99,141),(8767,6827,102,123),(8768,6827,103,123),(8769,6833,96,137),(8770,6833,97,137),(8771,6833,98,137),(8772,6833,99,137),(8773,6833,100,137),(8774,6835,87,97),(8775,6835,88,97),(8776,6835,89,97),(8777,6835,90,97),(8778,6835,91,97),(8779,6835,92,97),(8780,6835,93,97),(8781,6835,94,97),(8782,6835,95,97),(8783,6835,96,97),(8784,6835,97,97),(8785,6835,98,97),(8786,6835,99,97),(8787,6835,100,97),(8788,6835,101,97),(8789,6835,102,97),(8790,6835,103,97),(8791,6836,101,42),(8792,6836,102,42),(8793,6838,6,44),(8794,6838,7,44),(8795,6838,8,44),(8796,6838,9,44),(8797,6838,10,44),(8798,6838,11,44),(8799,6838,12,44),(8800,6838,13,44),(8801,6838,14,44),(8802,6838,15,44),(8803,6838,16,44),(8804,6838,17,44),(8805,6838,18,44),(8806,6838,19,44),(8807,6838,20,44),(8808,6838,21,44),(8809,6838,22,44),(8810,6838,23,44),(8811,6838,24,44),(8812,6838,25,44),(8813,6838,26,44),(8814,6838,27,44),(8815,6838,28,44),(8816,6838,29,44),(8817,6838,30,44),(8818,6838,31,44),(8819,6838,32,44),(8820,6838,33,44),(8821,6838,34,44),(8822,6838,35,44),(8823,6838,36,44),(8824,6838,37,44),(8825,6838,38,44),(8826,6838,39,44),(8827,6838,40,44),(8828,6838,41,44),(8829,6838,42,44),(8830,6838,43,44),(8831,6838,44,44),(8832,6838,45,44),(8833,6838,46,44),(8834,6838,47,44),(8835,6838,48,44),(8836,6838,49,44),(8837,6838,50,44),(8838,6838,51,44),(8839,6838,52,44),(8840,6838,65,44),(8841,6838,66,44),(8842,6838,68,44),(8843,6838,69,44),(8844,6838,70,44),(8845,6838,71,44),(8846,6838,72,44),(8847,6838,73,44),(8848,6838,74,44),(8849,6838,75,44),(8850,6838,76,44),(8851,6838,77,44),(8852,6838,78,44),(8853,6838,79,44),(8854,6838,82,44),(8855,6838,83,44),(8856,6838,84,44),(8857,6838,85,44),(8858,6838,87,44),(8859,6838,86,44),(8860,6838,88,44),(8861,6838,89,44),(8862,6838,90,44),(8863,6838,91,44),(8864,6838,92,44),(8865,6838,93,44),(8866,6838,94,44),(8867,6838,95,44),(8868,6838,96,44),(8869,6838,97,44),(8870,6838,98,44),(8871,6838,99,44),(8872,6838,100,44),(8873,6838,101,44),(8874,6838,102,44),(8875,6838,67,44),(8876,6176,84,45),(8877,6176,85,45),(8878,6840,24,45),(8879,6840,25,45),(8880,6840,26,45),(8881,6840,27,45),(8882,6840,28,45),(8883,6840,29,45),(8884,6840,30,45),(8885,6840,31,45),(8886,6840,32,45),(8887,6840,33,45),(8888,6840,34,45),(8889,6840,35,45),(8890,6840,36,45),(8891,6840,37,45),(8892,6840,38,45),(8893,6840,39,45),(8894,6840,40,45),(8895,6840,41,45),(8896,6840,42,45),(8897,6840,43,45),(8898,6840,44,45),(8899,6176,47,45),(8900,6844,102,52),(8901,6844,103,52),(8906,6848,99,129),(8907,6848,100,129),(8908,6848,101,129),(8909,6848,102,129),(8910,6848,103,129),(8911,6848,104,129),(8912,6849,101,59),(8913,6849,102,59),(8914,6849,103,59),(8915,6851,89,60),(8916,6851,91,60),(8917,6851,92,60),(8918,6851,93,60),(8919,6851,94,60),(8920,6851,95,60),(8921,6851,96,60),(8922,6711,98,64),(8924,6853,102,83),(8925,6853,103,83),(8926,6854,66,113),(8927,6854,78,113),(8928,6854,79,113),(8929,6854,82,113),(8930,6854,83,113),(8931,6854,84,113),(8932,6854,85,113),(8933,6854,86,113),(8934,6854,87,113),(8935,6854,88,113),(8936,6854,89,113),(8937,6854,90,113),(8938,6854,91,113),(8939,6854,92,113),(8940,6854,93,113),(8941,6854,94,113),(8942,6854,95,113),(8943,6854,96,113),(8944,6854,97,113),(8945,6854,98,113),(8946,6854,99,113),(8947,6854,100,113),(8948,6854,101,113),(8949,6854,102,113),(8950,6854,103,113),(8951,6855,104,113),(8952,6856,99,91),(8953,6856,100,91),(8954,6856,101,91),(8955,6856,102,91),(8956,6856,103,91),(8957,6822,101,66),(8958,6822,102,66),(8959,6822,103,66),(8960,6837,98,121),(8961,6837,99,121),(8962,6837,100,121),(8963,6837,101,121),(8964,6837,102,121),(8965,6837,103,121),(8966,6837,104,121),(8967,6837,105,121),(8968,6859,100,80),(8969,6859,101,80),(8970,6859,102,80),(8971,6859,103,80),(8972,6812,100,62),(8973,6812,101,62),(8978,6808,92,99),(8979,6808,93,99),(8980,6808,94,99),(8981,6808,95,99),(8985,6808,97,99),(8986,6862,101,101),(8987,6862,102,101),(8988,6879,83,72),(8989,6879,84,72),(8990,6879,85,72),(8991,6879,86,72),(8992,6879,87,72),(8993,6879,88,72),(8994,6879,89,72),(8995,6879,90,72),(8996,6879,91,72),(8997,6879,92,72),(8998,6879,93,72),(8999,6879,94,72),(9000,6879,95,72),(9001,6879,96,72),(9002,6879,97,72),(9003,6879,98,72),(9004,6879,99,72),(9005,6816,99,116),(9006,6816,100,116),(9007,6816,101,116),(9008,6816,102,116),(9009,6666,99,110),(9010,6765,94,112),(9011,6220,1,119),(9012,6220,2,119),(9013,6220,3,119),(9014,6220,4,119),(9015,6220,5,119),(9016,6220,6,119),(9017,6220,7,119),(9018,6220,8,119),(9019,6220,9,119),(9020,6220,10,119),(9021,6220,11,119),(9022,6220,12,119),(9023,6220,13,119),(9024,6220,14,119),(9025,6220,15,119),(9026,6220,16,119),(9027,6220,17,119),(9028,6220,18,119),(9029,6220,19,119),(9030,6220,20,119),(9031,6220,21,119),(9032,6220,22,119),(9033,6220,23,119),(9034,6220,24,119),(9035,6220,25,119),(9036,6220,26,119),(9037,6220,27,119),(9038,6220,28,119),(9039,6220,29,119),(9040,6220,30,119),(9041,6220,31,119),(9042,6220,32,119),(9043,6220,33,119),(9044,6220,34,119),(9045,6220,35,119),(9046,6220,36,119),(9047,6220,37,119),(9048,6220,38,119),(9049,6220,39,119),(9050,6220,40,119),(9051,6220,41,119),(9052,6220,42,119),(9053,6220,43,119),(9054,6220,44,119),(9055,6220,45,119),(9056,6220,46,119),(9057,6220,47,119),(9058,6220,48,119),(9059,6220,49,119),(9060,6220,50,119),(9061,6220,51,119),(9062,6220,52,119),(9063,6220,65,119),(9064,6220,66,119),(9065,6220,67,119),(9066,6220,68,119),(9067,6220,69,119),(9068,6220,70,119),(9069,6220,71,119),(9070,6220,72,119),(9071,6220,73,119),(9073,6885,96,109),(9074,6885,97,109),(9075,6885,98,109),(9076,6885,99,109),(9077,6885,100,109),(9078,6885,101,109),(9079,6885,102,109),(9081,6629,16,41),(9082,6910,78,41),(9083,6910,79,41),(9084,6910,82,41),(9085,6910,83,41),(9086,6910,84,41),(9087,6910,85,41),(9088,6910,86,41),(9089,6910,87,41),(9090,6910,88,41),(9091,6910,89,41),(9092,6910,90,41),(9093,6910,91,41),(9094,6910,92,41),(9095,6910,93,41),(9096,6910,94,41),(9097,6910,96,41),(9101,5162,65,16),(9102,5162,67,15),(9103,5162,67,16),(9104,5162,76,16),(9105,5162,76,15),(9106,5162,65,15),(9107,5163,75,15),(9108,5163,75,16),(9109,5162,68,15),(9110,5162,68,16),(9111,5085,36,16),(9112,5084,37,15),(9116,6917,75,18),(9117,6917,76,18),(9118,3637,1,18),(9119,3637,2,18),(9120,3637,3,18),(9121,3637,4,18),(9122,3637,5,18),(9123,3637,6,18),(9124,3637,7,18),(9125,6918,99,105),(9126,6918,100,105),(9127,6918,101,105),(9128,6918,102,105),(9129,6922,100,128),(9130,6922,101,128),(9131,6922,102,128),(9132,6922,103,128),(9133,6924,102,132),(9134,6924,103,132),(9135,6760,104,132),(9139,5907,82,2),(9140,5907,52,2),(9142,6848,105,129),(9143,6934,104,59),(9144,6934,105,59),(9145,6935,103,42),(9146,6935,104,42),(9147,6936,101,137),(9148,6936,102,137),(9149,6918,96,105),(9150,6918,103,105),(9151,6918,104,105),(9152,6937,104,80),(9153,6937,105,80),(9154,6940,106,80),(9155,6941,100,72),(9156,6941,101,72),(9157,6941,102,72),(9158,6941,103,72),(9159,6941,104,72),(9160,6941,105,72),(9161,4858,76,136),(9163,6943,102,108),(9164,6943,103,108),(9167,6946,104,123),(9168,6946,105,123),(9169,6884,103,109),(9170,6884,104,109),(9171,6884,105,109),(9172,6947,106,109),(9173,6948,84,2),(9174,6948,84,77),(9175,6948,85,2),(9176,6948,85,77),(9177,6948,86,2),(9178,6948,86,77),(9179,6948,87,77),(9180,6948,87,2),(9181,6948,88,77),(9182,6948,88,2),(9183,6948,89,2),(9184,6948,89,77),(9185,6948,90,2),(9186,6948,91,2),(9187,6948,91,77),(9188,6948,90,77),(9189,6948,92,2),(9190,6948,92,77),(9191,6948,93,2),(9192,6948,93,77),(9193,6948,94,2),(9194,6948,94,77),(9195,6948,95,2),(9196,6948,95,77),(9197,6948,96,2),(9198,6948,96,77),(9199,6948,97,2),(9200,6948,97,77),(9201,6948,98,2),(9202,6948,98,77),(9203,6948,99,2),(9204,6948,99,77),(9205,6948,100,2),(9206,6948,100,77),(9207,6948,101,2),(9208,6948,101,77),(9209,6948,102,2),(9210,6948,102,77),(9211,6948,103,2),(9212,6948,103,77),(9213,6948,104,2),(9214,6948,104,77),(9215,6948,105,2),(9216,6948,105,77),(9217,6948,106,2),(9218,6948,106,77),(9219,6949,99,107),(9220,6949,100,107),(9221,6949,101,107),(9222,6949,102,107),(9223,6949,103,107),(9224,6949,104,107),(9225,6949,105,107),(9226,6959,65,32),(9227,6959,52,32),(9228,6959,69,32),(9229,6959,70,32),(9230,6959,71,32),(9231,6959,72,32),(9232,6959,73,32),(9233,6959,77,32),(9234,6964,103,139),(9235,6964,104,139),(9236,6965,66,35),(9237,6965,86,35),(9238,6965,87,35),(9240,6965,89,35),(9241,6965,90,35),(9242,6965,88,35),(9243,6965,91,35),(9244,6965,92,35),(9245,6965,93,35),(9246,6965,94,35),(9247,6965,95,35),(9248,6965,96,35),(9249,6965,97,35),(9250,6965,98,35),(9251,6965,100,35),(9252,6965,99,35),(9253,6965,102,35),(9254,6965,101,35),(9255,6965,103,35),(9256,6965,104,35),(9257,6968,105,35),(9258,6816,103,116),(9259,6816,104,116),(9260,6816,105,116),(9261,6944,103,130),(9280,6822,104,66),(9281,6995,105,105),(9282,6995,106,105),(9288,6998,106,130),(9289,6998,107,130),(9290,6998,104,130),(9291,6998,105,130),(9292,6998,108,130),(9293,7001,105,132),(9294,7001,106,132),(9295,7001,107,132),(9296,7002,106,139),(9297,7002,105,139),(9298,7003,106,59),(9299,7003,107,59),(9300,7004,108,59),(9301,7005,107,80),(9302,7006,108,80),(9303,7007,40,68),(9304,7007,41,68),(9305,7007,42,68),(9306,7007,43,68),(9307,7007,44,68),(9308,7007,45,68),(9309,7007,46,68),(9310,7007,47,68),(9311,7007,48,68),(9312,7007,49,68),(9313,7007,50,68),(9314,7007,51,68),(9315,7007,52,68),(9316,7007,65,68),(9317,7007,66,68),(9318,7007,67,68),(9319,7007,69,68),(9320,7007,70,68),(9321,7007,71,68),(9322,7007,72,68),(9323,7007,73,68),(9324,7007,74,68),(9325,7007,75,68),(9326,7007,77,68),(9327,7007,78,68),(9328,7007,79,68),(9329,7007,82,68),(9330,7007,83,68),(9331,7007,84,68),(9332,7007,85,68),(9333,7007,86,68),(9334,7007,87,68),(9335,7007,88,68),(9336,7007,89,68),(9337,7007,90,68),(9338,7007,91,68),(9339,7007,92,68),(9340,7008,106,123),(9341,7008,107,123),(9342,6981,103,137),(9343,6981,104,137),(9345,6942,66,66),(9346,7009,106,129),(9347,7011,105,42),(9348,7011,106,42),(9349,7011,107,42),(9350,7012,103,117),(9351,7012,104,117),(9352,7012,105,117),(9353,7012,106,117),(9354,7012,107,117),(9355,7012,108,117),(9356,7018,99,40),(9357,7018,100,40),(9358,7018,101,40),(9359,7018,102,40),(9360,7018,103,40),(9361,7018,104,40),(9362,7018,105,40),(9363,7018,106,40),(9364,7018,107,40),(9365,7019,108,40),(9366,7020,103,131),(9367,7020,104,131),(9368,7020,105,131),(9369,6974,106,131),(9370,6974,107,131),(9371,7021,34,136),(9372,7021,35,136),(9373,7021,36,136),(9374,7021,37,136),(9375,7021,38,136),(9376,7021,39,136),(9377,7021,40,136),(9378,7021,43,136),(9379,7021,42,136),(9380,7021,41,136),(9381,7021,44,136),(9382,7021,45,136),(9383,7021,46,136),(9384,7021,47,136),(9385,7021,48,136),(9386,7021,50,136),(9387,7021,51,136),(9388,7021,49,136),(9389,7021,52,136),(9390,7021,65,136),(9391,7021,67,136),(9392,7021,68,136),(9393,7021,69,136),(9394,7021,70,136),(9395,7021,71,136),(9396,7021,72,136),(9397,7021,73,136),(9398,7021,75,136),(9399,7021,74,136),(9400,7021,77,136),(9401,7021,78,136),(9402,7022,97,23),(9403,7022,98,23),(9404,7022,100,23),(9405,7022,101,23),(9406,7022,99,23),(9407,7022,102,23),(9408,7022,103,23),(9409,7022,104,23),(9410,7022,105,23),(9411,7022,106,23),(9412,7022,107,23),(9414,7023,108,139),(9415,6983,104,122),(9421,7025,106,107),(9422,7025,107,107),(9425,7026,111,107),(9428,7028,106,35),(9430,7030,109,139),(9431,7031,79,136),(9432,7031,82,136),(9433,7031,83,136),(9434,7031,84,136),(9435,7031,85,136),(9436,7031,86,136),(9437,7031,87,136),(9438,7031,88,136),(9439,7031,89,136),(9440,7031,90,136),(9441,7031,91,136),(9442,7031,92,136),(9443,7031,93,136),(9444,7031,94,136),(9446,7031,96,136),(9447,7032,95,136),(9448,7032,97,136),(9449,7032,98,136),(9450,7032,99,136),(9451,7032,100,136),(9452,7032,101,136),(9453,7032,102,136),(9457,7033,105,137),(9458,7033,106,137),(9459,7034,66,133),(9460,7034,74,133),(9461,7034,78,133),(9462,7034,79,133),(9463,7034,82,133),(9464,7034,83,133),(9465,7034,84,133),(9466,7034,85,133),(9467,7034,86,133),(9468,7034,87,133),(9469,7034,88,133),(9470,7034,89,133),(9471,7034,90,133),(9472,7034,91,133),(9473,7034,92,133),(9474,7034,93,133),(9475,7034,94,133),(9479,7034,96,133),(9480,7036,108,132),(9481,7036,109,132),(9483,7038,109,130),(9484,7039,111,130),(9485,7040,107,109),(9486,7040,108,109),(9487,7042,108,42),(9488,7042,109,42),(9489,7043,106,121),(9490,7043,107,121),(9491,7046,108,121),(9492,7046,109,121),(9493,7046,111,121),(9494,7048,1,138),(9495,7048,2,138),(9496,7048,3,138),(9497,7048,4,138),(9498,7048,5,138),(9499,7048,6,138),(9500,7048,7,138),(9501,7048,8,138),(9502,7048,9,138),(9503,7048,10,138),(9504,7048,20,138),(9505,7048,19,138),(9506,7048,18,138),(9507,7048,17,138),(9508,7048,15,138),(9509,7048,14,138),(9510,7048,13,138),(9511,7048,16,138),(9512,7048,11,138),(9513,7048,12,138),(9514,7048,21,138),(9515,7048,22,138),(9516,7048,23,138),(9517,7048,24,138),(9518,7048,25,138),(9519,7048,26,138),(9520,7048,27,138),(9521,7048,28,138),(9522,7048,29,138),(9523,7048,30,138),(9524,7048,40,138),(9525,7048,38,138),(9527,7048,39,138),(9528,7048,37,138),(9529,7048,36,138),(9530,7048,35,138),(9531,7048,34,138),(9532,7048,33,138),(9533,7048,32,138),(9534,7048,31,138),(9535,7048,41,138),(9536,7048,42,138),(9537,7048,43,138),(9538,7048,44,138),(9539,7048,45,138),(9540,7048,46,138),(9541,7048,47,138),(9542,7048,48,138),(9543,7048,49,138),(9544,7048,50,138),(9545,7048,72,138),(9546,7048,71,138),(9547,7048,70,138),(9548,7048,69,138),(9549,7048,68,138),(9550,7048,67,138),(9551,7048,66,138),(9552,7048,65,138),(9553,7048,52,138),(9554,7048,51,138),(9555,7048,73,138),(9556,7048,74,138),(9557,7048,76,138),(9558,7048,77,138),(9559,7048,78,138),(9560,7048,79,138),(9561,7048,82,138),(9562,7048,83,138),(9565,7048,84,138),(9566,7048,85,138),(9567,7048,95,138),(9568,7048,94,138),(9569,7048,93,138),(9570,7048,92,138),(9571,7048,91,138),(9572,7048,90,138),(9573,7048,89,138),(9574,7048,88,138),(9575,7048,87,138),(9576,7048,86,138),(9577,7048,105,138),(9578,7048,104,138),(9579,7048,103,138),(9580,7048,96,138),(9581,7048,97,138),(9582,7048,98,138),(9583,7048,99,138),(9584,7048,100,138),(9585,7048,101,138),(9586,7048,102,138),(9587,7049,103,89),(9588,7049,104,89),(9589,7049,105,89),(9590,7049,106,89),(9591,7049,107,89),(9592,7049,108,89),(9593,7050,109,59),(9594,7054,107,105),(9595,7054,108,105),(9596,6994,102,62),(9597,6994,103,62),(9598,6994,104,62),(9599,6994,105,62),(9600,6994,106,62),(9601,6994,107,62),(9602,6994,108,62),(9603,7058,14,51),(9604,7058,15,51),(9605,7058,16,51),(9606,7058,17,51),(9607,7058,18,51),(9608,7058,19,51),(9609,7058,20,51),(9610,7058,21,51),(9611,7058,22,51),(9612,7058,23,51),(9613,7058,24,51),(9614,7058,25,51),(9615,7058,26,51),(9616,7058,27,51),(9617,7058,28,51),(9618,7058,29,51),(9619,7058,30,51),(9620,7058,31,51),(9621,7058,32,51),(9622,7058,33,51),(9623,7058,34,51),(9624,7058,35,51),(9625,7058,36,51),(9626,7058,37,51),(9627,7058,38,51),(9628,7058,39,51),(9629,7058,40,51),(9630,7058,41,51),(9631,7058,42,51),(9632,7058,43,51),(9633,7058,65,51),(9634,7058,51,51),(9635,7058,52,51),(9636,7058,50,51),(9637,7058,49,51),(9638,7058,48,51),(9639,7058,47,51),(9640,7058,46,51),(9641,7058,45,51),(9642,7058,44,51),(9643,7058,66,51),(9644,7058,67,51),(9645,7058,68,51),(9646,7058,69,51),(9647,7058,70,51),(9648,7058,71,51),(9649,7058,72,51),(9650,7058,73,51),(9651,7058,74,51),(9652,7058,75,51),(9653,7058,76,51),(9654,7058,77,51),(9655,7058,78,51),(9656,7058,79,51),(9657,7058,82,51),(9658,7058,83,51),(9659,7058,84,51),(9660,7058,85,51),(9661,7058,86,51),(9662,7058,87,51),(9663,7058,88,51),(9664,7058,89,51),(9665,7058,90,51),(9666,7058,91,51),(9667,7058,92,51),(9668,7058,93,51),(9669,7058,94,51),(9670,7058,95,51),(9671,7058,96,51),(9673,7060,106,72),(9674,7060,107,72),(9675,7060,108,72),(9676,7065,95,112),(9677,7065,96,112),(9678,7065,97,112),(9679,7065,98,112),(9680,7065,99,112),(9681,7065,100,112),(9682,7065,101,112),(9683,7065,102,112),(9684,7065,103,112),(9685,7065,104,112),(9686,6988,96,66),(9687,6988,105,66),(9688,6988,106,66),(9689,7073,108,123),(9690,7073,109,123),(9691,7075,105,67),(9692,7075,106,67),(9693,7075,107,67),(9694,7075,108,67),(9706,7076,66,67),(9707,7076,89,67),(9708,7076,92,67),(9709,7076,93,67),(9710,7076,94,67),(9711,7076,95,67),(9712,7076,97,67),(9713,7076,98,67),(9714,7077,104,52),(9715,7077,106,52),(9716,7077,107,52),(9717,7077,105,52),(9718,7078,108,52),(9719,7079,102,56),(9720,7079,103,56),(9721,7079,104,56),(9722,7079,105,56),(9723,7079,106,56),(9724,7028,107,35),(9725,7028,108,35),(9726,7061,109,72),(9727,7086,104,83),(9728,7086,105,83),(9729,7086,106,83),(9730,7086,107,83),(9731,7086,108,83),(9732,7088,104,128),(9733,7088,105,128),(9734,7088,106,128),(9736,7088,107,128),(9737,7088,108,128),(9738,7088,109,128),(9739,7088,111,128),(9740,7092,111,139),(9741,7093,109,109),(9742,7093,111,109),(9743,7094,112,109),(9744,7067,111,123),(9746,7101,96,67),(9747,7101,99,67),(9748,7101,100,67),(9749,7101,101,67),(9750,7101,102,67),(9753,6943,101,108),(9813,7169,109,117),(9815,7169,111,117),(9816,7169,112,117),(9891,7172,112,130),(9896,7171,111,59),(9897,7171,112,59),(9898,7177,106,138),(9899,7177,107,138),(9902,7177,108,138),(10080,7067,112,123),(10085,7102,109,137),(10086,7102,108,137),(10087,7102,111,137),(10088,7102,112,137),(10089,7173,112,128),(10090,7193,105,112),(10091,7193,106,112),(10099,7194,97,60),(10100,7194,98,60),(10101,7194,99,60),(10102,7174,106,116),(10103,7174,107,116),(10104,7174,109,116),(10105,7174,111,116),(10106,7174,108,116),(10107,7174,112,116),(10108,7100,107,56),(10109,7100,108,56),(10110,7100,109,56),(10111,7100,111,56),(10112,7100,112,56),(10113,7198,112,132),(10114,7198,111,132),(10118,7175,112,42),(10119,7175,111,42),(10120,7196,112,139),(10126,7200,92,33),(10127,7200,93,33),(10128,7200,94,33),(10129,7200,95,33),(10130,7200,96,33),(10132,7200,97,33),(10133,7200,98,33),(10134,7200,99,33),(10135,7200,100,33),(10136,7200,101,33),(10137,7200,102,33),(10139,7200,103,33),(10140,7200,104,33),(10141,7200,105,33),(10142,7200,106,33),(10143,7200,107,33),(10144,7200,108,33),(10145,7200,109,33),(10146,7200,111,33),(10147,7200,112,33),(10148,7168,112,107),(10154,7193,107,112),(10155,7193,108,112),(10156,7193,109,112),(10157,7025,108,107),(10158,7025,109,107),(10168,3004,76,82),(10270,7110,75,82),(10271,7110,1,82),(10272,7110,2,82),(10273,7110,3,82),(10274,7110,4,82),(10275,7110,5,82),(10276,7110,6,82),(10277,7110,7,82),(10278,7110,8,82),(10279,7110,10,82),(10280,7110,11,82),(10281,7110,12,82),(10282,7110,13,82),(10283,7110,14,82),(10284,7110,15,82),(10285,7110,16,82),(10286,7110,17,82),(10287,7110,18,82),(10290,7110,21,82),(10291,7110,22,82),(10292,7110,23,82),(10293,7110,67,82),(10294,7110,24,82),(10295,7110,25,82),(10296,7110,26,82),(10297,7110,27,82),(10298,7110,28,82),(10299,7110,29,82),(10300,7110,30,82),(10301,7110,31,82),(10302,7110,32,82),(10303,7110,33,82),(10304,7110,34,82),(10305,7110,35,82),(10306,7110,68,82),(10307,7110,36,82),(10308,7110,37,82),(10309,7110,38,82),(10310,7110,39,82),(10311,7110,40,82),(10312,7110,65,82),(10313,7110,41,82),(10314,7110,42,82),(10315,7110,43,82),(10316,7110,44,82),(10317,7110,45,82),(10318,7110,46,82),(10319,7110,66,82),(10320,7110,47,82),(10321,7110,48,82),(10322,7110,49,82),(10323,7110,50,82),(10324,7110,51,82),(10325,7110,52,82),(10326,7110,69,82),(10327,7110,70,82),(10328,7110,71,82),(10329,7110,72,82),(10330,7110,73,82),(10331,7110,77,82),(10332,7110,74,82),(10333,7110,78,82),(10334,7110,79,82),(10335,7110,82,82),(10336,7110,83,82),(10337,7110,84,82),(10338,7110,85,82),(10339,7110,86,82),(10340,7110,87,82),(10341,7110,88,82),(10342,7110,89,82),(10343,7110,90,82),(10344,7110,91,82),(10345,7110,92,82),(10346,7110,93,82),(10347,7110,96,82),(10348,7110,94,82),(10349,7110,95,82),(10350,7110,97,82),(10351,7110,98,82),(10353,7110,99,82),(10354,7110,100,82),(10355,7110,101,82),(10356,7110,102,82),(10357,7110,103,82),(10358,7110,104,82),(10359,7110,105,82),(10360,7110,107,82),(10361,7110,106,82),(10362,7110,108,82),(10363,7110,109,82),(10364,7110,111,82),(10366,7110,9,82),(10367,7110,19,82),(10368,7110,20,82),(10370,7163,113,116),(10377,7191,113,128),(10378,7113,109,80),(10379,7113,111,80),(10380,7113,112,80),(10381,7213,109,83),(10382,7213,111,83),(10383,7213,112,83),(10384,7213,113,83),(10385,7211,107,137),(10386,7211,113,137),(10389,7216,113,123),(10392,7217,107,139),(10393,7217,113,139),(10394,7218,113,132),(10395,7164,108,131),(10396,7164,109,131),(10397,7164,111,131),(10398,7164,112,131),(10399,7164,113,131),(10400,7219,109,35),(10401,7219,111,35),(10402,7219,112,35),(10403,7219,113,35),(10404,7220,105,122),(10405,7220,106,122),(10406,7220,107,122),(10407,7220,108,122),(10408,7220,109,122),(10409,7220,111,122),(10410,7220,112,122),(10411,7220,113,122),(10412,7222,111,112),(10413,7222,112,112),(10414,7222,113,112),(10415,7224,107,129),(10416,7224,108,129),(10417,7224,109,129),(10418,5713,75,74),(10419,5713,76,74),(10420,3073,1,74),(10421,3143,2,74),(10422,3213,3,74),(10423,3281,4,74),(10424,3349,5,74),(10425,3416,6,74),(10426,3479,7,74),(10427,3541,8,74),(10428,3662,9,74),(10429,3721,10,74),(10430,3778,11,74),(10431,3835,12,74),(10432,3892,13,74),(10433,3948,14,74),(10434,4003,15,74),(10435,4056,16,74),(10436,4109,17,74),(10437,4163,18,74),(10438,4218,19,74),(10439,4271,20,74),(10440,4325,21,74),(10441,4377,22,74),(10442,4428,23,74),(10443,4478,67,74),(10444,4526,24,74),(10445,4574,25,74),(10446,4620,26,74),(10447,4666,27,74),(10448,4714,28,74),(10449,4761,29,74),(10450,5513,30,74),(10451,4808,31,74),(10452,4855,32,74),(10453,4902,33,74),(10454,4946,34,74),(10455,4985,35,74),(10456,5102,68,74),(10457,5142,36,74),(10458,5181,37,74),(10459,5217,38,74),(10460,5515,39,74),(10461,5253,40,74),(10462,5285,41,74),(10463,5315,65,74),(10464,5342,42,74),(10465,5342,43,74),(10466,5365,44,74),(10467,5375,45,74),(10468,5677,46,74),(10469,5677,47,74),(10470,5677,66,74),(10471,5677,48,74),(10472,5677,49,74),(10473,5677,50,74),(10474,5677,51,74),(10475,5677,52,74),(10476,5677,69,74),(10477,5677,70,74),(10478,5677,71,74),(10479,5677,72,74),(10480,5677,73,74),(10481,5716,74,74),(10482,5716,77,74),(10483,5716,78,74),(10484,5976,79,74),(10485,5976,82,74),(10486,5976,83,74),(10487,6007,84,74),(10488,6071,85,74),(10489,6206,86,74),(10490,6304,87,74),(10491,6304,88,74),(10492,6304,89,74),(10493,6304,90,74),(10494,6345,91,74),(10495,6345,92,74),(10496,6453,93,74),(10497,6453,96,74),(10498,6453,94,74),(10499,6453,95,74),(10500,6667,97,74),(10501,6667,98,74),(10502,6667,99,74),(10503,6790,100,74),(10504,6790,101,74),(10505,6790,102,74),(10506,6928,103,74),(10507,6928,104,74),(10508,6928,105,74),(10509,7024,106,74),(10510,7024,107,74),(10511,7024,108,74),(10512,7024,109,74),(10513,7027,111,74),(10514,7098,112,74),(10515,7189,113,74),(10516,7214,114,74),(10517,7215,115,74),(10612,5387,75,96),(10613,5388,76,96),(10614,5389,1,96),(10615,6009,2,96),(10616,6009,3,96),(10617,6009,4,96),(10618,6009,5,96),(10619,6009,6,96),(10620,6009,7,96),(10621,6009,8,96),(10622,6009,9,96),(10623,6009,10,96),(10624,6009,11,96),(10625,6009,12,96),(10626,6009,13,96),(10627,6009,14,96),(10628,6009,15,96),(10629,6009,16,96),(10630,6009,17,96),(10631,6009,18,96),(10632,6009,19,96),(10633,6009,20,96),(10634,6009,21,96),(10635,6009,22,96),(10636,6009,23,96),(10637,6009,67,96),(10638,6009,24,96),(10639,6009,25,96),(10640,6009,26,96),(10641,6009,27,96),(10642,6009,28,96),(10643,6009,29,96),(10644,6009,30,96),(10645,6009,31,96),(10646,6009,32,96),(10647,6009,33,96),(10648,6009,34,96),(10649,6009,35,96),(10650,6009,68,96),(10651,6009,36,96),(10652,6009,37,96),(10653,6009,38,96),(10654,6009,39,96),(10655,6009,40,96),(10656,6009,41,96),(10657,6009,65,96),(10658,6009,42,96),(10659,6009,43,96),(10660,6009,44,96),(10661,6009,45,96),(10662,6009,46,96),(10663,6009,47,96),(10664,6064,66,96),(10665,6064,48,96),(10666,6064,49,96),(10667,6064,50,96),(10668,6064,51,96),(10669,6064,52,96),(10670,6064,69,96),(10671,6064,70,96),(10672,6064,71,96),(10673,6064,72,96),(10674,6064,73,96),(10675,6064,74,96),(10676,6064,77,96),(10677,6064,78,96),(10678,6064,79,96),(10679,6064,82,96),(10680,6064,83,96),(10681,6556,84,96),(10682,6556,85,96),(10683,6556,86,96),(10684,6556,87,96),(10685,6556,88,96),(10686,6556,89,96),(10687,6556,90,96),(10688,6556,91,96),(10689,6556,92,96),(10690,6556,93,96),(10691,6556,96,96),(10692,6556,94,96),(10693,6556,95,96),(10694,6556,97,96),(10695,6620,98,96),(10696,6620,99,96),(10697,6802,100,96),(10698,6802,101,96),(10699,6802,102,96),(10700,6802,103,96),(10701,6984,104,96),(10702,6984,105,96),(10703,6984,106,96),(10704,6984,107,96),(10705,6984,108,96),(10706,7212,109,96),(10707,7212,111,96),(10708,7212,112,96),(10709,7212,113,96),(10710,7212,114,96),(10711,7212,115,96),(10712,3121,75,54),(10713,3191,76,54),(10714,6010,1,54),(10715,6010,2,54),(10716,6010,3,54),(10717,6010,4,54),(10718,5992,5,54),(10719,5992,6,54),(10720,5992,7,54),(10721,5992,8,54),(10722,5992,9,54),(10723,6011,10,54),(10724,6011,11,54),(10725,6011,12,54),(10726,6011,13,54),(10727,6011,14,54),(10728,6011,15,54),(10729,6011,16,54),(10730,6011,17,54),(10731,6011,18,54),(10732,6011,19,54),(10733,6011,20,54),(10734,6011,21,54),(10735,6011,22,54),(10736,6011,23,54),(10737,6011,67,54),(10738,6011,24,54),(10739,6011,25,54),(10740,6011,26,54),(10741,6011,27,54),(10742,6011,28,54),(10743,6011,29,54),(10744,6011,30,54),(10745,6011,31,54),(10746,6011,32,54),(10747,6011,33,54),(10748,6011,34,54),(10749,6011,35,54),(10750,6011,68,54),(10751,6011,36,54),(10752,6011,37,54),(10753,6011,38,54),(10754,6011,39,54),(10755,6011,40,54),(10756,6011,41,54),(10757,6011,65,54),(10758,6011,42,54),(10759,6011,43,54),(10760,6011,44,54),(10761,6011,45,54),(10762,6011,46,54),(10763,6011,47,54),(10764,6083,66,54),(10765,6083,48,54),(10766,6083,49,54),(10767,6083,50,54),(10768,6083,51,54),(10769,6083,52,54),(10770,6083,69,54),(10771,6083,70,54),(10772,6083,71,54),(10773,6083,72,54),(10774,6083,73,54),(10775,6083,74,54),(10776,6083,77,54),(10777,6083,78,54),(10778,6083,79,54),(10779,6083,82,54),(10780,6447,83,54),(10781,6447,84,54),(10782,6447,85,54),(10783,6447,86,54),(10784,6447,87,54),(10785,6448,88,54),(10786,6448,89,54),(10787,6449,90,54),(10788,6976,91,54),(10789,6976,92,54),(10790,6976,93,54),(10791,6976,96,54),(10792,6976,94,54),(10793,6976,95,54),(10794,6976,97,54),(10795,6976,98,54),(10796,6976,99,54),(10797,6976,100,54),(10798,6976,101,54),(10799,6976,102,54),(10800,6976,103,54),(10801,6977,104,54),(10802,6978,105,54),(10803,6979,106,54),(10804,6979,107,54),(10805,7029,108,54),(10806,7228,109,54),(10807,7228,111,54),(10808,7228,112,54),(10809,7228,113,54),(10810,7228,114,54),(10811,7228,115,54);
/*!40000 ALTER TABLE `mip_fee_pay` ENABLE KEYS */;
UNLOCK TABLES;

--
-- Table structure for table `mip_fee_type`
--

DROP TABLE IF EXISTS `mip_fee_type`;
/*!40101 SET @saved_cs_client     = @@character_set_client */;
/*!40101 SET character_set_client = utf8 */;
CREATE TABLE `mip_fee_type` (
  `id` int(11) NOT NULL AUTO_INCREMENT,
  `title` varchar(60) COLLATE utf8_bin NOT NULL,
  `summary` varchar(255) COLLATE utf8_bin NOT NULL,
  `description` text COLLATE utf8_bin,
  `value` decimal(10,2) DEFAULT NULL,
  `active` tinyint(1) NOT NULL,
  `is_regular` tinyint(1) NOT NULL,
  PRIMARY KEY (`id`)
) ENGINE=InnoDB AUTO_INCREMENT=52 DEFAULT CHARSET=utf8 COLLATE=utf8_bin;
/*!40101 SET character_set_client = @saved_cs_client */;

--
-- Dumping data for table `mip_fee_type`
--

LOCK TABLES `mip_fee_type` WRITE;
/*!40000 ALTER TABLE `mip_fee_type` DISABLE KEYS */;
INSERT INTO `mip_fee_type` (`id`, `title`, `summary`, `description`, `value`, `active`, `is_regular`) VALUES (1,'CUOTA 300-2010','c_300_2010',NULL,300.00,0,1),(2,'CUOTA 242-2010','c_242_2010',NULL,242.00,0,1),(3,'CUOTA 500-2010','c_500_2010',NULL,500.00,0,1),(4,'CUOTA 300-2011','c_300_2011',NULL,300.00,0,1),(5,'CUOTA 600-2011','c_600_2011',NULL,600.00,0,1),(6,'CUOTA 300-2012','c_300_2012',NULL,300.00,0,1),(7,'CUOTA 600-2012','c_600_2012',NULL,600.00,0,1),(8,'CUOTA 300-2013','c_300_2013',NULL,300.00,0,1),(9,'CUOTA 400-2013','c_400_2013',NULL,400.00,0,1),(10,'CUOTA 700-2013','c_700_2013',NULL,700.00,0,1),(11,'CUOTA 400-2014','c_400_2014',NULL,400.00,0,1),(16,'cuota_extra_400_2011','cuota_extra_400_2011',NULL,400.00,0,0),(17,'cuota_documento_2013','cuota_documento_2013',NULL,400.00,0,0),(18,'cuota_porton_2013','cuota_porton_2013',NULL,10000.00,0,0),(19,'Cuota Levantamiento Planos 1000','Cuota Levantamiento Planos 1000','Cuota Levantamiento Planos 1000',1000.00,0,0),(20,'CUOTA 300-2010  ','c_300_2010',NULL,300.00,0,0),(21,'CUOTA PORTON INICIAL','CUOTA PORTON INICIAL','CUOTA PORTON INICIAL',500.00,0,0),(22,'CUOTA ALUMBRADO INICIAL','CUOTA ALUMBRADO INICIAL','CUOTA ALUMBRADO INICIAL',300.00,0,0),(23,'cuota_extra_1000_2014','cuota_extra_1000_2014',NULL,1000.00,0,0),(24,'CUOTA 1000-2014 ','c_1000_2014',NULL,1000.00,0,1),(26,'Cuota 1000-2015','c_1000_2015',NULL,1000.00,0,1),(27,'Cuota Extra Caseta Vigilancia 2015','Remodelacin Caseta de Vigilancia 2015',NULL,3000.00,0,0),(28,'Cuota Regular Octubre 2015','Cuota Regular Octubre 2015',NULL,1000.00,0,1),(29,'Cuota Regular Noviembre 2015','Cuota Regular Noviembre 2015',NULL,1000.00,0,0),(30,'Cuota Extra Aguinaldos 2015','Cuota Extra Aguinaldos 2015','Cuota Aguinaldos 2015',3000.00,0,0),(31,'Cuota Diciembre 2015 - Unidades Tributarias','Cuota Diciembre 2015 - Unidades Tributarias','Cuoto Diciembre 2015 - Unidades Tributarias\r\n1era cuota creada con el concepto de Unidades Tributarias.',2800.00,0,1),(32,'Cuota Enero 2016 - Unidades Tributarias','cuota Enero 2016 -  Unidades Tributarias','Cuota Enero 2016 Unidades Tributarias',2800.00,0,1),(33,'Cuota Pasivos Laborales','Cuota Pasivos Laborales','Cuota Pasivos Laborales',6000.00,0,0),(34,'Cuota  Febrero 2016-Unidades Tributarias','Cuota Febrero 2016- Unidades Tributarias','Cuota Febrero 2016- Unidades Tributarias',2800.00,0,1),(35,'Cuota  Marzo 2016-Unidades Tributarias','Cuota Regular Marzo 2016 Unidades Tributarias',NULL,2800.00,0,1),(36,'Cuota  Abril 2016-Unidades Tributarias','Cuota Regular Abril 2016 Unidades Tributarias','Cuota Regular',2800.00,0,1),(37,'Cuota Mayo 2016 - Unidades Tributarias','Cuota Regular Mayo 2016 Unidades Tributarias',NULL,3200.00,0,1),(38,'Cuota Junio 2016','Cuota Regular Junio 2016','Cuota Junio 2016',3200.00,0,1),(39,'Cuota Julio 2016','Cuota Julio 2016','Cuota Regular Julio 2016',3200.00,0,1),(40,'Cuota Regular Agosto 2016','Cuota Regular Agosto 2016','Cuota Regular 2016',10000.00,0,1),(41,'Cuota Regular Septiembre 2016','Cuota Regular Septiembre 2016','Cuta Septiembre 2016',10000.00,0,1),(42,'Cuota Regular Octubre 2016','Cuota Regular Octure 2016','Cuota Regular 2016',10000.00,0,1),(43,'Cuota Regular Noviembre 2016','Cuota Regular Noviembre 2016',NULL,10000.00,0,1),(44,'Cuota Extra Aguinaldos 2016','Cuota Extra Aguinaldos 2016','Cuota Extra Aguinaldos 2016',10000.00,0,0),(45,'Cuota Regular Diciembre 2016','Cuota Regular Diciembre 2016','Cuota Regular Diciembre 2016',10000.00,0,1),(46,'Cuota Regular Enero 2017','Cuota Regular Enero 2017','Cuota Regular Enero 2017',10000.00,0,1),(47,'Cuota Regular Febrero 2017','Cuota Regular Febrero 2017','Cuota Regular Febrero 2017',10000.00,0,1),(48,'Cuota Regular Marzo 2017','Cuota Regular Marzo 2017','Cuota Regular Marzo 2017',10000.00,0,1),(49,'Cuota Regular Abril 2017','Cuota Regular Abril 2017','Cuota Regular Abril 2017',10000.00,0,1),(50,'Cuota - Asamblea Mayo 2017','AJuste de Cuota Mayo 2017','AJuste de Cuota Mayo 2017 Incremento Salarial Decreto',22000.00,1,1),(51,'Cuota Especial Mayo 2017','Cuota especial para reponer Fondo Condominio','Cuota especial para reponer Fondo Condominio',22000.00,0,0);
/*!40000 ALTER TABLE `mip_fee_type` ENABLE KEYS */;
UNLOCK TABLES;

--
-- Table structure for table `mip_group_person`
--

DROP TABLE IF EXISTS `mip_group_person`;
/*!40101 SET @saved_cs_client     = @@character_set_client */;
/*!40101 SET character_set_client = utf8 */;
CREATE TABLE `mip_group_person` (
  `id` int(11) NOT NULL AUTO_INCREMENT,
  `name` varchar(160) COLLATE utf8_bin NOT NULL,
  `type` char(1) COLLATE utf8_bin NOT NULL,
  `active` tinyint(1) DEFAULT '1',
  PRIMARY KEY (`id`)
) ENGINE=InnoDB AUTO_INCREMENT=6 DEFAULT CHARSET=utf8 COLLATE=utf8_bin COMMENT='Grupos de Personas:  Familias o Empresas';
/*!40101 SET character_set_client = @saved_cs_client */;

--
-- Dumping data for table `mip_group_person`
--

LOCK TABLES `mip_group_person` WRITE;
/*!40000 ALTER TABLE `mip_group_person` DISABLE KEYS */;
INSERT INTO `mip_group_person` (`id`, `name`, `type`, `active`) VALUES (1,'Zavala','F',1),(2,'FUENTES GODOY','F',1),(3,'Nio','F',1),(4,'Vasconcelos','F',1),(5,'Tovar Palma','F',1);
/*!40000 ALTER TABLE `mip_group_person` ENABLE KEYS */;
UNLOCK TABLES;

--
-- Table structure for table `mip_location`
--

DROP TABLE IF EXISTS `mip_location`;
/*!40101 SET @saved_cs_client     = @@character_set_client */;
/*!40101 SET character_set_client = utf8 */;
CREATE TABLE `mip_location` (
  `id` int(11) NOT NULL AUTO_INCREMENT,
  `code` varchar(10) COLLATE utf8_bin NOT NULL COMMENT 'Codigo de la Parcela, ejemplo:  P-4-35',
  `status` char(1) COLLATE utf8_bin DEFAULT NULL COMMENT 'lo terreno.',
  `initial_debt` decimal(10,2) NOT NULL DEFAULT '0.00',
  `is_built` tinyint(1) DEFAULT '0',
  `comments` varchar(120) COLLATE utf8_bin NOT NULL DEFAULT '',
  PRIMARY KEY (`id`)
) ENGINE=InnoDB AUTO_INCREMENT=144 DEFAULT CHARSET=utf8 COLLATE=utf8_bin COMMENT='Las parcelas de la urbanizacin';
/*!40101 SET character_set_client = @saved_cs_client */;

--
-- Dumping data for table `mip_location`
--

LOCK TABLES `mip_location` WRITE;
/*!40000 ALTER TABLE `mip_location` DISABLE KEYS */;
INSERT INTO `mip_location` (`id`, `code`, `status`, `initial_debt`, `is_built`, `comments`) VALUES (1,'LOTE','A',0.00,0,''),(2,'P-1-1','A',0.00,0,''),(3,'P-2-1','A',0.00,0,''),(4,'P-2-10','A',0.00,0,''),(5,'P-2-11','A',0.00,0,''),(6,'P-2-2','A',0.00,0,''),(7,'P-2-3','A',0.00,0,''),(8,'P-2-4','A',0.00,0,''),(9,'P-2-5','A',0.00,0,''),(10,'P-2-6','A',0.00,0,''),(11,'P-2-7','A',0.00,0,''),(12,'P-2-8','A',0.00,0,''),(13,'P-2-9','A',0.00,0,''),(14,'P-3-1','A',0.00,0,''),(15,'P-3-10','A',0.00,0,''),(16,'P-3-11','A',0.00,0,''),(17,'P-3-12','A',0.00,0,''),(18,'P-3-13','A',0.00,0,''),(19,'P-3-14','A',0.00,0,''),(20,'P-3-15','A',0.00,0,''),(21,'P-3-17','A',0.00,0,''),(22,'P-3-18','A',0.00,1,''),(23,'P-3-19','A',0.00,0,''),(24,'P-3-2','A',0.00,0,''),(25,'P-3-20','A',0.00,0,''),(26,'P-3-21','A',0.00,1,''),(27,'P-3-22','A',0.00,0,''),(28,'P-3-23','A',0.00,1,''),(29,'P-3-23 P-4','A',0.00,0,''),(30,'P-3-24','A',0.00,0,''),(31,'P-3-26','A',0.00,0,''),(32,'P-3-28','A',0.00,0,''),(33,'P-3-29','A',0.00,1,''),(34,'P-3-3','A',0.00,0,''),(35,'P-3-30','A',0.00,1,''),(36,'P-3-4','A',0.00,0,''),(37,'P-3-5','A',0.00,0,''),(38,'P-3-6','A',0.00,0,''),(39,'P-3-7','A',0.00,0,''),(40,'P-3-8','A',0.00,1,''),(41,'P-3-9','A',0.00,0,''),(42,'P-4-08','A',0.00,1,''),(43,'P-4-1','A',0.00,0,''),(44,'P-4-10','A',0.00,0,''),(45,'P-4-11','A',0.00,0,''),(46,'P-4-12','A',0.00,0,''),(47,'P-4-13','A',0.00,1,''),(48,'P-4-14','A',0.00,0,''),(49,'P-4-15','A',0.00,0,''),(50,'P-4-16','A',0.00,0,''),(51,'P-4-17','A',0.00,0,''),(52,'P-4-18','A',0.00,1,''),(53,'P-4-19','A',0.00,0,''),(54,'P-4-2','A',0.00,1,''),(55,'P-4-20','A',0.00,0,''),(56,'P-4-21','A',0.00,1,''),(57,'P-4-22','A',0.00,0,''),(58,'P-4-23','A',0.00,0,''),(59,'P-4-24','A',0.00,1,''),(60,'P-4-25','A',0.00,0,''),(61,'P-4-26','A',0.00,0,''),(62,'P-4-27','A',0.00,0,''),(63,'P-4-28','A',0.00,0,''),(64,'P-4-29','A',0.00,1,''),(65,'P-4-3','A',0.00,0,''),(66,'P-4-30','A',0.00,0,''),(67,'P-4-31','A',0.00,1,''),(68,'P-4-32','A',0.00,0,''),(69,'P-4-33','A',0.00,1,''),(70,'P-4-34','A',0.00,0,''),(71,'P-4-35','A',0.00,0,''),(72,'P-4-36','A',0.00,0,''),(73,'P-4-37','A',0.00,0,''),(74,'P-4-38','A',0.00,1,''),(75,'P-4-4','A',0.00,0,''),(76,'P-4-40','A',0.00,0,''),(77,'P-4-41','A',0.00,0,''),(78,'P-4-42','A',0.00,0,''),(79,'P-4-43','A',0.00,0,''),(80,'P-4-44','A',0.00,1,''),(81,'P-4-45','A',0.00,0,''),(82,'P-4-46','A',0.00,0,''),(83,'P-4-47','A',0.00,1,''),(84,'P-4-48','A',0.00,0,''),(85,'P-4-49','A',0.00,0,''),(86,'P-4-5','A',0.00,0,''),(87,'P-4-50','A',0.00,1,''),(88,'P-4-51','A',0.00,0,''),(89,'P-4-52','A',0.00,1,''),(90,'P-4-53','A',0.00,0,''),(91,'P-4-54','A',0.00,0,''),(92,'P-4-55','A',0.00,1,''),(93,'P-4-56 P-4','A',0.00,0,''),(94,'P-4-57','A',0.00,0,''),(95,'P-4-58','A',0.00,0,''),(96,'P-4-59','A',0.00,0,''),(97,'P-4-6','A',0.00,1,''),(98,'P-4-60','A',0.00,0,''),(99,'P-4-61','A',0.00,0,''),(100,'P-4-62','A',0.00,0,''),(101,'P-4-63','A',0.00,0,''),(102,'P-4-64','A',0.00,0,''),(103,'P-4-65','A',0.00,0,''),(104,'P-4-66','A',0.00,0,''),(105,'P-4-67','A',0.00,1,'Se cambio de P-4-67-A a P-4-67 por solicitud de la Junta Directiva del Mirador Mayo 2015'),(106,'INACTIVA-1','A',0.00,1,'Antigua parcela P-4-67-B'),(107,'P-4-68','A',0.00,0,''),(108,'P-4-69','A',0.00,1,''),(109,'P-4-7','A',0.00,0,''),(110,'P-4-70','A',0.00,0,''),(111,'P-4-71','A',0.00,0,''),(112,'P-4-72','A',0.00,0,''),(113,'P-4-73','A',0.00,0,''),(114,'P-4-74','A',0.00,1,''),(115,'P-4-75','A',0.00,0,''),(116,'P-4-76','A',0.00,1,''),(117,'P-4-77','A',0.00,1,''),(118,'P-4-78','A',0.00,0,''),(119,'P-4-80','A',0.00,0,''),(120,'P-4-81','A',0.00,1,''),(121,'P-4-9','A',0.00,0,''),(122,'P-WP-5-A','A',0.00,1,''),(123,'P-WP-1','A',0.00,0,''),(124,'P-WP-1-B','A',0.00,0,''),(125,'P-WP-11','A',0.00,0,''),(127,'P-WP-13-B','A',0.00,0,''),(128,'P-WP-3-A','A',0.00,1,''),(129,'P-WP-3-B','A',0.00,1,''),(130,'P-WP-4-B','A',0.00,1,''),(131,'P-WP-5-B','A',0.00,1,''),(132,'P-WP-6-A','A',0.00,0,''),(133,'P-WP-6-B','A',0.00,0,''),(134,'P-WP-7-A','A',0.00,1,''),(135,'P-WP-7-B','A',0.00,1,''),(136,'P-WP-9-A','A',0.00,0,''),(137,'P-WP-9-B','A',0.00,0,''),(138,'P-4-88','A',0.00,1,''),(139,'P-WP-13-A','A',0.00,1,''),(140,'P-WP 5-A','A',0.00,1,''),(141,'P-WP 4-A','A',0.00,1,''),(142,'INACTIVA-2','V',0.00,1,''),(143,'P-3-25','A',0.00,0,'EN CONSTRUCCION ');
/*!40000 ALTER TABLE `mip_location` ENABLE KEYS */;
UNLOCK TABLES;

--
-- Table structure for table `mip_location_geometry`
--

DROP TABLE IF EXISTS `mip_location_geometry`;
/*!40101 SET @saved_cs_client     = @@character_set_client */;
/*!40101 SET character_set_client = utf8 */;
CREATE TABLE `mip_location_geometry` (
  `id` int(11) NOT NULL AUTO_INCREMENT,
  `the_geom` text COLLATE utf8_bin NOT NULL,
  `location_id` int(11) NOT NULL,
  PRIMARY KEY (`id`),
  KEY `index_location_location_geometry_fk` (`location_id`),
  CONSTRAINT `location_location_geometry_fk` FOREIGN KEY (`location_id`) REFERENCES `mip_location` (`id`) ON DELETE NO ACTION ON UPDATE NO ACTION
) ENGINE=InnoDB DEFAULT CHARSET=utf8 COLLATE=utf8_bin COMMENT='Objtos geograficos de las parcelas';
/*!40101 SET character_set_client = @saved_cs_client */;

--
-- Dumping data for table `mip_location_geometry`
--

LOCK TABLES `mip_location_geometry` WRITE;
/*!40000 ALTER TABLE `mip_location_geometry` DISABLE KEYS */;
/*!40000 ALTER TABLE `mip_location_geometry` ENABLE KEYS */;
UNLOCK TABLES;

--
-- Table structure for table `mip_log`
--

DROP TABLE IF EXISTS `mip_log`;
/*!40101 SET @saved_cs_client     = @@character_set_client */;
/*!40101 SET character_set_client = utf8 */;
CREATE TABLE `mip_log` (
  `id` int(11) NOT NULL,
  `user` varchar(45) COLLATE utf8_bin DEFAULT NULL,
  `table` varchar(90) COLLATE utf8_bin DEFAULT NULL,
  `description` text COLLATE utf8_bin,
  `log_date` timestamp NULL DEFAULT NULL,
  PRIMARY KEY (`id`)
) ENGINE=InnoDB DEFAULT CHARSET=utf8 COLLATE=utf8_bin;
/*!40101 SET character_set_client = @saved_cs_client */;

--
-- Dumping data for table `mip_log`
--

LOCK TABLES `mip_log` WRITE;
/*!40000 ALTER TABLE `mip_log` DISABLE KEYS */;
/*!40000 ALTER TABLE `mip_log` ENABLE KEYS */;
UNLOCK TABLES;

--
-- Table structure for table `mip_owner`
--

DROP TABLE IF EXISTS `mip_owner`;
/*!40101 SET @saved_cs_client     = @@character_set_client */;
/*!40101 SET character_set_client = utf8 */;
CREATE TABLE `mip_owner` (
  `id` int(11) NOT NULL AUTO_INCREMENT,
  `location_id` int(11) NOT NULL,
  `person_id` int(11) NOT NULL,
  `begin_date` date NOT NULL,
  `end_date` date DEFAULT NULL,
  `initial_debt` decimal(10,2) DEFAULT NULL COMMENT 'deuda inicial',
  PRIMARY KEY (`id`),
  KEY `index_location_owners_fk` (`location_id`),
  KEY `index_persons_owners_fk` (`person_id`),
  CONSTRAINT `location_owners_fk` FOREIGN KEY (`location_id`) REFERENCES `mip_location` (`id`) ON DELETE NO ACTION ON UPDATE NO ACTION,
  CONSTRAINT `persons_owners_fk` FOREIGN KEY (`person_id`) REFERENCES `mip_person` (`id`) ON DELETE NO ACTION ON UPDATE NO ACTION
) ENGINE=InnoDB AUTO_INCREMENT=453 DEFAULT CHARSET=utf8 COLLATE=utf8_bin COMMENT='Propietarios de la Urbanizacion ';
/*!40101 SET character_set_client = @saved_cs_client */;

--
-- Dumping data for table `mip_owner`
--

LOCK TABLES `mip_owner` WRITE;
/*!40000 ALTER TABLE `mip_owner` DISABLE KEYS */;
INSERT INTO `mip_owner` (`id`, `location_id`, `person_id`, `begin_date`, `end_date`, `initial_debt`) VALUES (256,96,511,'2013-01-01',NULL,0.00),(257,11,512,'2013-01-01',NULL,0.00),(258,125,513,'2013-01-01',NULL,0.00),(259,111,514,'2013-01-01',NULL,0.00),(260,111,515,'2013-01-01',NULL,0.00),(261,111,516,'2013-01-01',NULL,0.00),(262,111,517,'2013-01-01',NULL,0.00),(263,136,518,'2013-01-01',NULL,0.00),(264,109,519,'2013-01-01',NULL,0.00),(265,109,520,'2013-01-01',NULL,0.00),(266,58,521,'2013-01-01',NULL,0.00),(267,58,522,'2013-01-01',NULL,0.00),(268,82,523,'2013-01-01',NULL,0.00),(269,62,524,'2013-01-01',NULL,0.00),(270,62,525,'2013-01-01',NULL,0.00),(271,68,526,'2013-01-01',NULL,0.00),(272,68,527,'2013-01-01',NULL,0.00),(273,104,528,'2013-01-01',NULL,0.00),(274,23,529,'2013-01-01',NULL,0.00),(275,23,530,'2013-01-01',NULL,0.00),(276,90,531,'2013-01-01',NULL,0.00),(277,90,532,'2013-01-01',NULL,0.00),(278,114,533,'2013-01-01',NULL,0.00),(279,73,534,'2013-01-01',NULL,0.00),(280,51,535,'2013-01-01',NULL,0.00),(281,88,536,'2013-01-01',NULL,0.00),(282,60,537,'2013-01-01',NULL,0.00),(283,102,538,'2013-01-01',NULL,0.00),(284,102,539,'2013-01-01',NULL,0.00),(285,66,541,'2013-01-01',NULL,0.00),(286,32,542,'2013-01-01',NULL,0.00),(287,138,543,'2013-01-01',NULL,0.00),(288,133,544,'2013-01-01',NULL,0.00),(289,133,545,'2013-01-01',NULL,0.00),(290,63,546,'2013-01-01',NULL,0.00),(291,124,547,'2013-01-01',NULL,0.00),(292,92,548,'2013-01-01',NULL,0.00),(293,94,549,'2013-01-01',NULL,0.00),(294,46,553,'2013-01-01',NULL,0.00),(295,97,554,'2013-01-01',NULL,0.00),(296,97,555,'2013-01-01',NULL,0.00),(297,59,556,'2013-01-01',NULL,0.00),(298,59,557,'2013-01-01',NULL,0.00),(299,28,560,'2013-01-01',NULL,0.00),(300,22,561,'2013-01-01',NULL,0.00),(301,85,563,'2013-01-01',NULL,0.00),(302,85,564,'2013-01-01',NULL,0.00),(303,85,565,'2013-01-01',NULL,0.00),(304,89,566,'2013-01-01',NULL,0.00),(305,137,568,'2013-01-01',NULL,0.00),(306,137,569,'2013-01-01',NULL,0.00),(307,110,571,'2013-01-01',NULL,0.00),(308,110,572,'2013-01-01',NULL,0.00),(309,141,573,'2013-01-01',NULL,0.00),(310,72,574,'2013-01-01',NULL,0.00),(311,72,575,'2013-01-01',NULL,0.00),(312,100,576,'2013-01-01',NULL,0.00),(313,87,577,'2013-01-01',NULL,0.00),(314,87,578,'2013-01-01',NULL,0.00),(315,83,579,'2013-01-01',NULL,0.00),(316,83,580,'2013-01-01',NULL,0.00),(317,26,581,'2013-01-01',NULL,0.00),(318,47,582,'2013-01-01',NULL,0.00),(319,47,583,'2013-01-01',NULL,0.00),(320,91,584,'2013-01-01',NULL,0.00),(321,130,585,'2013-01-01',NULL,0.00),(323,118,587,'2013-01-01',NULL,0.00),(324,19,588,'2013-01-01',NULL,0.00),(325,86,589,'2013-01-01',NULL,0.00),(326,116,590,'2013-01-01',NULL,0.00),(327,116,591,'2013-01-01',NULL,0.00),(328,105,592,'2013-01-01',NULL,0.00),(329,106,593,'2013-01-01',NULL,0.00),(330,95,594,'2013-01-01',NULL,0.00),(331,70,598,'2013-01-01',NULL,0.00),(332,50,596,'2013-01-01',NULL,0.00),(333,50,597,'2013-01-01',NULL,0.00),(334,71,595,'2013-01-01',NULL,0.00),(335,120,599,'2013-01-01',NULL,0.00),(336,103,600,'2013-01-01',NULL,0.00),(337,2,601,'2013-01-01',NULL,0.00),(338,77,601,'2013-01-01',NULL,0.00),(339,2,603,'2013-01-01',NULL,0.00),(340,77,603,'2013-01-01',NULL,0.00),(341,134,604,'2013-01-01',NULL,0.00),(342,121,605,'2013-01-01',NULL,0.00),(343,69,606,'2010-01-01',NULL,0.00),(344,41,607,'2013-01-01',NULL,0.00),(345,106,609,'2013-01-01',NULL,0.00),(346,15,610,'2013-01-01',NULL,0.00),(347,16,610,'2013-01-01',NULL,0.00),(348,17,612,'2013-01-01',NULL,0.00),(349,18,613,'2013-01-01',NULL,0.00),(350,18,614,'2013-01-01',NULL,0.00),(351,16,615,'2013-01-01',NULL,0.00),(352,115,616,'2013-01-01',NULL,0.00),(353,61,617,'2013-01-01',NULL,0.00),(354,84,618,'2013-01-01',NULL,0.00),(355,57,619,'2013-01-01',NULL,0.00),(356,57,620,'2013-01-01',NULL,0.00),(357,57,621,'2013-01-01',NULL,0.00),(358,79,622,'2013-01-01',NULL,0.00),(359,99,623,'2013-01-01',NULL,0.00),(360,99,624,'2013-01-01',NULL,0.00),(361,27,625,'2013-01-01',NULL,0.00),(362,27,626,'2013-01-01',NULL,0.00),(363,27,627,'2013-01-01',NULL,0.00),(364,48,628,'2013-01-01',NULL,0.00),(365,45,629,'2013-01-01',NULL,0.00),(366,40,630,'2013-01-01',NULL,0.00),(367,40,631,'2013-01-01',NULL,0.00),(368,67,632,'2013-01-01',NULL,0.00),(369,67,633,'2013-01-01',NULL,0.00),(370,107,634,'2013-01-01',NULL,0.00),(371,135,635,'2010-01-01',NULL,0.00),(372,65,636,'2010-01-01',NULL,0.00),(373,139,637,'2013-01-01',NULL,0.00),(374,139,638,'2013-01-01',NULL,0.00),(375,54,639,'2013-01-01',NULL,0.00),(376,101,640,'2013-01-01',NULL,0.00),(377,101,641,'2013-01-01',NULL,0.00),(378,53,642,'2013-01-01',NULL,0.00),(379,132,643,'2010-01-01',NULL,0.00),(380,132,644,'2010-01-01',NULL,0.00),(381,119,646,'2010-02-01',NULL,0.00),(382,119,646,'2010-02-01',NULL,0.00),(383,1,647,'2010-02-01',NULL,0.00),(384,119,647,'2013-01-01',NULL,0.00),(385,78,648,'2010-01-01',NULL,0.00),(386,49,649,'2013-01-01',NULL,0.00),(387,131,650,'2013-01-01',NULL,0.00),(388,131,651,'2013-01-01',NULL,0.00),(389,76,688,'2013-01-01',NULL,0.00),(390,42,653,'2013-01-01',NULL,0.00),(391,42,654,'2013-01-01',NULL,0.00),(392,75,655,'2013-01-01',NULL,0.00),(393,64,656,'2013-01-01',NULL,0.00),(394,64,657,'2013-01-01',NULL,0.00),(395,112,658,'2013-01-01',NULL,0.00),(396,112,659,'2013-01-01',NULL,0.00),(397,128,660,'2013-01-01',NULL,0.00),(398,128,661,'2013-01-01',NULL,0.00),(399,33,662,'2013-01-01',NULL,0.00),(400,117,663,'2013-01-01',NULL,0.00),(401,117,664,'2013-01-01',NULL,0.00),(402,35,665,'2013-01-01',NULL,0.00),(403,52,666,'2010-01-01',NULL,0.00),(404,52,667,'2010-01-01',NULL,0.00),(406,56,668,'2014-07-01',NULL,0.00),(407,44,670,'2013-01-01',NULL,0.00),(408,44,671,'2013-01-01',NULL,0.00),(409,108,672,'2013-01-01',NULL,0.00),(410,108,673,'2013-01-01',NULL,0.00),(411,81,674,'2013-01-01',NULL,0.00),(412,80,676,'2013-01-01',NULL,0.00),(413,80,677,'2013-01-01',NULL,0.00),(414,30,678,'2013-01-01',NULL,0.00),(415,98,679,'2013-01-01',NULL,0.00),(416,129,680,'2013-01-01',NULL,0.00),(417,129,681,'2013-01-01',NULL,0.00),(418,74,682,'2010-01-01',NULL,0.00),(419,138,543,'2014-06-27',NULL,NULL),(420,25,552,'2014-06-27',NULL,NULL),(421,31,550,'2014-06-27',NULL,NULL),(422,46,685,'2014-06-27',NULL,NULL),(423,122,558,'2014-06-27',NULL,NULL),(424,93,562,'2014-06-28',NULL,NULL),(425,123,570,'2014-06-28',NULL,NULL),(426,103,600,'2014-07-01',NULL,NULL),(427,61,617,'2010-01-01',NULL,NULL),(428,79,622,'2010-01-01',NULL,NULL),(429,3,686,'2010-01-01',NULL,NULL),(430,6,686,'2014-07-23',NULL,NULL),(431,7,686,'2014-07-23',NULL,NULL),(432,8,686,'2014-07-23',NULL,NULL),(433,9,686,'2014-07-23',NULL,NULL),(434,10,686,'2014-07-23',NULL,NULL),(435,12,686,'2014-07-23',NULL,NULL),(436,13,686,'2014-07-23',NULL,NULL),(437,4,686,'2014-07-23',NULL,NULL),(438,5,686,'2014-07-23',NULL,NULL),(439,14,686,'2014-07-23',NULL,NULL),(440,24,686,'2014-07-23',NULL,NULL),(441,34,686,'2014-07-23',NULL,NULL),(442,36,686,'2014-07-23',NULL,NULL),(443,37,686,'2014-07-23',NULL,NULL),(444,37,686,'2014-07-23',NULL,NULL),(445,38,686,'2014-07-23',NULL,NULL),(446,39,686,'2014-07-23',NULL,NULL),(447,20,686,'2014-07-23',NULL,NULL),(448,21,686,'2014-07-23',NULL,NULL),(449,43,686,'2014-07-23',NULL,NULL),(450,55,686,'2014-07-24',NULL,NULL),(451,113,687,'2010-01-01',NULL,NULL),(452,114,690,'2017-04-17',NULL,NULL);
/*!40000 ALTER TABLE `mip_owner` ENABLE KEYS */;
UNLOCK TABLES;

--
-- Table structure for table `mip_pay`
--

DROP TABLE IF EXISTS `mip_pay`;
/*!40101 SET @saved_cs_client     = @@character_set_client */;
/*!40101 SET character_set_client = utf8 */;
CREATE TABLE `mip_pay` (
  `id` int(11) NOT NULL AUTO_INCREMENT,
  `pay_date` date NOT NULL,
  `value_cash` decimal(10,2) NOT NULL,
  `person_id` int(11) NOT NULL,
  PRIMARY KEY (`id`),
  KEY `index_fk_mip_fee_pay_mip_person1` (`person_id`),
  CONSTRAINT `fk_mip_fee_pay_mip_person1` FOREIGN KEY (`person_id`) REFERENCES `mip_person` (`id`) ON DELETE NO ACTION ON UPDATE NO ACTION
) ENGINE=InnoDB AUTO_INCREMENT=7237 DEFAULT CHARSET=utf8 COLLATE=utf8_bin COMMENT='Pagos a la Asociacion de Vecinos';
/*!40101 SET character_set_client = @saved_cs_client */;

--
-- Dumping data for table `mip_pay`
--

LOCK TABLES `mip_pay` WRITE;
/*!40000 ALTER TABLE `mip_pay` DISABLE KEYS */;
INSERT INTO `mip_pay` (`id`, `pay_date`, `value_cash`, `person_id`) VALUES (23,'2010-02-28',300.00,640),(52,'2010-03-31',300.00,640),(149,'2010-05-31',242.00,640),(208,'2010-06-30',242.00,640),(264,'2010-07-31',242.00,640),(320,'2010-08-31',242.00,640),(374,'2010-09-30',242.00,640),(430,'2010-10-31',300.00,640),(486,'2010-11-30',300.00,640),(540,'2010-12-31',500.00,640),(594,'2011-01-31',300.00,640),(645,'2011-02-28',300.00,640),(696,'2011-03-31',300.00,640),(746,'2011-04-30',300.00,640),(795,'2011-05-31',300.00,640),(843,'2011-06-30',300.00,640),(890,'2011-07-31',300.00,640),(939,'2011-08-31',300.00,640),(988,'2011-09-30',300.00,640),(1037,'2011-10-31',300.00,640),(1088,'2011-11-30',600.00,640),(1136,'2011-12-31',300.00,640),(1183,'2012-09-30',300.00,640),(1230,'2012-12-31',1000.00,640),(1274,'2012-12-31',300.00,640),(1319,'2012-11-30',600.00,640),(1362,'2012-10-31',300.00,640),(1405,'2012-08-31',300.00,640),(1449,'2012-07-31',300.00,640),(1494,'2012-06-30',300.00,640),(1538,'2012-04-30',300.00,640),(1625,'2012-02-29',300.00,640),(1739,'2013-03-31',300.00,640),(1774,'2013-02-28',300.00,640),(1811,'2013-04-03',300.00,640),(1881,'2013-05-31',400.00,640),(1915,'2013-06-30',400.00,640),(1948,'2013-06-30',400.00,640),(2147,'2012-05-31',300.00,640),(2176,'2013-07-31',400.00,640),(2202,'2013-11-09',10000.00,640),(3001,'2010-02-28',300.00,518),(3002,'2010-02-28',300.00,519),(3003,'2010-02-28',300.00,521),(3004,'2010-03-23',300.00,523),(3005,'2010-02-28',300.00,524),(3006,'2010-02-28',300.00,526),(3009,'2010-02-28',300.00,535),(3010,'2010-02-28',300.00,537),(3013,'2010-02-28',300.00,543),(3014,'2010-02-28',300.00,544),(3015,'2010-02-28',300.00,548),(3016,'2010-02-28',300.00,554),(3018,'2010-02-28',100.00,560),(3019,'2010-02-28',300.00,566),(3020,'2010-02-28',300.00,568),(3022,'2010-02-28',300.00,574),(3023,'2010-02-28',300.00,579),(3024,'2010-02-28',300.00,581),(3025,'2010-02-28',300.00,582),(3026,'2010-02-28',300.00,573),(3027,'2010-02-28',300.00,588),(3028,'2010-02-28',300.00,590),(3029,'2010-02-28',600.00,592),(3030,'2010-02-28',300.00,593),(3031,'2010-04-05',300.00,598),(3032,'2010-04-05',300.00,595),(3033,'2010-02-28',300.00,599),(3035,'2010-02-28',300.00,601),(3036,'2010-02-28',300.00,604),(3037,'2010-02-28',300.00,605),(3038,'2010-02-28',300.00,606),(3039,'2010-02-28',300.00,607),(3040,'2010-02-28',300.00,610),(3041,'2010-02-28',300.00,613),(3042,'2010-02-28',300.00,610),(3043,'2010-02-28',300.00,616),(3044,'2010-02-28',300.00,622),(3045,'2010-02-28',300.00,623),(3046,'2010-02-28',300.00,630),(3047,'2010-02-28',300.00,632),(3048,'2010-02-28',300.00,634),(3049,'2010-02-28',300.00,635),(3051,'2010-02-28',300.00,639),(3053,'2010-02-28',300.00,643),(3054,'2010-02-28',300.00,647),(3055,'2010-02-28',300.00,648),(3056,'2010-02-28',300.00,649),(3057,'2010-02-28',300.00,650),(3058,'2010-02-28',300.00,653),(3059,'2010-02-28',300.00,655),(3060,'2010-02-28',300.00,656),(3061,'2010-02-28',300.00,660),(3062,'2010-02-28',300.00,662),(3063,'2010-02-28',300.00,663),(3064,'2010-02-28',300.00,666),(3065,'2010-02-28',300.00,668),(3066,'2010-02-28',300.00,670),(3067,'2010-02-28',300.00,672),(3068,'2010-02-28',300.00,674),(3069,'2010-02-28',300.00,625),(3070,'2010-02-28',300.00,676),(3071,'2010-02-28',300.00,678),(3072,'2010-02-28',300.00,680),(3073,'2010-02-28',300.00,682),(3075,'2010-03-24',300.00,518),(3076,'2010-03-31',300.00,519),(3078,'2010-03-31',300.00,524),(3079,'2010-03-31',300.00,526),(3080,'2010-03-31',300.00,529),(3081,'2010-03-31',300.00,533),(3082,'2010-03-31',300.00,535),(3083,'2010-03-31',300.00,537),(3084,'2010-03-31',300.00,541),(3086,'2010-03-31',300.00,543),(3087,'2010-03-31',300.00,544),(3088,'2010-03-31',300.00,548),(3089,'2010-03-31',300.00,554),(3091,'2010-03-31',300.00,566),(3092,'2010-03-31',300.00,568),(3094,'2010-03-31',300.00,574),(3095,'2010-03-31',300.00,579),(3096,'2010-03-31',300.00,581),(3097,'2010-03-31',300.00,582),(3098,'2010-03-31',300.00,573),(3099,'2010-03-31',300.00,590),(3100,'2010-03-31',600.00,592),(3101,'2010-03-31',300.00,593),(3103,'2010-03-31',300.00,599),(3104,'2010-03-31',300.00,601),(3106,'2010-03-31',300.00,604),(3107,'2010-03-31',300.00,605),(3108,'2010-03-31',300.00,606),(3109,'2010-03-31',300.00,607),(3110,'2010-03-31',300.00,610),(3111,'2010-03-31',300.00,613),(3112,'2010-03-31',300.00,610),(3113,'2010-03-31',300.00,616),(3114,'2010-03-31',300.00,622),(3115,'2010-03-31',300.00,623),(3116,'2010-03-31',300.00,630),(3117,'2010-03-31',300.00,632),(3118,'2010-03-31',300.00,634),(3119,'2010-03-31',300.00,635),(3121,'2010-03-31',300.00,639),(3123,'2010-03-31',300.00,643),(3124,'2010-03-31',300.00,647),(3125,'2010-03-31',300.00,648),(3126,'2010-03-31',300.00,649),(3127,'2010-03-31',300.00,650),(3128,'2010-03-31',300.00,653),(3129,'2010-03-31',300.00,655),(3130,'2010-03-31',300.00,656),(3131,'2010-03-31',300.00,660),(3132,'2010-03-31',300.00,662),(3133,'2010-03-31',300.00,663),(3134,'2010-03-31',300.00,666),(3135,'2010-03-31',300.00,668),(3136,'2010-03-31',300.00,670),(3137,'2010-03-31',300.00,672),(3138,'2010-03-31',300.00,674),(3139,'2010-03-31',300.00,625),(3140,'2010-03-31',300.00,676),(3141,'2010-03-31',300.00,678),(3142,'2010-03-31',300.00,680),(3143,'2010-03-31',300.00,682),(3145,'2010-09-22',300.00,518),(3146,'2010-04-30',300.00,519),(3148,'2010-04-30',300.00,524),(3149,'2010-04-30',300.00,526),(3150,'2010-04-30',300.00,529),(3151,'2010-04-30',300.00,533),(3152,'2010-04-30',300.00,535),(3153,'2010-04-30',300.00,537),(3154,'2010-04-30',300.00,541),(3155,'2010-04-30',300.00,542),(3156,'2010-04-30',300.00,543),(3157,'2010-04-30',300.00,544),(3158,'2010-04-30',300.00,548),(3159,'2010-04-30',300.00,554),(3161,'2010-04-30',300.00,566),(3162,'2010-04-30',300.00,568),(3164,'2010-04-30',300.00,574),(3165,'2010-04-30',300.00,579),(3166,'2010-04-30',300.00,581),(3167,'2010-04-30',300.00,582),(3168,'2010-04-30',300.00,573),(3169,'2010-04-30',300.00,590),(3170,'2010-04-30',600.00,592),(3171,'2010-04-30',300.00,593),(3173,'2010-04-30',300.00,599),(3174,'2010-04-30',300.00,601),(3176,'2010-04-30',300.00,604),(3177,'2010-04-30',300.00,605),(3178,'2010-04-30',300.00,606),(3179,'2010-04-30',300.00,607),(3180,'2010-04-30',300.00,610),(3181,'2010-04-30',300.00,613),(3182,'2010-04-30',300.00,610),(3183,'2010-04-30',300.00,616),(3184,'2010-04-30',300.00,622),(3185,'2010-04-30',300.00,623),(3186,'2010-04-30',300.00,630),(3187,'2010-04-30',300.00,632),(3188,'2010-04-30',300.00,634),(3189,'2010-04-30',300.00,635),(3191,'2010-04-30',300.00,639),(3192,'2010-04-30',300.00,640),(3193,'2010-04-30',300.00,643),(3194,'2010-04-30',300.00,647),(3195,'2010-04-30',300.00,648),(3196,'2010-04-30',300.00,649),(3197,'2010-04-30',300.00,650),(3198,'2010-04-30',300.00,653),(3199,'2010-04-30',300.00,655),(3200,'2010-04-30',300.00,656),(3201,'2010-04-30',300.00,660),(3202,'2010-04-30',300.00,662),(3203,'2010-04-30',300.00,663),(3204,'2010-04-30',300.00,666),(3205,'2010-04-30',300.00,668),(3206,'2010-04-30',300.00,670),(3207,'2010-04-30',300.00,672),(3208,'2010-04-30',300.00,674),(3209,'2010-04-30',300.00,625),(3210,'2010-04-30',300.00,676),(3211,'2010-04-30',300.00,678),(3212,'2010-04-30',300.00,680),(3213,'2010-04-30',300.00,682),(3215,'2010-09-22',242.00,518),(3216,'2010-05-31',242.00,519),(3217,'2010-05-31',242.00,524),(3218,'2010-05-31',242.00,526),(3219,'2010-05-31',242.00,529),(3220,'2010-05-31',242.00,531),(3221,'2010-05-31',242.00,533),(3222,'2010-05-31',242.00,535),(3223,'2010-05-31',242.00,537),(3224,'2010-05-31',242.00,541),(3225,'2010-05-31',242.00,542),(3226,'2010-05-31',242.00,543),(3227,'2010-05-31',242.00,544),(3228,'2010-05-31',242.00,548),(3229,'2010-05-31',242.00,554),(3231,'2010-05-31',242.00,566),(3232,'2010-05-31',242.00,568),(3234,'2010-05-31',242.00,574),(3235,'2010-05-31',242.00,579),(3236,'2010-05-31',242.00,581),(3237,'2010-05-31',242.00,582),(3238,'2010-05-31',242.00,573),(3239,'2010-05-31',242.00,590),(3240,'2010-11-30',600.00,592),(3241,'2010-05-31',242.00,593),(3243,'2010-05-31',242.00,599),(3244,'2010-05-31',242.00,601),(3246,'2010-05-31',242.00,604),(3247,'2010-05-31',242.00,605),(3248,'2010-05-31',242.00,606),(3249,'2010-05-31',242.00,607),(3250,'2010-05-31',242.00,610),(3251,'2010-05-31',242.00,613),(3252,'2010-05-31',242.00,610),(3253,'2010-05-31',242.00,616),(3254,'2010-05-31',242.00,623),(3255,'2010-05-31',242.00,630),(3256,'2010-05-31',242.00,632),(3257,'2010-05-31',242.00,634),(3258,'2010-05-31',242.00,635),(3261,'2010-05-31',242.00,643),(3262,'2010-05-31',242.00,647),(3263,'2010-05-31',242.00,648),(3264,'2010-05-31',242.00,649),(3265,'2010-05-31',242.00,650),(3266,'2010-05-31',242.00,653),(3267,'2010-05-31',242.00,655),(3268,'2010-05-31',242.00,656),(3269,'2010-05-31',242.00,660),(3270,'2010-05-31',242.00,662),(3271,'2010-05-31',242.00,663),(3272,'2010-05-31',242.00,666),(3273,'2010-05-31',242.00,668),(3274,'2010-05-31',242.00,670),(3275,'2010-05-31',242.00,672),(3276,'2010-05-31',242.00,674),(3277,'2010-05-31',242.00,625),(3278,'2010-05-31',242.00,676),(3279,'2010-05-31',242.00,678),(3280,'2010-05-31',242.00,680),(3281,'2010-05-31',242.00,682),(3283,'2010-08-04',242.00,514),(3284,'2010-09-22',242.00,518),(3285,'2010-06-30',242.00,519),(3286,'2010-06-30',242.00,524),(3287,'2010-06-30',242.00,526),(3288,'2010-06-30',242.00,529),(3289,'2010-06-30',242.00,531),(3290,'2010-06-30',242.00,533),(3291,'2010-06-30',242.00,535),(3292,'2010-06-30',242.00,537),(3293,'2010-06-30',242.00,541),(3294,'2010-06-30',242.00,542),(3295,'2010-06-30',300.00,543),(3296,'2010-06-30',242.00,544),(3297,'2010-06-30',242.00,548),(3298,'2010-06-30',242.00,554),(3300,'2010-06-30',242.00,566),(3301,'2010-06-30',242.00,568),(3303,'2010-06-30',242.00,574),(3304,'2010-06-30',242.00,579),(3305,'2010-06-30',242.00,581),(3306,'2010-06-30',242.00,582),(3307,'2010-06-30',242.00,573),(3308,'2010-06-30',242.00,590),(3309,'2010-06-30',242.00,593),(3311,'2010-06-30',242.00,599),(3312,'2010-06-30',242.00,601),(3314,'2010-06-30',242.00,604),(3315,'2010-06-30',242.00,605),(3316,'2010-06-30',242.00,606),(3317,'2010-06-30',242.00,607),(3318,'2010-06-30',242.00,610),(3319,'2010-06-30',242.00,613),(3320,'2010-06-30',242.00,610),(3321,'2010-06-30',242.00,616),(3322,'2010-06-30',242.00,623),(3323,'2010-06-30',242.00,630),(3324,'2010-06-30',242.00,632),(3325,'2010-06-30',242.00,634),(3326,'2010-06-30',242.00,635),(3329,'2010-06-30',242.00,643),(3330,'2010-06-30',242.00,647),(3331,'2010-06-30',242.00,648),(3332,'2010-06-30',242.00,649),(3333,'2010-06-30',242.00,650),(3334,'2010-06-30',242.00,653),(3335,'2010-06-30',242.00,655),(3336,'2010-06-30',242.00,656),(3337,'2010-06-30',242.00,660),(3338,'2010-06-30',242.00,662),(3339,'2010-06-30',242.00,663),(3340,'2010-06-30',242.00,666),(3341,'2010-06-30',242.00,668),(3342,'2010-06-30',242.00,670),(3343,'2010-06-30',242.00,672),(3344,'2010-06-30',242.00,674),(3345,'2010-06-30',242.00,625),(3346,'2010-06-30',242.00,676),(3347,'2010-06-30',242.00,678),(3348,'2010-06-30',242.00,680),(3349,'2010-06-30',242.00,682),(3351,'2010-08-04',242.00,514),(3352,'2010-09-22',242.00,518),(3353,'2010-07-31',242.00,519),(3355,'2010-07-31',242.00,524),(3356,'2010-07-31',242.00,526),(3357,'2010-07-31',242.00,529),(3358,'2010-07-31',242.00,533),(3359,'2010-07-31',242.00,535),(3360,'2010-07-31',242.00,537),(3361,'2010-07-31',242.00,541),(3362,'2010-07-31',242.00,542),(3363,'2010-07-31',258.00,543),(3364,'2010-07-31',242.00,544),(3365,'2010-07-31',242.00,548),(3366,'2010-07-31',242.00,554),(3368,'2010-07-31',242.00,566),(3369,'2010-07-31',242.00,568),(3371,'2010-07-31',242.00,574),(3372,'2010-07-31',242.00,579),(3373,'2010-07-31',242.00,581),(3374,'2010-07-31',242.00,582),(3375,'2010-07-31',242.00,573),(3376,'2010-07-31',242.00,590),(3377,'2010-07-31',242.00,593),(3378,'2010-07-31',242.00,599),(3381,'2010-07-31',242.00,604),(3382,'2010-07-31',242.00,605),(3383,'2010-07-31',242.00,606),(3384,'2010-07-31',242.00,607),(3385,'2010-07-31',242.00,610),(3386,'2010-07-31',242.00,613),(3387,'2010-07-31',242.00,610),(3388,'2010-07-31',242.00,616),(3389,'2010-07-31',242.00,623),(3390,'2010-07-31',242.00,630),(3391,'2010-07-31',242.00,632),(3392,'2010-07-31',242.00,634),(3393,'2010-07-31',242.00,635),(3396,'2010-07-31',242.00,643),(3397,'2010-07-31',242.00,647),(3398,'2010-07-31',242.00,648),(3399,'2010-07-31',242.00,649),(3400,'2010-07-31',242.00,650),(3401,'2010-07-31',242.00,653),(3402,'2010-07-31',242.00,655),(3403,'2010-07-31',242.00,656),(3404,'2010-07-31',242.00,660),(3405,'2010-07-31',242.00,662),(3406,'2010-07-31',242.00,663),(3407,'2010-07-31',242.00,666),(3408,'2010-07-31',116.00,541),(3409,'2010-07-31',116.00,670),(3410,'2010-07-31',242.00,672),(3411,'2010-07-31',242.00,674),(3412,'2010-07-31',242.00,625),(3413,'2010-07-31',242.00,676),(3414,'2010-07-31',242.00,678),(3415,'2010-07-31',242.00,680),(3416,'2010-07-31',242.00,682),(3418,'2010-08-19',242.00,514),(3419,'2010-09-22',242.00,518),(3420,'2010-08-31',242.00,519),(3422,'2010-08-31',242.00,524),(3423,'2010-08-31',242.00,526),(3424,'2010-08-31',242.00,529),(3425,'2010-08-31',242.00,533),(3426,'2010-08-31',242.00,535),(3427,'2010-08-31',242.00,537),(3428,'2010-08-31',242.00,541),(3429,'2010-08-31',242.00,542),(3430,'2010-08-31',242.00,544),(3431,'2010-08-31',242.00,548),(3432,'2010-08-31',242.00,554),(3434,'2010-08-31',242.00,566),(3435,'2010-08-31',242.00,568),(3437,'2010-08-31',242.00,574),(3438,'2010-08-31',242.00,579),(3439,'2010-08-31',242.00,581),(3440,'2010-08-31',242.00,582),(3441,'2010-08-31',242.00,573),(3442,'2010-08-31',242.00,590),(3443,'2010-08-31',242.00,593),(3444,'2010-08-31',242.00,599),(3445,'2010-08-31',242.00,601),(3447,'2010-08-31',242.00,604),(3448,'2010-08-31',242.00,605),(3449,'2010-08-31',242.00,606),(3450,'2010-08-31',242.00,607),(3451,'2010-08-31',242.00,610),(3452,'2010-08-31',242.00,613),(3453,'2010-08-31',242.00,610),(3454,'2010-08-31',242.00,616),(3455,'2010-08-31',242.00,623),(3456,'2010-08-31',242.00,630),(3457,'2010-08-31',242.00,632),(3458,'2010-08-31',242.00,634),(3459,'2010-08-31',242.00,635),(3462,'2010-08-31',242.00,643),(3463,'2010-08-31',242.00,647),(3464,'2010-08-31',242.00,648),(3465,'2010-08-31',242.00,649),(3466,'2010-08-31',242.00,650),(3467,'2010-08-31',242.00,653),(3468,'2010-08-31',242.00,655),(3469,'2010-08-31',242.00,656),(3470,'2010-08-31',242.00,660),(3471,'2010-08-31',242.00,662),(3472,'2010-08-31',242.00,663),(3473,'2010-08-07',242.00,665),(3474,'2010-08-31',242.00,672),(3475,'2010-08-31',242.00,674),(3476,'2010-08-31',242.00,676),(3477,'2010-08-31',242.00,678),(3478,'2010-08-31',242.00,680),(3479,'2010-08-31',242.00,682),(3481,'2010-11-23',242.00,514),(3482,'2010-09-22',242.00,518),(3483,'2010-09-30',242.00,519),(3484,'2010-09-30',242.00,524),(3485,'2010-09-30',242.00,526),(3486,'2010-09-30',242.00,529),(3487,'2010-09-30',242.00,533),(3488,'2010-09-30',242.00,535),(3489,'2010-09-30',242.00,537),(3490,'2010-09-30',242.00,541),(3491,'2010-09-30',242.00,542),(3492,'2010-09-30',242.00,544),(3493,'2010-09-30',242.00,548),(3494,'2010-09-30',242.00,554),(3496,'2010-09-30',242.00,566),(3497,'2010-09-30',242.00,568),(3499,'2010-09-30',242.00,574),(3500,'2010-09-30',242.00,579),(3501,'2010-09-30',242.00,581),(3502,'2010-09-30',242.00,582),(3503,'2010-09-30',242.00,573),(3504,'2010-09-30',242.00,590),(3505,'2010-09-30',242.00,593),(3506,'2010-09-30',242.00,599),(3507,'2010-09-30',242.00,601),(3509,'2010-09-30',242.00,604),(3510,'2010-09-30',242.00,605),(3511,'2010-09-30',242.00,606),(3512,'2010-09-30',242.00,607),(3513,'2010-09-30',242.00,610),(3514,'2010-09-30',242.00,613),(3515,'2010-09-30',242.00,610),(3517,'2010-09-30',242.00,623),(3518,'2010-09-30',242.00,630),(3519,'2010-09-30',242.00,632),(3520,'2010-09-30',242.00,634),(3521,'2010-09-30',242.00,635),(3524,'2010-09-30',242.00,643),(3525,'2010-09-30',242.00,647),(3526,'2010-09-30',242.00,648),(3527,'2010-09-30',242.00,649),(3528,'2010-09-30',242.00,650),(3529,'2010-09-30',242.00,653),(3530,'2010-09-30',242.00,655),(3531,'2010-09-30',242.00,656),(3532,'2010-09-30',242.00,660),(3533,'2010-09-30',242.00,662),(3534,'2010-09-30',242.00,663),(3535,'2010-10-24',542.00,665),(3536,'2010-09-30',242.00,672),(3537,'2010-09-30',242.00,674),(3538,'2010-09-30',242.00,676),(3539,'2010-09-30',132.00,678),(3540,'2010-09-30',242.00,680),(3541,'2010-09-30',242.00,682),(3543,'2010-11-23',300.00,514),(3544,'2011-01-26',300.00,518),(3545,'2010-10-31',300.00,519),(3546,'2010-10-31',300.00,524),(3547,'2010-10-31',300.00,526),(3548,'2010-10-31',300.00,529),(3549,'2010-10-31',300.00,533),(3550,'2010-10-31',300.00,535),(3551,'2010-10-31',300.00,537),(3552,'2010-10-31',300.00,541),(3553,'2010-10-31',300.00,542),(3554,'2010-10-31',300.00,544),(3555,'2010-10-31',300.00,548),(3556,'2010-10-31',242.00,554),(3558,'2010-10-31',242.00,566),(3559,'2010-10-31',300.00,568),(3561,'2010-10-31',300.00,574),(3562,'2010-10-31',300.00,579),(3563,'2010-10-31',300.00,581),(3564,'2010-10-31',300.00,582),(3565,'2010-10-31',300.00,573),(3566,'2010-10-31',300.00,590),(3567,'2010-10-31',274.00,593),(3568,'2010-10-31',300.00,599),(3569,'2010-10-31',300.00,601),(3571,'2010-10-31',274.00,604),(3572,'2010-10-31',300.00,605),(3573,'2010-10-31',300.00,606),(3574,'2010-10-31',300.00,607),(3575,'2010-10-31',300.00,610),(3576,'2010-10-31',300.00,613),(3577,'2010-10-31',300.00,610),(3578,'2010-10-31',300.00,623),(3579,'2010-10-31',300.00,630),(3580,'2010-10-31',300.00,632),(3581,'2010-10-31',300.00,634),(3582,'2010-10-31',300.00,635),(3585,'2010-10-31',300.00,643),(3586,'2010-10-31',300.00,647),(3587,'2010-10-31',300.00,648),(3588,'2010-10-31',300.00,649),(3589,'2010-10-31',242.00,650),(3590,'2010-10-31',300.00,653),(3591,'2010-10-31',300.00,655),(3592,'2010-10-31',300.00,656),(3593,'2010-10-31',300.00,660),(3594,'2010-10-31',300.00,662),(3595,'2010-10-31',300.00,663),(3597,'2010-10-31',290.00,672),(3598,'2010-10-31',242.00,674),(3599,'2010-10-31',242.00,676),(3600,'2010-10-31',300.00,678),(3601,'2010-10-31',300.00,680),(3602,'2010-10-31',242.00,682),(3604,'2011-01-27',300.00,514),(3605,'2011-01-26',300.00,518),(3606,'2010-11-30',300.00,519),(3607,'2010-11-30',300.00,524),(3608,'2010-11-30',300.00,526),(3609,'2010-11-30',300.00,529),(3610,'2010-11-30',300.00,533),(3611,'2010-11-30',300.00,535),(3612,'2010-11-30',500.00,537),(3613,'2010-11-30',300.00,541),(3614,'2010-11-30',300.00,542),(3615,'2010-11-30',300.00,544),(3616,'2010-11-30',300.00,548),(3617,'2010-11-30',300.00,554),(3619,'2010-11-30',300.00,566),(3620,'2010-11-30',300.00,568),(3622,'2010-11-30',300.00,574),(3623,'2010-11-30',300.00,579),(3624,'2010-11-30',300.00,581),(3625,'2010-11-30',300.00,582),(3626,'2010-11-30',300.00,573),(3627,'2010-11-30',300.00,590),(3628,'2010-11-30',300.00,593),(3629,'2010-11-30',300.00,599),(3630,'2010-11-30',300.00,601),(3632,'2010-11-30',300.00,604),(3633,'2010-11-30',300.00,605),(3634,'2010-11-30',300.00,606),(3635,'2010-11-30',300.00,607),(3636,'2010-11-30',300.00,610),(3637,'2010-11-30',300.00,613),(3638,'2010-11-30',90.00,610),(3639,'2010-11-30',300.00,623),(3640,'2010-11-30',300.00,630),(3641,'2010-11-30',300.00,632),(3642,'2010-11-30',300.00,634),(3643,'2010-11-30',300.00,635),(3646,'2010-11-30',300.00,643),(3647,'2010-11-30',300.00,647),(3648,'2010-11-30',300.00,648),(3649,'2010-11-30',300.00,649),(3650,'2010-11-30',300.00,650),(3651,'2010-11-30',300.00,653),(3652,'2010-11-30',300.00,655),(3653,'2010-11-30',300.00,656),(3654,'2010-11-30',300.00,660),(3655,'2010-11-30',300.00,662),(3656,'2010-11-30',300.00,663),(3658,'2010-11-30',300.00,674),(3659,'2010-11-30',242.00,676),(3660,'2010-11-30',200.00,678),(3661,'2010-11-30',300.00,680),(3662,'2010-11-30',300.00,682),(3664,'2011-01-27',500.00,514),(3665,'2011-01-26',500.00,518),(3666,'2010-12-31',500.00,519),(3667,'2010-12-31',500.00,524),(3668,'2010-12-31',500.00,526),(3669,'2010-12-31',300.00,529),(3670,'2010-12-31',500.00,533),(3671,'2010-12-31',300.00,535),(3672,'2010-12-31',300.00,537),(3673,'2010-12-31',500.00,541),(3674,'2010-12-31',500.00,542),(3675,'2010-12-31',500.00,544),(3676,'2010-12-31',500.00,548),(3677,'2010-12-31',500.00,554),(3679,'2010-12-31',500.00,566),(3680,'2010-12-31',500.00,568),(3682,'2010-12-31',500.00,574),(3683,'2010-12-31',500.00,579),(3684,'2010-12-31',500.00,581),(3685,'2010-12-31',500.00,582),(3686,'2010-12-31',500.00,573),(3687,'2010-12-31',500.00,590),(3688,'2010-12-31',500.00,593),(3689,'2010-12-31',500.00,599),(3691,'2010-12-31',500.00,601),(3692,'2010-12-31',500.00,604),(3693,'2010-12-31',500.00,605),(3694,'2010-12-31',400.00,606),(3695,'2010-12-31',500.00,607),(3696,'2010-12-31',500.00,610),(3697,'2010-12-31',500.00,610),(3698,'2010-12-31',500.00,623),(3699,'2010-12-31',500.00,630),(3700,'2010-12-31',300.00,632),(3701,'2010-12-31',500.00,634),(3702,'2010-12-31',300.00,635),(3705,'2010-12-31',500.00,643),(3706,'2010-12-31',500.00,647),(3707,'2010-12-31',500.00,648),(3708,'2010-12-31',500.00,649),(3709,'2010-12-31',500.00,650),(3710,'2010-12-31',500.00,653),(3711,'2010-12-31',500.00,655),(3712,'2010-12-31',500.00,656),(3713,'2010-12-31',500.00,660),(3714,'2010-12-31',500.00,662),(3715,'2010-12-31',200.00,663),(3717,'2010-12-31',500.00,674),(3718,'2010-12-31',516.00,676),(3719,'2010-12-31',500.00,678),(3720,'2010-12-31',500.00,680),(3721,'2010-12-31',500.00,682),(3723,'2011-01-31',300.00,514),(3724,'2011-06-14',300.00,518),(3725,'2011-01-31',300.00,519),(3726,'2011-01-31',263.00,524),(3727,'2011-01-31',300.00,526),(3728,'2011-01-31',300.00,529),(3729,'2011-01-31',300.00,533),(3730,'2011-01-31',300.00,535),(3731,'2011-01-31',300.00,537),(3732,'2011-01-31',300.00,541),(3733,'2011-01-31',300.00,542),(3734,'2011-01-31',216.00,544),(3735,'2011-01-31',300.00,548),(3736,'2011-01-31',300.00,554),(3738,'2011-01-31',300.00,566),(3739,'2011-01-31',300.00,568),(3741,'2011-01-31',300.00,574),(3742,'2011-01-31',300.00,579),(3743,'2011-01-31',300.00,581),(3744,'2011-01-31',300.00,582),(3745,'2011-01-31',300.00,573),(3746,'2011-01-31',300.00,590),(3747,'2011-01-31',300.00,593),(3748,'2011-01-31',300.00,599),(3750,'2011-01-31',300.00,601),(3751,'2011-01-31',300.00,604),(3752,'2011-01-31',300.00,605),(3753,'2011-01-31',300.00,606),(3754,'2011-01-31',300.00,607),(3755,'2011-01-31',300.00,610),(3756,'2011-01-31',300.00,610),(3757,'2011-01-31',300.00,623),(3758,'2011-01-31',300.00,630),(3759,'2011-01-31',300.00,632),(3760,'2011-01-31',300.00,634),(3761,'2011-01-31',300.00,635),(3763,'2011-01-31',300.00,643),(3764,'2011-01-31',300.00,647),(3765,'2011-01-31',300.00,648),(3766,'2011-01-31',300.00,649),(3767,'2011-01-31',300.00,650),(3768,'2011-01-31',300.00,653),(3769,'2011-01-31',300.00,655),(3770,'2011-01-31',300.00,656),(3771,'2011-01-31',300.00,660),(3772,'2011-01-31',300.00,662),(3773,'2011-01-31',300.00,663),(3774,'2011-01-31',300.00,674),(3775,'2011-01-31',300.00,676),(3776,'2011-01-31',300.00,678),(3777,'2011-01-31',300.00,680),(3778,'2011-01-31',300.00,682),(3780,'2011-02-28',300.00,514),(3781,'2011-06-14',300.00,518),(3782,'2011-02-28',300.00,519),(3783,'2011-02-28',300.00,524),(3784,'2011-02-28',300.00,526),(3785,'2011-02-28',300.00,529),(3786,'2011-02-28',300.00,533),(3787,'2011-02-28',300.00,535),(3788,'2011-02-28',300.00,537),(3789,'2011-02-28',300.00,541),(3790,'2011-02-28',300.00,542),(3791,'2011-02-28',300.00,544),(3792,'2011-02-28',300.00,548),(3793,'2011-02-28',300.00,554),(3795,'2011-02-28',300.00,566),(3796,'2011-02-28',300.00,568),(3798,'2011-02-28',300.00,574),(3799,'2011-02-28',300.00,579),(3800,'2011-02-28',300.00,581),(3801,'2011-02-28',300.00,582),(3802,'2011-02-28',300.00,573),(3803,'2011-02-28',300.00,590),(3804,'2011-02-28',300.00,593),(3805,'2011-02-28',300.00,599),(3806,'2011-02-28',300.00,601),(3808,'2011-02-28',300.00,604),(3809,'2011-02-28',300.00,605),(3810,'2011-02-28',300.00,606),(3811,'2011-02-28',300.00,607),(3812,'2011-02-28',300.00,610),(3813,'2011-02-28',300.00,610),(3814,'2011-02-28',300.00,623),(3815,'2011-02-28',300.00,630),(3816,'2011-02-28',300.00,632),(3817,'2011-02-28',300.00,634),(3818,'2011-02-28',300.00,635),(3820,'2011-02-28',300.00,643),(3821,'2011-02-28',300.00,647),(3822,'2011-02-28',300.00,648),(3823,'2011-02-28',300.00,649),(3824,'2011-02-28',300.00,650),(3825,'2011-02-28',300.00,653),(3826,'2011-02-28',300.00,655),(3827,'2011-02-28',300.00,656),(3828,'2011-02-28',300.00,660),(3829,'2011-02-28',300.00,662),(3830,'2011-02-28',300.00,663),(3831,'2011-02-28',300.00,674),(3832,'2011-02-28',300.00,676),(3833,'2011-02-28',300.00,678),(3834,'2011-02-28',300.00,680),(3835,'2011-02-28',300.00,682),(3837,'2011-03-31',300.00,514),(3838,'2011-06-14',300.00,518),(3839,'2011-03-31',300.00,519),(3840,'2011-03-31',300.00,524),(3841,'2011-03-31',300.00,526),(3842,'2011-03-31',300.00,529),(3843,'2011-03-31',300.00,533),(3844,'2011-03-31',300.00,535),(3845,'2011-03-31',300.00,537),(3846,'2011-03-31',300.00,541),(3847,'2011-03-31',300.00,542),(3848,'2011-03-31',300.00,544),(3849,'2011-03-31',300.00,548),(3850,'2011-03-31',300.00,554),(3852,'2011-03-31',300.00,566),(3853,'2011-03-31',300.00,568),(3855,'2011-03-31',300.00,574),(3856,'2011-03-31',300.00,579),(3857,'2011-03-31',300.00,581),(3858,'2011-03-31',300.00,582),(3859,'2011-03-31',300.00,573),(3860,'2011-03-31',300.00,590),(3861,'2011-03-31',300.00,593),(3862,'2011-03-31',300.00,599),(3863,'2011-03-31',300.00,601),(3865,'2011-03-31',300.00,604),(3866,'2011-03-31',300.00,605),(3867,'2011-03-31',200.00,606),(3868,'2011-03-31',300.00,607),(3869,'2011-03-31',300.00,610),(3870,'2011-03-31',300.00,610),(3871,'2011-03-31',300.00,623),(3872,'2011-03-31',300.00,630),(3873,'2011-03-31',300.00,632),(3874,'2011-03-31',300.00,634),(3875,'2011-03-31',300.00,635),(3877,'2011-03-31',300.00,643),(3878,'2011-03-31',300.00,647),(3879,'2011-03-31',300.00,648),(3880,'2011-03-31',300.00,649),(3881,'2011-03-31',300.00,650),(3882,'2011-03-31',300.00,653),(3883,'2011-03-31',300.00,655),(3884,'2011-03-31',300.00,656),(3885,'2011-03-31',300.00,660),(3886,'2011-03-31',300.00,662),(3887,'2011-03-31',300.00,663),(3888,'2011-03-31',300.00,674),(3889,'2011-03-31',300.00,676),(3890,'2011-03-31',300.00,678),(3891,'2011-03-31',300.00,680),(3892,'2011-03-31',300.00,682),(3894,'2011-04-30',300.00,514),(3895,'2011-04-30',300.00,518),(3896,'2011-04-30',300.00,519),(3897,'2011-04-30',300.00,524),(3898,'2011-04-30',300.00,526),(3899,'2011-04-30',300.00,529),(3900,'2011-04-30',300.00,533),(3901,'2011-04-30',300.00,537),(3902,'2011-04-30',300.00,541),(3903,'2011-04-30',300.00,542),(3904,'2011-04-30',300.00,544),(3905,'2011-04-30',300.00,548),(3906,'2011-04-30',300.00,554),(3908,'2011-04-30',300.00,566),(3909,'2011-04-30',300.00,568),(3911,'2011-04-30',300.00,574),(3912,'2011-04-30',300.00,579),(3913,'2011-04-30',300.00,581),(3914,'2011-04-30',300.00,582),(3915,'2011-04-30',300.00,573),(3916,'2011-04-30',300.00,590),(3917,'2011-04-30',300.00,593),(3918,'2011-04-30',300.00,599),(3919,'2011-04-30',300.00,601),(3921,'2011-04-30',300.00,604),(3922,'2011-04-30',300.00,605),(3923,'2011-04-30',300.00,606),(3924,'2011-04-30',300.00,607),(3925,'2011-04-30',300.00,610),(3926,'2011-04-30',300.00,610),(3927,'2011-04-30',300.00,623),(3928,'2011-04-30',300.00,630),(3929,'2011-04-30',300.00,632),(3930,'2011-04-30',300.00,634),(3931,'2011-04-30',300.00,635),(3933,'2011-04-30',300.00,643),(3934,'2011-04-30',300.00,647),(3935,'2011-04-30',300.00,648),(3936,'2011-04-30',300.00,649),(3937,'2011-04-30',300.00,650),(3938,'2011-04-30',300.00,653),(3939,'2011-04-30',300.00,655),(3940,'2011-04-30',300.00,656),(3941,'2011-04-30',300.00,660),(3942,'2011-04-30',300.00,662),(3943,'2011-04-30',300.00,663),(3944,'2011-04-30',300.00,674),(3945,'2011-04-30',300.00,676),(3946,'2011-04-30',300.00,678),(3947,'2011-04-30',300.00,680),(3948,'2011-04-30',300.00,682),(3950,'2011-05-31',300.00,514),(3951,'2011-09-01',300.00,518),(3952,'2011-05-31',300.00,519),(3953,'2011-05-31',300.00,524),(3954,'2011-05-31',300.00,526),(3955,'2011-05-31',300.00,529),(3956,'2011-05-31',300.00,533),(3957,'2011-05-31',300.00,537),(3958,'2011-05-31',300.00,541),(3959,'2011-05-31',300.00,542),(3960,'2011-05-31',300.00,544),(3961,'2011-05-31',300.00,548),(3962,'2011-05-31',300.00,554),(3964,'2011-05-31',300.00,566),(3965,'2011-05-31',300.00,568),(3967,'2011-05-31',300.00,574),(3968,'2011-05-31',300.00,579),(3969,'2011-05-31',300.00,581),(3970,'2011-05-31',300.00,582),(3971,'2011-05-31',300.00,573),(3972,'2011-05-31',300.00,590),(3973,'2011-05-31',300.00,593),(3974,'2011-05-31',200.00,599),(3975,'2011-05-31',300.00,601),(3977,'2011-05-31',300.00,604),(3978,'2011-05-31',263.00,605),(3979,'2011-05-31',300.00,606),(3980,'2011-05-31',300.00,610),(3981,'2011-05-31',300.00,610),(3982,'2011-05-31',300.00,623),(3983,'2011-05-31',300.00,630),(3984,'2011-05-31',300.00,632),(3985,'2011-05-31',300.00,634),(3986,'2011-05-31',300.00,635),(3988,'2011-05-31',300.00,643),(3989,'2011-05-31',300.00,647),(3990,'2011-05-31',300.00,648),(3991,'2011-05-31',300.00,649),(3992,'2011-05-31',300.00,650),(3993,'2011-05-31',300.00,653),(3994,'2011-05-31',300.00,655),(3995,'2011-05-31',300.00,656),(3996,'2011-05-31',300.00,660),(3997,'2011-05-31',300.00,662),(3998,'2011-05-31',300.00,663),(3999,'2011-05-31',300.00,674),(4000,'2011-05-31',300.00,676),(4001,'2011-05-31',300.00,678),(4002,'2011-05-31',300.00,680),(4003,'2011-05-31',300.00,682),(4005,'2011-06-30',300.00,514),(4006,'2011-09-01',300.00,518),(4007,'2011-06-30',300.00,519),(4008,'2011-06-30',337.00,524),(4009,'2011-06-30',300.00,526),(4010,'2011-06-30',300.00,529),(4011,'2011-06-30',300.00,533),(4012,'2011-06-30',300.00,537),(4013,'2011-06-30',300.00,541),(4014,'2011-06-30',300.00,542),(4015,'2011-06-30',300.00,544),(4016,'2011-06-30',300.00,548),(4017,'2011-06-30',300.00,554),(4019,'2011-06-30',300.00,566),(4020,'2011-06-30',487.45,568),(4022,'2011-06-30',300.00,574),(4023,'2011-06-30',300.00,579),(4024,'2011-06-30',300.00,581),(4025,'2011-06-30',300.00,582),(4026,'2011-06-30',300.00,573),(4027,'2011-06-30',300.00,590),(4028,'2011-06-30',300.00,593),(4030,'2011-06-30',300.00,601),(4031,'2011-06-30',300.00,604),(4032,'2011-06-30',300.00,606),(4033,'2011-06-30',300.00,610),(4034,'2011-06-30',300.00,610),(4035,'2011-06-30',300.00,623),(4036,'2011-06-30',300.00,630),(4037,'2011-06-30',300.00,632),(4038,'2011-06-30',300.00,634),(4039,'2011-06-30',300.00,635),(4041,'2011-06-30',300.00,643),(4042,'2011-06-30',300.00,647),(4043,'2011-06-30',300.00,648),(4044,'2011-06-30',300.00,649),(4045,'2011-06-30',300.00,650),(4046,'2011-06-30',300.00,653),(4047,'2011-06-30',300.00,655),(4048,'2011-06-30',300.00,656),(4049,'2011-06-30',300.00,660),(4050,'2011-06-30',300.00,662),(4051,'2011-06-30',300.00,663),(4052,'2011-06-30',300.00,674),(4053,'2011-06-30',300.00,676),(4054,'2011-06-30',300.00,678),(4055,'2011-06-30',300.00,680),(4056,'2011-06-30',300.00,682),(4058,'2011-07-31',300.00,514),(4059,'2011-09-01',300.00,518),(4060,'2011-07-31',300.00,519),(4061,'2011-07-31',300.00,524),(4062,'2011-07-31',300.00,526),(4063,'2011-07-31',300.00,529),(4064,'2011-07-31',300.00,533),(4065,'2011-07-31',300.00,537),(4066,'2011-07-31',300.00,541),(4067,'2011-07-31',300.00,542),(4068,'2011-07-31',300.00,544),(4069,'2011-07-31',300.00,548),(4070,'2011-07-31',300.00,554),(4072,'2011-07-31',300.00,566),(4073,'2011-07-31',300.00,568),(4075,'2011-07-31',300.00,574),(4076,'2011-07-31',300.00,579),(4077,'2011-07-31',300.00,581),(4078,'2011-07-31',300.00,582),(4079,'2011-07-31',300.00,573),(4080,'2011-07-31',300.00,590),(4081,'2011-07-31',300.00,593),(4082,'2011-07-31',300.00,601),(4084,'2011-07-31',300.00,604),(4085,'2011-07-31',300.00,606),(4086,'2011-07-31',300.00,610),(4087,'2011-07-31',300.00,610),(4088,'2011-07-31',300.00,623),(4089,'2011-07-31',300.00,630),(4090,'2011-07-31',300.00,632),(4091,'2011-07-31',300.00,634),(4092,'2011-07-31',300.00,635),(4094,'2011-07-31',300.00,643),(4095,'2011-07-31',300.00,647),(4096,'2011-07-31',300.00,648),(4097,'2011-07-31',300.00,649),(4098,'2011-07-31',300.00,650),(4099,'2011-07-31',300.00,653),(4100,'2011-07-31',300.00,655),(4101,'2011-07-31',300.00,656),(4102,'2011-07-31',300.00,660),(4103,'2011-07-31',300.00,662),(4104,'2011-07-31',300.00,663),(4105,'2011-07-31',300.00,674),(4106,'2011-07-31',300.00,676),(4107,'2011-07-31',300.00,678),(4108,'2011-07-31',300.00,680),(4109,'2011-07-31',300.00,682),(4111,'2011-08-31',300.00,514),(4112,'2011-09-01',300.00,518),(4113,'2011-08-31',300.00,519),(4114,'2011-08-31',300.00,524),(4115,'2011-08-31',300.00,526),(4116,'2011-08-31',300.00,529),(4117,'2011-08-31',300.00,533),(4118,'2011-08-31',300.00,537),(4119,'2011-08-31',300.00,541),(4120,'2011-08-31',300.00,542),(4121,'2011-08-31',300.00,544),(4122,'2011-08-31',300.00,548),(4123,'2011-08-31',300.00,554),(4125,'2011-08-31',300.00,566),(4126,'2011-08-31',300.00,568),(4128,'2011-08-31',300.00,574),(4129,'2011-08-31',300.00,579),(4130,'2011-08-31',300.00,581),(4131,'2011-08-31',300.00,582),(4132,'2011-08-31',300.00,573),(4133,'2011-08-31',300.00,590),(4134,'2011-08-31',300.00,593),(4135,'2011-08-31',300.00,601),(4137,'2011-08-31',300.00,604),(4138,'2011-08-31',300.00,606),(4139,'2011-08-31',300.00,610),(4140,'2011-08-31',300.00,610),(4141,'2011-08-31',300.00,623),(4142,'2011-08-31',300.00,630),(4143,'2011-08-31',300.00,632),(4144,'2011-08-31',300.00,634),(4145,'2011-08-31',300.00,635),(4147,'2011-08-31',300.00,643),(4148,'2011-08-31',300.00,647),(4149,'2011-08-31',300.00,648),(4150,'2011-08-31',300.00,649),(4151,'2011-08-31',300.00,650),(4152,'2011-08-31',300.00,653),(4153,'2011-08-31',300.00,655),(4154,'2011-08-31',300.00,656),(4155,'2011-12-09',1800.00,658),(4156,'2011-08-31',300.00,660),(4157,'2011-08-31',300.00,662),(4158,'2011-08-31',300.00,663),(4159,'2011-08-31',300.00,674),(4160,'2011-08-31',300.00,676),(4161,'2011-08-31',300.00,678),(4162,'2011-08-31',300.00,680),(4163,'2011-08-31',300.00,682),(4165,'2011-09-30',300.00,514),(4166,'2012-07-12',300.00,518),(4167,'2011-09-30',300.00,519),(4168,'2011-09-30',300.00,524),(4169,'2011-09-30',300.00,526),(4170,'2011-09-30',300.00,529),(4171,'2011-09-30',300.00,533),(4172,'2011-09-30',300.00,537),(4173,'2011-09-30',300.00,541),(4174,'2011-09-30',300.00,542),(4175,'2011-09-30',300.00,544),(4176,'2011-09-30',300.00,548),(4177,'2011-09-30',300.00,554),(4179,'2011-09-30',300.00,566),(4180,'2011-09-30',300.00,568),(4182,'2011-09-30',300.00,574),(4183,'2011-09-30',300.00,579),(4184,'2011-09-30',300.00,581),(4185,'2011-09-30',300.00,582),(4186,'2011-09-30',300.00,573),(4187,'2011-09-30',300.00,590),(4188,'2011-09-30',300.00,593),(4189,'2011-09-30',300.00,599),(4191,'2011-09-30',300.00,601),(4192,'2011-09-30',300.00,604),(4193,'2011-09-30',300.00,606),(4194,'2011-09-30',300.00,610),(4195,'2011-09-30',300.00,610),(4196,'2011-09-30',300.00,623),(4197,'2011-09-30',300.00,630),(4198,'2011-09-30',300.00,632),(4199,'2011-09-30',300.00,634),(4200,'2011-09-30',300.00,635),(4202,'2011-09-30',300.00,643),(4203,'2011-09-30',300.00,647),(4204,'2011-09-30',300.00,648),(4205,'2011-09-30',300.00,649),(4206,'2011-09-30',300.00,650),(4207,'2011-09-30',300.00,653),(4208,'2011-09-30',300.00,655),(4209,'2011-09-30',300.00,656),(4211,'2011-09-30',300.00,660),(4212,'2011-09-30',300.00,662),(4213,'2011-09-30',300.00,663),(4214,'2011-09-30',300.00,674),(4215,'2011-09-30',300.00,676),(4216,'2011-09-30',300.00,678),(4217,'2011-09-30',300.00,680),(4218,'2011-09-30',300.00,682),(4220,'2011-10-31',300.00,514),(4221,'2012-07-12',300.00,518),(4222,'2011-10-31',300.00,519),(4223,'2011-10-31',300.00,526),(4224,'2011-10-31',300.00,529),(4225,'2011-10-31',300.00,533),(4226,'2011-10-31',300.00,537),(4227,'2011-10-31',300.00,541),(4228,'2011-10-31',300.00,542),(4229,'2011-10-31',300.00,544),(4230,'2011-10-31',300.00,548),(4231,'2011-10-31',300.00,554),(4233,'2011-10-31',300.00,566),(4234,'2011-10-31',300.00,568),(4236,'2011-10-31',300.00,574),(4237,'2011-10-31',300.00,579),(4238,'2011-10-31',300.00,581),(4239,'2011-10-31',300.00,582),(4240,'2011-10-31',300.00,573),(4241,'2011-10-31',300.00,590),(4242,'2011-10-31',300.00,593),(4243,'2011-10-31',300.00,599),(4244,'2011-10-31',300.00,601),(4246,'2011-10-31',300.00,604),(4247,'2011-10-31',300.00,606),(4248,'2011-10-31',300.00,610),(4249,'2011-10-31',300.00,610),(4250,'2011-10-31',300.00,623),(4251,'2011-10-31',300.00,630),(4252,'2011-10-31',300.00,632),(4253,'2011-10-31',300.00,634),(4254,'2011-10-31',300.00,635),(4256,'2011-10-31',300.00,643),(4257,'2011-10-31',300.00,647),(4258,'2011-10-31',300.00,648),(4259,'2011-10-31',300.00,649),(4260,'2011-10-31',300.00,650),(4261,'2011-10-31',300.00,653),(4262,'2011-10-31',300.00,655),(4263,'2011-10-31',300.00,656),(4265,'2011-10-31',300.00,660),(4266,'2011-10-31',300.00,662),(4267,'2011-10-31',300.00,663),(4268,'2011-10-31',300.00,674),(4269,'2011-10-31',300.00,676),(4270,'2011-10-31',300.00,680),(4271,'2011-10-31',300.00,682),(4273,'2011-11-30',600.00,514),(4274,'2012-07-12',600.00,518),(4275,'2011-11-30',600.00,519),(4276,'2011-11-30',600.00,524),(4277,'2011-11-30',600.00,526),(4278,'2011-11-30',600.00,529),(4279,'2011-11-30',600.00,533),(4280,'2011-11-30',600.00,537),(4281,'2011-11-30',600.00,541),(4282,'2011-11-30',600.00,542),(4283,'2011-11-30',600.00,544),(4284,'2011-11-30',600.00,548),(4285,'2011-11-30',300.00,554),(4287,'2011-11-30',600.00,566),(4288,'2011-11-30',600.00,568),(4290,'2011-11-30',600.00,574),(4291,'2011-11-30',600.00,579),(4292,'2011-11-30',600.00,581),(4293,'2011-11-30',600.00,582),(4294,'2011-11-30',600.00,573),(4295,'2011-11-30',600.00,590),(4296,'2011-11-30',600.00,593),(4297,'2011-11-30',600.00,599),(4298,'2011-11-30',300.00,601),(4300,'2011-11-30',600.00,604),(4301,'2011-11-30',300.00,606),(4302,'2011-11-30',600.00,610),(4303,'2011-11-30',600.00,610),(4304,'2011-11-30',600.00,623),(4305,'2011-11-30',600.00,630),(4306,'2011-11-30',600.00,632),(4307,'2011-11-30',600.00,634),(4308,'2011-11-30',600.00,635),(4310,'2011-11-30',600.00,643),(4311,'2011-11-30',600.00,647),(4312,'2011-11-30',600.00,648),(4313,'2011-11-30',600.00,649),(4314,'2011-11-30',600.00,650),(4315,'2011-11-30',600.00,653),(4316,'2011-11-30',600.00,655),(4317,'2011-11-30',600.00,656),(4319,'2011-11-30',600.00,660),(4320,'2011-11-30',600.00,662),(4321,'2011-11-30',600.00,663),(4322,'2011-11-30',600.00,674),(4323,'2011-11-30',600.00,676),(4324,'2011-11-30',600.00,680),(4325,'2011-11-30',600.00,682),(4327,'2011-12-31',300.00,514),(4328,'2012-07-12',300.00,518),(4329,'2011-12-31',300.00,519),(4330,'2011-12-31',300.00,524),(4331,'2011-12-31',300.00,526),(4332,'2011-12-31',300.00,529),(4333,'2011-12-31',300.00,533),(4334,'2011-12-31',300.00,537),(4335,'2011-12-31',300.00,541),(4336,'2011-12-31',300.00,542),(4337,'2011-12-31',300.00,544),(4338,'2011-12-31',300.00,548),(4340,'2011-12-31',300.00,566),(4341,'2011-12-31',300.00,568),(4343,'2011-12-31',300.00,574),(4344,'2011-12-31',300.00,579),(4345,'2011-12-31',300.00,581),(4346,'2011-12-31',300.00,582),(4347,'2011-12-31',300.00,573),(4348,'2011-12-31',300.00,590),(4349,'2011-12-31',300.00,593),(4350,'2011-12-31',300.00,599),(4352,'2012-10-11',3300.00,601),(4353,'2011-12-31',300.00,604),(4354,'2011-12-31',300.00,610),(4355,'2011-12-31',300.00,610),(4356,'2011-12-31',300.00,623),(4357,'2011-12-31',300.00,630),(4358,'2011-12-31',300.00,632),(4359,'2011-12-31',300.00,634),(4360,'2011-12-31',300.00,635),(4362,'2011-12-31',300.00,643),(4363,'2011-12-31',300.00,647),(4364,'2011-12-31',300.00,648),(4365,'2011-12-31',300.00,649),(4366,'2011-12-31',300.00,650),(4367,'2011-12-31',300.00,653),(4368,'2011-12-31',300.00,655),(4369,'2011-12-31',300.00,656),(4370,'2012-01-10',400.00,658),(4371,'2011-12-31',300.00,660),(4372,'2011-12-31',300.00,662),(4373,'2011-12-31',300.00,663),(4374,'2011-12-31',300.00,674),(4375,'2011-12-31',300.00,676),(4376,'2011-12-31',300.00,680),(4377,'2011-12-31',300.00,682),(4379,'2012-01-31',300.00,514),(4380,'2012-01-31',300.00,518),(4381,'2012-01-31',300.00,519),(4382,'2012-01-31',300.00,524),(4383,'2012-01-31',300.00,526),(4384,'2012-01-31',300.00,529),(4385,'2012-01-31',300.00,533),(4386,'2012-01-31',300.00,537),(4387,'2012-01-31',300.00,541),(4388,'2012-01-31',300.00,542),(4389,'2012-01-31',300.00,544),(4390,'2012-01-31',300.00,548),(4392,'2012-01-31',300.00,566),(4393,'2012-01-31',300.00,568),(4395,'2012-01-31',300.00,574),(4396,'2012-01-31',300.00,579),(4397,'2012-01-31',300.00,581),(4398,'2012-01-31',300.00,582),(4400,'2012-01-31',300.00,590),(4401,'2012-01-31',300.00,593),(4402,'2012-01-31',300.00,599),(4405,'2012-01-31',300.00,610),(4406,'2012-01-31',300.00,610),(4407,'2012-01-31',300.00,623),(4408,'2012-01-31',300.00,630),(4409,'2012-01-31',200.00,632),(4410,'2012-01-31',300.00,634),(4411,'2012-01-31',300.00,635),(4412,'2012-01-31',300.00,640),(4413,'2012-01-31',300.00,643),(4414,'2012-01-31',300.00,647),(4415,'2012-01-31',300.00,648),(4416,'2012-01-31',300.00,649),(4417,'2012-01-31',300.00,650),(4418,'2012-01-31',300.00,653),(4419,'2012-01-31',300.00,655),(4420,'2012-01-31',300.00,656),(4421,'2012-01-25',300.00,658),(4422,'2012-01-31',300.00,660),(4423,'2012-01-31',300.00,662),(4424,'2012-01-31',300.00,663),(4425,'2012-01-31',300.00,674),(4426,'2012-01-31',300.00,676),(4427,'2012-01-31',300.00,680),(4428,'2012-01-31',300.00,682),(4430,'2012-02-29',300.00,514),(4431,'2012-09-18',300.00,518),(4432,'2012-02-29',300.00,519),(4433,'2012-02-29',300.00,524),(4434,'2012-02-29',300.00,526),(4435,'2012-02-29',300.00,529),(4436,'2012-02-29',300.00,533),(4437,'2012-02-29',300.00,537),(4438,'2012-02-29',200.00,541),(4439,'2012-02-29',300.00,542),(4440,'2012-02-29',300.00,544),(4441,'2012-02-29',300.00,548),(4443,'2012-02-29',300.00,566),(4444,'2012-02-29',300.00,568),(4446,'2012-02-29',300.00,574),(4447,'2012-02-29',300.00,579),(4448,'2012-02-29',300.00,581),(4449,'2012-02-29',300.00,582),(4451,'2012-02-29',300.00,590),(4452,'2012-02-29',300.00,593),(4453,'2012-02-29',300.00,599),(4456,'2012-02-29',300.00,610),(4457,'2012-02-29',300.00,610),(4458,'2012-02-29',300.00,623),(4459,'2012-02-29',300.00,630),(4460,'2012-02-29',300.00,634),(4461,'2012-02-29',300.00,635),(4463,'2012-02-29',300.00,643),(4464,'2012-02-29',79.00,647),(4465,'2012-02-29',300.00,648),(4466,'2012-02-29',300.00,649),(4467,'2012-02-29',300.00,650),(4468,'2012-02-29',300.00,653),(4469,'2012-02-29',300.00,655),(4470,'2012-02-29',300.00,656),(4471,'2012-03-05',300.00,658),(4472,'2012-02-29',300.00,660),(4473,'2012-02-29',300.00,662),(4474,'2012-02-29',300.00,663),(4475,'2012-02-29',300.00,674),(4476,'2012-02-29',300.00,676),(4477,'2012-02-29',300.00,680),(4478,'2012-02-29',300.00,682),(4480,'2012-03-31',300.00,514),(4481,'2012-09-18',300.00,518),(4482,'2012-03-31',300.00,519),(4483,'2012-03-31',300.00,524),(4484,'2012-03-31',300.00,526),(4485,'2012-03-31',300.00,529),(4486,'2012-03-31',300.00,537),(4487,'2012-03-31',300.00,541),(4488,'2012-03-31',300.00,542),(4489,'2012-03-31',300.00,544),(4490,'2012-03-31',300.00,548),(4492,'2012-03-31',300.00,566),(4493,'2012-03-31',300.00,568),(4495,'2012-03-31',300.00,574),(4496,'2012-03-31',300.00,579),(4497,'2012-03-31',300.00,581),(4498,'2012-03-31',300.00,582),(4500,'2012-03-31',300.00,590),(4501,'2012-03-31',300.00,593),(4502,'2012-03-31',300.00,599),(4505,'2012-03-31',300.00,610),(4506,'2012-03-31',300.00,610),(4507,'2012-03-31',300.00,623),(4508,'2012-03-31',300.00,630),(4509,'2012-03-31',300.00,634),(4510,'2012-03-31',300.00,635),(4512,'2012-03-31',300.00,643),(4513,'2012-03-31',300.00,648),(4514,'2012-03-31',300.00,649),(4515,'2012-03-31',300.00,650),(4516,'2012-03-31',300.00,653),(4517,'2012-03-31',300.00,655),(4518,'2012-03-31',300.00,656),(4520,'2012-03-31',300.00,660),(4521,'2012-03-31',300.00,662),(4522,'2012-03-31',300.00,663),(4523,'2012-03-31',300.00,674),(4524,'2012-03-31',300.00,676),(4525,'2012-03-31',300.00,680),(4526,'2012-03-31',300.00,682),(4528,'2012-04-30',300.00,514),(4529,'2012-09-18',300.00,518),(4530,'2012-04-30',300.00,519),(4531,'2012-04-30',300.00,524),(4532,'2012-04-30',300.00,526),(4533,'2012-04-30',300.00,529),(4534,'2012-04-30',300.00,537),(4535,'2012-04-30',300.00,541),(4536,'2012-04-30',300.00,542),(4537,'2012-04-30',300.00,544),(4538,'2012-04-30',300.00,548),(4540,'2012-04-30',300.00,566),(4541,'2012-04-30',300.00,568),(4543,'2012-04-30',300.00,574),(4544,'2012-04-30',300.00,579),(4545,'2012-04-30',300.00,581),(4546,'2012-04-30',300.00,582),(4548,'2012-04-30',257.00,590),(4549,'2012-04-30',300.00,593),(4550,'2012-04-30',300.00,599),(4553,'2012-04-30',300.00,610),(4554,'2012-04-30',300.00,610),(4555,'2012-04-30',300.00,623),(4556,'2012-04-30',300.00,630),(4557,'2012-04-30',300.00,634),(4558,'2012-04-30',300.00,635),(4560,'2012-04-30',300.00,643),(4561,'2012-04-30',300.00,648),(4562,'2012-04-30',300.00,649),(4563,'2012-04-30',300.00,650),(4564,'2012-04-30',300.00,653),(4565,'2012-04-30',300.00,655),(4566,'2012-04-30',300.00,656),(4567,'2012-04-12',300.00,658),(4568,'2012-04-30',300.00,660),(4569,'2012-04-30',300.00,662),(4570,'2012-04-30',300.00,663),(4571,'2012-04-30',300.00,674),(4572,'2012-04-30',300.00,676),(4573,'2012-04-30',300.00,680),(4574,'2012-04-30',300.00,682),(4576,'2012-09-18',300.00,518),(4577,'2012-05-31',300.00,519),(4578,'2012-05-31',300.00,524),(4579,'2012-05-31',300.00,526),(4580,'2012-05-31',300.00,529),(4581,'2012-05-31',300.00,537),(4582,'2012-05-31',300.00,541),(4583,'2012-05-31',300.00,542),(4584,'2012-05-31',300.00,548),(4586,'2012-05-31',300.00,566),(4587,'2012-05-31',300.00,568),(4589,'2012-05-31',300.00,574),(4590,'2012-05-31',300.00,579),(4591,'2012-05-31',300.00,581),(4592,'2012-05-31',300.00,582),(4594,'2012-05-31',300.00,590),(4595,'2012-05-31',300.00,593),(4596,'2012-05-31',300.00,599),(4599,'2012-05-31',300.00,610),(4600,'2012-05-31',300.00,610),(4601,'2012-05-31',300.00,623),(4602,'2012-05-31',300.00,630),(4603,'2012-05-31',300.00,634),(4604,'2012-05-31',300.00,635),(4606,'2012-05-31',300.00,643),(4607,'2012-05-31',300.00,648),(4608,'2012-05-31',300.00,649),(4609,'2012-05-31',300.00,650),(4610,'2012-05-31',300.00,653),(4611,'2012-05-31',300.00,655),(4612,'2012-05-31',300.00,656),(4613,'2012-05-27',600.00,658),(4614,'2012-05-31',300.00,660),(4615,'2012-05-31',300.00,662),(4616,'2012-05-31',300.00,663),(4617,'2012-05-31',300.00,674),(4618,'2012-05-31',300.00,676),(4619,'2012-05-31',300.00,680),(4620,'2012-05-31',300.00,682),(4622,'2012-09-18',300.00,518),(4623,'2012-06-30',300.00,519),(4624,'2012-06-30',300.00,524),(4625,'2012-06-30',300.00,526),(4626,'2012-06-30',300.00,529),(4627,'2012-06-30',300.00,537),(4628,'2012-06-30',300.00,541),(4629,'2012-06-30',300.00,542),(4630,'2012-06-30',300.00,548),(4632,'2012-06-30',300.00,566),(4633,'2012-06-30',300.00,568),(4635,'2012-06-30',300.00,574),(4636,'2012-06-30',300.00,579),(4637,'2012-06-30',300.00,581),(4638,'2012-06-30',300.00,582),(4640,'2012-06-30',300.00,590),(4641,'2012-06-30',300.00,593),(4642,'2012-06-30',300.00,599),(4645,'2012-06-30',300.00,610),(4646,'2012-06-30',300.00,610),(4647,'2012-06-30',300.00,623),(4648,'2012-06-30',300.00,630),(4649,'2012-06-30',300.00,634),(4650,'2012-06-30',300.00,635),(4652,'2012-06-30',300.00,643),(4653,'2012-06-30',300.00,648),(4654,'2012-06-30',300.00,649),(4655,'2012-06-30',300.00,650),(4656,'2012-06-30',300.00,653),(4657,'2012-06-30',300.00,655),(4658,'2012-06-30',300.00,656),(4660,'2012-06-30',300.00,660),(4661,'2012-06-30',300.00,662),(4662,'2012-06-30',300.00,663),(4663,'2012-06-30',300.00,674),(4664,'2012-06-30',300.00,676),(4665,'2012-06-30',300.00,680),(4666,'2012-06-30',300.00,682),(4668,'2012-07-31',300.00,514),(4669,'2012-09-18',300.00,518),(4670,'2012-07-31',300.00,519),(4671,'2012-07-31',300.00,524),(4672,'2012-07-31',300.00,526),(4673,'2012-07-31',300.00,529),(4674,'2012-07-31',300.00,537),(4675,'2012-07-31',300.00,541),(4676,'2012-07-31',300.00,542),(4677,'2012-07-31',300.00,548),(4679,'2012-07-31',300.00,566),(4680,'2012-07-31',254.00,568),(4682,'2012-07-31',300.00,574),(4683,'2012-07-31',300.00,579),(4684,'2012-07-31',300.00,581),(4685,'2012-07-31',300.00,582),(4687,'2012-07-31',300.00,590),(4688,'2012-07-31',300.00,593),(4689,'2012-07-31',300.00,599),(4692,'2012-07-31',300.00,610),(4693,'2012-07-31',300.00,610),(4694,'2012-07-31',300.00,623),(4695,'2012-07-31',300.00,630),(4696,'2012-07-31',300.00,632),(4697,'2012-07-31',300.00,634),(4698,'2012-07-31',300.00,635),(4700,'2012-07-31',300.00,643),(4701,'2012-07-31',300.00,648),(4702,'2012-07-31',300.00,649),(4703,'2012-07-31',300.00,650),(4704,'2012-07-31',300.00,653),(4705,'2012-07-31',300.00,655),(4706,'2012-07-31',300.00,656),(4707,'2012-07-05',300.00,658),(4708,'2012-07-31',300.00,660),(4709,'2012-07-31',300.00,662),(4710,'2012-07-31',300.00,663),(4711,'2012-07-31',300.00,674),(4712,'2012-07-31',300.00,676),(4713,'2012-07-31',300.00,680),(4714,'2012-07-31',300.00,682),(4716,'2012-08-31',300.00,514),(4717,'2012-09-18',300.00,518),(4718,'2012-08-31',300.00,519),(4719,'2012-08-31',300.00,524),(4720,'2012-08-31',300.00,526),(4721,'2012-08-31',300.00,529),(4722,'2012-08-31',300.00,537),(4723,'2012-08-31',300.00,541),(4724,'2012-08-31',300.00,542),(4725,'2012-08-31',300.00,548),(4727,'2012-08-31',300.00,566),(4728,'2012-08-31',300.00,568),(4730,'2012-08-31',300.00,574),(4731,'2012-08-31',300.00,579),(4732,'2012-08-31',300.00,581),(4733,'2012-08-31',300.00,582),(4735,'2012-08-31',300.00,590),(4736,'2012-08-31',300.00,593),(4737,'2012-08-31',300.00,599),(4740,'2012-08-31',300.00,610),(4741,'2012-08-31',300.00,610),(4742,'2012-08-31',300.00,623),(4743,'2012-08-31',300.00,630),(4744,'2012-08-31',300.00,632),(4745,'2012-08-31',300.00,634),(4746,'2012-08-31',300.00,635),(4748,'2012-08-31',300.00,643),(4749,'2012-08-31',300.00,648),(4750,'2012-08-31',300.00,650),(4751,'2012-08-31',300.00,653),(4752,'2012-08-31',300.00,655),(4753,'2012-08-31',300.00,656),(4755,'2012-08-31',300.00,660),(4756,'2012-08-31',300.00,662),(4757,'2012-08-31',300.00,663),(4758,'2012-08-31',300.00,674),(4759,'2012-08-31',300.00,676),(4760,'2012-08-31',300.00,680),(4761,'2012-08-31',300.00,682),(4763,'2012-09-30',300.00,514),(4764,'2012-10-29',300.00,518),(4765,'2012-09-30',300.00,519),(4766,'2012-09-30',300.00,524),(4767,'2012-09-30',300.00,526),(4768,'2012-09-30',300.00,529),(4769,'2012-09-30',300.00,537),(4770,'2012-09-30',300.00,541),(4771,'2012-09-30',300.00,542),(4772,'2012-09-30',300.00,548),(4774,'2012-09-30',300.00,566),(4775,'2012-09-30',300.00,568),(4777,'2012-09-30',300.00,574),(4778,'2012-09-30',300.00,579),(4779,'2012-09-30',300.00,581),(4780,'2012-09-30',300.00,582),(4782,'2012-09-30',300.00,590),(4783,'2012-09-30',300.00,593),(4784,'2012-09-30',300.00,599),(4787,'2012-09-30',300.00,610),(4788,'2012-09-30',300.00,610),(4789,'2012-09-30',300.00,623),(4790,'2012-09-30',300.00,630),(4791,'2012-09-30',300.00,632),(4792,'2012-09-30',300.00,634),(4793,'2012-09-30',300.00,635),(4795,'2012-09-30',300.00,643),(4796,'2012-09-30',300.00,648),(4797,'2012-09-30',300.00,650),(4798,'2012-09-30',300.00,653),(4799,'2012-09-30',300.00,655),(4800,'2012-09-30',300.00,656),(4801,'2012-09-18',600.00,658),(4802,'2012-09-30',300.00,660),(4803,'2012-09-30',300.00,662),(4804,'2012-09-30',300.00,663),(4805,'2012-09-30',300.00,674),(4806,'2012-09-30',300.00,676),(4807,'2012-09-30',300.00,680),(4808,'2012-09-30',300.00,682),(4810,'2012-10-31',300.00,514),(4811,'2012-10-29',300.00,518),(4812,'2012-10-31',300.00,519),(4813,'2012-10-31',300.00,524),(4814,'2012-10-31',300.00,526),(4815,'2012-10-31',300.00,529),(4816,'2012-10-31',300.00,537),(4817,'2012-10-31',300.00,541),(4818,'2012-10-31',300.00,542),(4819,'2012-10-31',300.00,548),(4821,'2012-10-31',300.00,566),(4822,'2012-10-31',300.00,568),(4824,'2012-10-31',300.00,574),(4825,'2012-10-31',300.00,579),(4826,'2012-10-31',300.00,581),(4827,'2012-10-31',300.00,582),(4829,'2012-10-31',300.00,590),(4830,'2012-10-31',300.00,593),(4831,'2012-10-31',300.00,599),(4834,'2012-10-31',300.00,610),(4835,'2012-10-31',300.00,610),(4836,'2012-10-31',300.00,623),(4837,'2012-10-31',300.00,630),(4838,'2012-10-31',300.00,632),(4839,'2012-10-31',300.00,634),(4840,'2012-10-31',300.00,635),(4842,'2012-10-31',300.00,643),(4843,'2012-10-31',300.00,648),(4844,'2012-10-31',300.00,650),(4845,'2012-10-31',300.00,653),(4846,'2012-10-31',300.00,655),(4847,'2012-10-31',300.00,656),(4848,'2012-10-29',600.00,658),(4849,'2012-10-31',300.00,660),(4850,'2012-10-31',300.00,662),(4851,'2012-10-31',300.00,663),(4852,'2012-10-31',300.00,674),(4853,'2012-10-31',300.00,676),(4854,'2012-10-31',300.00,680),(4855,'2012-10-31',300.00,682),(4857,'2012-11-30',600.00,514),(4858,'2013-01-07',300.00,518),(4859,'2012-11-30',600.00,519),(4860,'2012-11-30',600.00,524),(4861,'2012-11-30',600.00,526),(4862,'2012-11-30',600.00,529),(4863,'2012-11-30',600.00,537),(4864,'2012-11-30',600.00,541),(4865,'2012-11-30',600.00,542),(4866,'2012-11-30',600.00,548),(4868,'2012-11-30',600.00,566),(4869,'2012-11-30',300.00,568),(4871,'2012-11-30',600.00,574),(4872,'2012-11-30',600.00,579),(4873,'2012-11-30',600.00,581),(4874,'2012-11-30',600.00,582),(4876,'2012-11-30',600.00,590),(4877,'2012-11-30',300.00,593),(4878,'2012-11-30',600.00,599),(4881,'2012-11-30',600.00,610),(4882,'2012-11-30',600.00,610),(4883,'2012-11-30',580.00,623),(4884,'2012-11-30',600.00,630),(4885,'2012-11-30',600.00,632),(4886,'2012-11-30',600.00,634),(4887,'2012-11-30',600.00,635),(4889,'2012-11-30',600.00,643),(4890,'2012-11-30',600.00,648),(4891,'2012-11-30',600.00,650),(4892,'2012-11-30',600.00,653),(4893,'2012-11-30',600.00,655),(4894,'2012-11-30',600.00,656),(4896,'2012-11-30',600.00,660),(4897,'2012-11-30',600.00,662),(4898,'2012-11-30',600.00,663),(4899,'2012-11-30',600.00,674),(4900,'2012-11-30',600.00,676),(4901,'2012-11-30',600.00,680),(4902,'2012-11-30',600.00,682),(4904,'2012-12-31',300.00,514),(4905,'2012-12-31',300.00,519),(4906,'2012-12-31',300.00,524),(4907,'2012-12-31',300.00,526),(4908,'2012-12-31',300.00,529),(4909,'2012-12-31',300.00,537),(4910,'2012-12-31',300.00,541),(4911,'2012-12-31',300.00,542),(4912,'2012-12-31',300.00,548),(4914,'2012-12-31',300.00,566),(4915,'2012-12-31',300.00,568),(4917,'2012-12-31',300.00,574),(4918,'2012-12-31',300.00,579),(4919,'2012-12-31',300.00,581),(4920,'2012-12-31',300.00,582),(4922,'2012-12-31',300.00,590),(4923,'2012-12-31',300.00,599),(4924,'2012-12-14',2000.00,601),(4926,'2012-12-31',300.00,610),(4927,'2012-12-31',300.00,610),(4928,'2012-12-31',300.00,623),(4929,'2012-12-31',300.00,630),(4930,'2012-12-31',300.00,632),(4931,'2012-12-31',300.00,634),(4932,'2012-12-31',300.00,635),(4934,'2012-12-31',300.00,643),(4935,'2012-12-31',300.00,648),(4936,'2012-12-31',600.00,650),(4937,'2012-12-31',300.00,653),(4938,'2012-12-31',300.00,655),(4939,'2012-12-31',300.00,656),(4940,'2012-12-31',300.00,660),(4941,'2012-12-31',300.00,662),(4942,'2012-12-31',300.00,663),(4943,'2012-12-31',300.00,674),(4944,'2012-12-31',300.00,676),(4945,'2012-12-31',300.00,680),(4946,'2012-12-31',300.00,682),(4948,'2013-01-31',300.00,514),(4949,'2013-01-31',300.00,519),(4950,'2013-01-31',300.00,524),(4951,'2013-01-31',300.00,526),(4952,'2013-01-31',300.00,529),(4953,'2013-01-31',300.00,537),(4954,'2013-01-31',300.00,542),(4955,'2013-01-31',300.00,548),(4956,'2013-01-31',300.00,566),(4957,'2013-01-31',300.00,568),(4959,'2013-01-31',300.00,574),(4960,'2013-01-31',300.00,579),(4961,'2013-01-31',300.00,581),(4962,'2013-01-31',300.00,582),(4964,'2013-01-31',300.00,590),(4965,'2013-01-31',300.00,599),(4968,'2013-01-31',300.00,610),(4969,'2013-01-31',300.00,610),(4970,'2013-01-31',300.00,630),(4971,'2013-01-31',300.00,634),(4972,'2013-01-31',300.00,635),(4974,'2013-01-31',300.00,643),(4975,'2013-01-31',300.00,648),(4976,'2013-01-31',300.00,650),(4977,'2013-01-31',300.00,653),(4978,'2013-01-31',300.00,655),(4979,'2013-01-31',300.00,656),(4980,'2013-01-31',300.00,660),(4981,'2013-01-31',300.00,662),(4982,'2013-01-31',300.00,663),(4983,'2013-01-31',300.00,676),(4984,'2013-01-31',300.00,680),(4985,'2013-01-31',300.00,682),(4987,'2013-02-28',300.00,514),(4988,'2013-02-28',300.00,519),(4989,'2013-02-28',300.00,524),(4990,'2013-02-28',300.00,526),(4991,'2013-02-28',300.00,537),(4992,'2013-02-28',300.00,548),(4993,'2013-02-28',300.00,566),(4994,'2013-02-28',300.00,568),(4996,'2013-02-28',300.00,574),(4997,'2013-02-28',300.00,579),(4998,'2013-02-28',300.00,581),(4999,'2013-02-28',300.00,582),(5001,'2013-02-28',300.00,590),(5002,'2013-02-28',300.00,599),(5005,'2013-02-28',300.00,610),(5006,'2013-02-28',300.00,610),(5007,'2013-02-28',300.00,630),(5008,'2013-02-28',300.00,634),(5009,'2013-02-28',300.00,635),(5011,'2013-02-28',300.00,643),(5012,'2013-02-28',300.00,648),(5013,'2013-02-28',300.00,650),(5014,'2013-02-28',300.00,653),(5015,'2013-02-28',300.00,655),(5016,'2013-02-28',300.00,656),(5017,'2013-02-28',300.00,660),(5018,'2013-02-28',300.00,662),(5019,'2013-02-28',300.00,663),(5020,'2013-02-28',300.00,676),(5021,'2013-02-28',300.00,680),(5022,'2013-02-28',300.00,682),(5024,'2013-03-31',300.00,514),(5025,'2013-03-31',300.00,519),(5027,'2013-03-31',300.00,526),(5028,'2013-03-31',300.00,537),(5029,'2013-03-31',300.00,542),(5030,'2013-03-31',300.00,548),(5032,'2013-03-31',300.00,566),(5033,'2013-03-31',300.00,568),(5035,'2013-03-31',300.00,574),(5036,'2013-03-31',300.00,579),(5037,'2013-03-31',300.00,581),(5038,'2013-03-31',300.00,582),(5040,'2013-03-31',300.00,590),(5041,'2013-03-31',300.00,599),(5044,'2013-03-31',300.00,610),(5045,'2013-03-31',300.00,610),(5046,'2013-03-31',300.00,630),(5047,'2013-03-31',300.00,634),(5048,'2013-03-31',300.00,635),(5050,'2013-03-31',300.00,643),(5051,'2013-03-31',300.00,648),(5052,'2013-03-31',300.00,650),(5053,'2013-03-31',300.00,653),(5054,'2013-03-31',300.00,655),(5055,'2013-03-31',300.00,656),(5056,'2013-08-30',1400.00,658),(5057,'2013-03-31',300.00,660),(5058,'2013-03-31',300.00,662),(5059,'2013-03-31',300.00,663),(5060,'2013-03-31',300.00,676),(5061,'2013-03-31',300.00,680),(5062,'2013-03-31',300.00,682),(5064,'2013-04-30',300.00,514),(5065,'2013-04-30',300.00,519),(5066,'2013-04-30',300.00,524),(5067,'2013-04-30',240.00,526),(5068,'2013-04-30',300.00,537),(5069,'2013-04-30',300.00,542),(5070,'2013-04-30',300.00,548),(5072,'2013-04-30',300.00,566),(5073,'2013-04-30',300.00,568),(5075,'2013-04-30',300.00,574),(5076,'2013-04-30',300.00,579),(5077,'2013-04-30',300.00,581),(5078,'2013-04-30',300.00,582),(5080,'2013-04-30',300.00,590),(5081,'2013-04-30',300.00,599),(5084,'2013-04-30',300.00,610),(5085,'2013-04-30',300.00,610),(5086,'2013-04-30',300.00,630),(5087,'2013-04-30',300.00,634),(5088,'2013-04-30',300.00,635),(5090,'2013-04-30',300.00,643),(5091,'2013-04-30',300.00,648),(5092,'2013-04-30',400.00,650),(5093,'2013-04-30',400.00,653),(5094,'2013-04-30',300.00,655),(5095,'2013-04-30',300.00,656),(5096,'2013-04-23',300.00,658),(5097,'2013-04-30',300.00,660),(5098,'2013-04-30',300.00,662),(5099,'2013-04-30',300.00,663),(5100,'2013-04-30',300.00,676),(5101,'2013-04-30',300.00,680),(5102,'2013-04-30',300.00,682),(5104,'2013-05-31',400.00,514),(5105,'2013-05-31',400.00,519),(5106,'2013-05-31',400.00,524),(5107,'2013-05-31',400.00,537),(5108,'2013-05-31',400.00,542),(5110,'2013-05-31',300.00,566),(5111,'2013-05-31',300.00,568),(5113,'2013-05-31',400.00,574),(5114,'2013-05-31',400.00,579),(5115,'2013-05-31',400.00,581),(5116,'2013-05-31',400.00,582),(5118,'2013-05-31',400.00,590),(5119,'2013-05-31',300.00,599),(5122,'2013-05-31',400.00,606),(5123,'2013-05-31',300.00,610),(5124,'2013-05-31',300.00,610),(5125,'2013-05-31',400.00,630),(5126,'2013-05-31',400.00,634),(5127,'2013-05-31',400.00,635),(5129,'2013-05-31',400.00,643),(5130,'2013-05-31',300.00,648),(5131,'2013-05-31',400.00,650),(5132,'2013-05-31',400.00,653),(5133,'2013-05-31',400.00,655),(5134,'2013-05-31',400.00,656),(5135,'2013-05-31',400.00,658),(5136,'2013-05-31',400.00,660),(5137,'2013-05-31',400.00,662),(5138,'2013-05-31',400.00,663),(5139,'2013-02-22',300.00,665),(5140,'2013-05-31',400.00,676),(5141,'2013-05-31',400.00,680),(5142,'2013-05-31',300.00,682),(5144,'2013-06-30',400.00,514),(5145,'2013-06-30',400.00,519),(5146,'2013-06-30',400.00,524),(5147,'2013-06-30',400.00,537),(5148,'2013-06-30',400.00,542),(5150,'2013-06-30',400.00,566),(5151,'2013-06-30',300.00,568),(5153,'2013-06-30',400.00,574),(5154,'2013-06-30',400.00,579),(5155,'2013-06-30',400.00,582),(5157,'2013-06-30',400.00,590),(5158,'2013-06-30',300.00,599),(5161,'2013-06-30',400.00,606),(5162,'2013-06-30',300.00,610),(5163,'2013-06-30',300.00,610),(5164,'2013-06-30',400.00,630),(5165,'2013-06-30',400.00,634),(5166,'2013-06-30',400.00,635),(5168,'2013-06-30',400.00,643),(5169,'2013-06-30',400.00,648),(5170,'2013-06-30',400.00,650),(5171,'2013-06-30',400.00,653),(5172,'2013-06-30',400.00,655),(5173,'2013-06-30',400.00,656),(5175,'2013-06-30',400.00,660),(5176,'2013-06-30',400.00,662),(5177,'2013-06-30',400.00,663),(5178,'2013-04-16',500.00,665),(5179,'2013-06-30',400.00,676),(5180,'2013-06-30',400.00,680),(5181,'2013-06-30',300.00,682),(5183,'2013-07-31',400.00,514),(5184,'2013-07-31',400.00,519),(5185,'2013-07-31',400.00,524),(5186,'2013-07-31',400.00,537),(5187,'2013-07-31',400.00,542),(5189,'2013-07-31',400.00,566),(5190,'2013-07-31',400.00,568),(5192,'2013-07-31',400.00,574),(5193,'2013-07-31',400.00,579),(5194,'2013-07-31',400.00,582),(5196,'2013-07-31',400.00,590),(5197,'2013-07-31',300.00,599),(5200,'2013-07-31',400.00,606),(5201,'2013-07-31',400.00,630),(5202,'2013-07-31',400.00,632),(5203,'2013-07-31',400.00,634),(5204,'2013-07-31',400.00,635),(5206,'2013-07-31',400.00,643),(5207,'2013-07-31',400.00,648),(5208,'2013-07-31',400.00,650),(5209,'2013-07-31',400.00,653),(5210,'2013-07-31',400.00,655),(5211,'2013-07-31',400.00,656),(5212,'2013-07-31',400.00,660),(5213,'2013-07-31',400.00,663),(5214,'2013-09-04',400.00,665),(5215,'2013-07-31',400.00,676),(5216,'2013-07-31',400.00,680),(5217,'2013-07-31',400.00,682),(5219,'2013-08-31',300.00,514),(5220,'2013-08-31',400.00,519),(5221,'2013-08-31',400.00,524),(5222,'2013-08-31',400.00,537),(5223,'2013-08-31',400.00,542),(5225,'2013-08-31',400.00,566),(5226,'2013-08-31',400.00,568),(5228,'2013-08-31',400.00,574),(5229,'2013-08-31',400.00,579),(5230,'2013-08-31',400.00,582),(5232,'2013-08-31',400.00,590),(5233,'2013-08-31',300.00,599),(5236,'2013-08-31',400.00,606),(5237,'2013-08-31',400.00,630),(5238,'2013-08-31',400.00,632),(5239,'2013-08-31',400.00,634),(5240,'2013-08-31',400.00,635),(5241,'2013-08-31',400.00,640),(5242,'2013-08-31',400.00,643),(5243,'2013-08-31',400.00,648),(5244,'2013-08-31',400.00,650),(5245,'2013-08-31',400.00,653),(5246,'2013-08-31',400.00,655),(5247,'2013-08-31',400.00,656),(5248,'2013-08-31',400.00,660),(5249,'2013-08-31',400.00,663),(5250,'2013-08-31',300.00,665),(5251,'2013-08-31',400.00,676),(5252,'2013-08-31',400.00,680),(5253,'2013-08-31',400.00,682),(5255,'2013-09-30',400.00,519),(5256,'2013-09-30',400.00,524),(5257,'2013-09-30',400.00,537),(5258,'2013-09-30',400.00,542),(5260,'2013-09-30',400.00,566),(5261,'2013-09-30',400.00,568),(5263,'2013-09-30',400.00,574),(5264,'2013-09-30',400.00,579),(5265,'2013-09-30',400.00,582),(5267,'2013-09-30',400.00,590),(5271,'2013-09-30',400.00,630),(5272,'2013-09-30',400.00,632),(5273,'2013-09-30',400.00,635),(5274,'2013-09-30',400.00,643),(5275,'2013-09-30',400.00,648),(5276,'2013-09-30',400.00,650),(5277,'2013-09-30',400.00,653),(5278,'2013-09-30',400.00,655),(5279,'2013-09-30',400.00,656),(5281,'2013-09-30',400.00,663),(5282,'2013-09-20',300.00,665),(5283,'2013-09-30',400.00,676),(5284,'2013-09-30',400.00,680),(5285,'2013-09-30',400.00,682),(5287,'2013-10-31',400.00,519),(5288,'2013-10-31',400.00,524),(5289,'2013-10-31',400.00,537),(5290,'2013-10-01',400.00,542),(5291,'2013-10-31',400.00,566),(5292,'2013-10-31',400.00,568),(5294,'2013-10-31',400.00,574),(5295,'2013-10-31',400.00,579),(5296,'2013-10-31',400.00,582),(5301,'2013-10-31',400.00,630),(5302,'2013-10-31',400.00,632),(5303,'2013-10-31',400.00,634),(5304,'2013-10-31',400.00,635),(5305,'2013-10-31',400.00,643),(5306,'2013-10-31',400.00,648),(5307,'2013-10-31',400.00,653),(5308,'2013-10-31',400.00,655),(5309,'2013-10-31',400.00,656),(5310,'2013-10-31',400.00,660),(5311,'2013-10-31',400.00,663),(5312,'2013-10-31',400.00,666),(5313,'2013-10-31',400.00,676),(5314,'2013-10-31',400.00,680),(5315,'2013-10-31',400.00,682),(5316,'2013-11-30',700.00,519),(5317,'2013-11-30',700.00,524),(5318,'2013-11-30',700.00,542),(5320,'2013-11-30',700.00,566),(5321,'2013-11-30',700.00,568),(5323,'2013-11-30',700.00,574),(5324,'2013-11-30',700.00,579),(5325,'2013-11-30',700.00,582),(5330,'2013-11-30',700.00,630),(5331,'2013-11-30',400.00,632),(5332,'2013-11-30',700.00,634),(5333,'2013-11-30',700.00,635),(5334,'2013-11-30',700.00,643),(5335,'2013-11-30',700.00,648),(5336,'2013-11-30',700.00,655),(5337,'2013-11-30',700.00,660),(5338,'2013-11-30',700.00,663),(5339,'2013-11-30',700.00,666),(5340,'2013-11-30',700.00,676),(5341,'2013-11-30',700.00,680),(5342,'2013-11-30',700.00,682),(5343,'2013-12-31',400.00,519),(5345,'2013-12-31',400.00,542),(5346,'2013-12-31',400.00,566),(5347,'2013-12-31',400.00,568),(5348,'2013-12-31',400.00,574),(5349,'2013-12-31',400.00,579),(5355,'2013-12-31',400.00,630),(5356,'2013-12-31',400.00,632),(5357,'2013-12-31',400.00,634),(5358,'2013-12-31',400.00,635),(5359,'2013-12-31',400.00,648),(5360,'2013-12-31',400.00,660),(5361,'2013-12-31',400.00,663),(5362,'2013-12-31',400.00,666),(5363,'2013-12-31',400.00,676),(5364,'2013-12-31',400.00,680),(5365,'2013-12-31',400.00,682),(5366,'2014-01-31',400.00,542),(5367,'2014-01-31',400.00,566),(5368,'2014-01-09',400.00,574),(5370,'2014-01-31',400.00,630),(5372,'2014-01-31',400.00,663),(5373,'2014-01-31',400.00,676),(5374,'2014-01-31',400.00,680),(5375,'2014-01-31',400.00,682),(5376,'2014-02-28',400.00,566),(5377,'2014-02-28',400.00,660),(5378,'2014-02-28',400.00,676),(5379,'2012-03-05',1000.00,595),(5380,'2013-09-12',1000.00,514),(5382,'2012-11-10',400.00,541),(5383,'2011-12-16',400.00,634),(5385,'2013-09-22',1000.00,634),(5386,'2012-02-02',300.00,511),(5387,'2012-03-16',300.00,511),(5388,'2012-03-16',300.00,511),(5389,'2012-03-16',242.00,511),(5390,'2011-05-29',300.00,529),(5391,'2013-09-24',343.00,544),(5392,'2012-12-31',1000.00,548),(5393,'2013-09-30',400.00,548),(5394,'2010-02-28',300.00,558),(5396,'2010-05-01',242.00,558),(5399,'2010-03-31',300.00,558),(5401,'2010-06-01',242.00,558),(5402,'2010-04-01',300.00,558),(5403,'2010-07-05',242.00,558),(5404,'2010-09-01',242.00,558),(5405,'2010-10-18',242.00,558),(5407,'2010-08-01',242.00,558),(5408,'2010-11-15',300.00,558),(5409,'2011-01-26',500.00,558),(5411,'2011-03-18',600.00,558),(5412,'2011-04-07',300.00,558),(5413,'2011-07-11',900.00,558),(5414,'2011-08-26',300.00,558),(5415,'2011-10-06',600.00,558),(5416,'2011-11-26',516.00,558),(5417,'2011-12-09',700.00,558),(5418,'2012-01-25',300.00,558),(5419,'2012-04-10',900.00,558),(5420,'2012-07-03',900.00,558),(5421,'2012-08-04',300.00,558),(5423,'2012-09-26',300.00,558),(5424,'2012-10-25',300.00,558),(5425,'2014-04-30',0.00,558),(5426,'2013-01-16',600.00,558),(5427,'2013-03-07',300.00,558),(5428,'2013-04-02',300.00,558),(5429,'2013-05-11',300.00,558),(5431,'2013-07-03',400.00,558),(5432,'2013-08-20',400.00,558),(5433,'2013-10-11',400.00,558),(5434,'2013-11-27',700.00,558),(5435,'2010-02-01',100.00,560),(5436,'2012-12-11',1000.00,566),(5437,'2012-01-12',400.00,566),(5438,'2012-02-04',400.00,568),(5439,'2013-08-19',1000.00,568),(5440,'2013-07-05',400.00,568),(5441,'2010-11-03',2710.00,570),(5442,'2011-02-07',500.00,570),(5443,'2011-03-18',600.00,570),(5444,'2011-06-14',300.00,570),(5445,'2011-04-30',300.00,570),(5446,'2011-05-31',300.00,570),(5447,'2011-09-06',1200.00,570),(5449,'2011-11-01',1200.00,570),(5450,'2012-01-13',1300.00,570),(5451,'2012-02-17',300.00,570),(5452,'2013-09-01',400.00,574),(5453,'2011-12-16',400.00,574),(5454,'2010-02-28',300.00,577),(5455,'2013-09-05',1000.00,579),(5456,'2011-12-16',400.00,579),(5457,'2012-10-05',400.00,581),(5458,'2013-05-24',1000.00,581),(5459,'2012-07-20',400.00,590),(5460,'2013-10-03',1000.00,590),(5461,'2013-10-03',400.00,590),(5462,'2012-12-02',2000.00,592),(5463,'2011-12-10',100.00,593),(5464,'2013-09-28',1000.00,593),(5465,'2011-12-02',300.00,601),(5466,'2012-12-13',1000.00,601),(5470,'2012-02-22',400.00,623),(5472,'2011-12-16',400.00,630),(5473,'2013-02-01',1000.00,630),(5474,'2013-10-22',400.00,630),(5476,'2011-12-09',400.00,635),(5477,'2013-11-28',1000.00,635),(5478,'2013-11-28',400.00,635),(5479,'2013-01-01',300.00,640),(5480,'2011-12-15',400.00,643),(5484,'2013-08-20',1000.00,643),(5487,'2013-08-29',400.00,643),(5488,'2011-12-10',400.00,648),(5489,'2012-12-05',1000.00,648),(5490,'2013-12-23',400.00,648),(5491,'2013-04-19',1000.00,649),(5492,'2012-04-12',400.00,650),(5493,'2013-08-31',1000.00,650),(5494,'2013-08-31',400.00,650),(5497,'2013-10-09',1000.00,656),(5498,'2014-10-29',400.00,656),(5499,'2014-11-02',0.00,656),(5505,'2013-01-03',600.00,658),(5507,'2013-08-01',600.00,658),(5508,'2013-11-11',10000.00,660),(5509,'2013-09-22',1000.00,663),(5510,'2012-08-25',400.00,663),(5512,'2013-05-21',400.00,665),(5513,'2012-09-28',400.00,682),(5515,'2013-08-10',400.00,682),(5516,'2012-12-31',1000.00,666),(5517,'2013-07-31',400.00,666),(5519,'2014-07-22',400.00,666),(5521,'2013-12-30',10000.00,666),(5523,'2011-12-16',400.00,674),(5524,'2012-12-09',400.00,676),(5525,'2013-07-08',1000.00,676),(5526,'2013-07-08',400.00,676),(5527,'2014-01-01',10000.00,676),(5528,'2014-03-17',400.00,676),(5529,'2014-04-17',400.00,676),(5530,'2014-05-17',400.00,676),(5531,'2013-05-08',400.00,680),(5532,'2013-08-03',400.00,680),(5533,'2013-12-02',10000.00,680),(5535,'2013-11-05',1000.00,655),(5536,'2012-04-23',500.00,570),(5537,'2012-06-08',300.00,570),(5538,'2012-08-27',300.00,570),(5539,'2012-09-18',300.00,570),(5540,'2012-11-19',300.00,570),(5541,'2012-12-18',600.00,570),(5542,'2012-12-17',300.00,570),(5543,'2013-09-04',1000.00,570),(5544,'2013-09-04',400.00,570),(5545,'2013-01-24',300.00,570),(5546,'2013-03-13',600.00,570),(5547,'2013-04-22',300.00,570),(5548,'2013-05-18',300.00,570),(5550,'2013-07-05',300.00,570),(5551,'2013-12-23',2100.00,599),(5552,'2014-02-08',0.00,643),(5556,'2015-02-05',0.00,570),(5557,'2014-03-06',0.00,570),(5558,'2014-05-06',0.00,570),(5559,'2014-09-08',0.00,570),(5562,'2014-03-17',0.00,643),(5563,'2014-03-17',0.00,544),(5564,'2014-03-24',0.00,544),(5567,'2014-04-02',0.00,542),(5568,'2014-03-24',0.00,623),(5569,'2014-04-07',0.00,623),(5570,'2014-09-03',0.00,623),(5572,'2014-05-30',0.00,680),(5573,'2014-04-02',0.00,558),(5574,'2014-05-30',0.00,680),(5576,'2014-06-11',0.00,544),(5577,'2014-07-29',0.00,544),(5579,'2014-09-16',0.00,680),(5580,'2014-09-16',0.00,680),(5581,'2014-05-06',0.00,643),(5582,'2014-05-26',0.00,643),(5583,'2014-06-06',0.00,643),(5584,'2014-07-08',0.00,643),(5585,'2014-08-04',0.00,643),(5586,'2014-09-02',0.00,643),(5587,'2014-10-02',0.00,643),(5588,'2014-10-07',0.00,570),(5589,'2014-10-07',0.00,623),(5590,'2014-05-03',0.00,623),(5595,'2014-07-05',0.00,623),(5597,'2014-08-06',0.00,623),(5598,'2014-06-03',0.00,623),(5600,'2012-12-16',1000.00,623),(5607,'2014-01-31',0.00,519),(5608,'2014-02-28',0.00,519),(5609,'2014-03-31',0.00,519),(5610,'2014-04-30',0.00,519),(5611,'2014-05-31',0.00,519),(5612,'2014-06-30',0.00,519),(5613,'2014-08-31',0.00,519),(5614,'2014-07-31',0.00,519),(5615,'2014-09-30',0.00,519),(5616,'2014-10-31',0.00,519),(5621,'2014-08-31',400.00,666),(5623,'2014-10-31',400.00,666),(5628,'2010-08-31',242.00,666),(5630,'2010-09-30',242.00,666),(5631,'2010-10-31',300.00,666),(5632,'2010-11-30',300.00,666),(5633,'2010-12-31',500.00,666),(5634,'2011-01-31',300.00,666),(5635,'2011-02-28',300.00,666),(5636,'2011-03-31',300.00,666),(5637,'2011-04-30',300.00,666),(5638,'2011-05-31',300.00,666),(5639,'2011-06-30',300.00,666),(5640,'2011-07-31',300.00,666),(5641,'2011-08-31',300.00,666),(5642,'2011-09-30',300.00,666),(5643,'2011-10-31',300.00,666),(5644,'2011-11-30',600.00,666),(5645,'2011-12-31',300.00,666),(5646,'2012-01-31',300.00,666),(5647,'2012-02-29',300.00,666),(5648,'2012-03-31',300.00,666),(5649,'2012-04-30',300.00,666),(5650,'2012-05-31',300.00,666),(5651,'2012-06-30',300.00,666),(5652,'2012-07-31',300.00,666),(5653,'2012-08-31',300.00,666),(5654,'2012-10-31',300.00,666),(5655,'2012-11-30',600.00,666),(5656,'2012-12-31',300.00,666),(5657,'2012-09-30',300.00,666),(5658,'2013-01-31',300.00,666),(5659,'2013-02-28',300.00,666),(5660,'2013-03-31',300.00,666),(5661,'2013-04-30',300.00,666),(5662,'2013-05-31',400.00,666),(5663,'2013-06-30',400.00,666),(5664,'2013-08-31',400.00,666),(5665,'2013-09-30',400.00,666),(5666,'2014-01-31',400.00,666),(5667,'2014-02-28',400.00,666),(5668,'2014-03-31',400.00,666),(5670,'2014-05-31',400.00,666),(5671,'2014-06-30',400.00,666),(5672,'2014-04-30',400.00,666),(5673,'2014-09-30',400.00,666),(5676,'2014-11-06',0.00,623),(5677,'2014-11-13',0.00,682),(5678,'2014-11-12',0.00,680),(5679,'2014-02-28',0.00,680),(5680,'2014-07-31',0.00,680),(5681,'2014-08-31',0.00,680),(5682,'2014-09-30',0.00,680),(5683,'2010-02-28',600.00,585),(5684,'2010-04-07',300.00,585),(5687,'2010-02-28',300.00,541),(5695,'2014-09-18',0.00,661),(5697,'2014-11-25',0.00,574),(5698,'2014-11-19',0.00,661),(5702,'2014-12-02',0.00,556),(5703,'2014-11-28',0.00,680),(5704,'2014-11-28',0.00,680),(5705,'2014-12-04',0.00,666),(5706,'2014-07-18',0.00,590),(5707,'2014-12-08',0.00,590),(5709,'2014-12-02',0.00,556),(5712,'2014-12-17',0.00,577),(5713,'2010-01-01',800.00,682),(5716,'2015-01-15',0.00,682),(5727,'2013-12-05',100.00,524),(5729,'2013-03-22',300.00,524),(5730,'2014-04-07',0.00,524),(5731,'2014-05-07',0.00,524),(5732,'2014-06-04',0.00,524),(5733,'2014-08-03',0.00,524),(5734,'2014-11-14',0.00,524),(5735,'2014-12-13',0.00,524),(5736,'2014-08-12',0.00,663),(5737,'2014-12-01',0.00,663),(5738,'2013-09-22',1000.00,556),(5739,'2014-01-06',400.00,582),(5740,'2014-09-09',0.00,582),(5741,'2014-11-04',0.00,582),(5742,'2014-11-27',0.00,582),(5743,'2015-01-14',0.00,661),(5744,'2014-01-09',400.00,661),(5745,'2014-01-16',400.00,661),(5746,'2014-03-25',0.00,661),(5747,'2014-07-16',0.00,661),(5748,'2014-05-17',0.00,661),(5749,'2014-12-06',0.00,661),(5750,'2014-03-14',400.00,582),(5751,'2014-05-25',800.00,582),(5752,'2014-06-18',0.00,568),(5753,'2014-10-03',0.00,568),(5754,'2014-05-05',0.00,579),(5755,'2014-04-16',0.00,579),(5756,'2014-06-16',0.00,579),(5759,'2014-07-07',0.00,579),(5760,'2014-08-15',0.00,579),(5761,'2014-11-28',0.00,579),(5762,'2014-12-02',0.00,680),(5763,'2010-02-02',300.00,687),(5764,'2010-03-02',300.00,687),(5765,'2010-04-02',300.00,687),(5766,'2010-05-02',242.00,687),(5767,'2010-06-02',242.00,687),(5768,'2010-07-02',242.00,687),(5769,'2010-08-02',242.00,687),(5772,'2010-11-02',300.00,687),(5773,'2010-12-02',500.00,687),(5774,'2009-12-02',800.00,687),(5775,'2009-12-01',800.00,680),(5776,'2010-09-02',242.00,687),(5777,'2011-01-02',300.00,687),(5778,'2011-02-02',300.00,687),(5779,'2011-03-02',300.00,687),(5780,'2011-04-02',300.00,687),(5781,'2011-05-02',300.00,687),(5782,'2011-06-02',300.00,687),(5783,'2011-07-02',300.00,687),(5784,'2011-08-02',300.00,687),(5785,'2011-09-02',300.00,687),(5786,'2011-10-02',300.00,687),(5787,'2012-01-02',300.00,687),(5788,'2012-02-02',300.00,687),(5790,'2012-06-02',300.00,687),(5791,'2012-04-02',300.00,687),(5792,'2012-03-02',300.00,687),(5793,'2012-05-02',300.00,687),(5794,'2011-11-02',600.00,687),(5795,'2011-12-02',300.00,687),(5796,'2012-07-02',300.00,687),(5797,'2010-10-02',300.00,687),(5798,'2012-08-02',300.00,687),(5799,'2012-09-02',300.00,687),(5800,'2012-10-02',300.00,687),(5801,'2012-11-02',600.00,687),(5802,'2012-12-02',300.00,687),(5803,'2013-01-02',300.00,687),(5804,'2013-02-02',300.00,687),(5805,'2013-03-02',300.00,687),(5806,'2013-04-02',300.00,687),(5807,'2013-05-02',400.00,687),(5808,'2013-06-02',400.00,687),(5809,'2013-07-02',400.00,687),(5810,'2013-08-02',400.00,687),(5811,'2013-09-02',400.00,687),(5815,'2011-10-02',300.00,524),(5818,'2009-12-31',800.00,524),(5819,'2015-01-26',0.00,582),(5821,'2009-12-31',800.00,582),(5822,'2012-11-29',600.00,558),(5823,'2013-06-04',400.00,558),(5824,'2014-06-10',0.00,558),(5825,'2014-10-16',0.00,558),(5826,'2014-11-21',0.00,558),(5829,'2015-02-09',0.00,579),(5830,'2014-04-10',0.00,574),(5831,'2014-05-21',0.00,574),(5832,'2014-06-19',0.00,574),(5834,'2014-09-18',0.00,574),(5835,'2014-10-22',0.00,574),(5836,'2014-02-19',1000.00,574),(5837,'2017-03-15',400.00,574),(5838,'2014-02-06',400.00,574),(5839,'2014-03-22',400.00,574),(5840,'2011-12-19',600.00,601),(5842,'2009-12-02',800.00,601),(5843,'2011-12-09',400.00,601),(5844,'2013-12-14',400.00,601),(5845,'2013-12-15',2700.00,601),(5846,'2013-12-13',2000.00,601),(5848,'2010-02-28',300.00,601),(5849,'2010-03-31',300.00,601),(5850,'2010-04-30',300.00,601),(5851,'2010-05-31',242.00,601),(5852,'2010-07-31',242.00,601),(5853,'2010-06-30',242.00,601),(5854,'2010-07-31',242.00,601),(5855,'2010-09-30',242.00,601),(5856,'2010-08-31',242.00,601),(5857,'2010-10-31',300.00,601),(5858,'2010-11-30',300.00,601),(5859,'2010-12-31',500.00,601),(5860,'2011-01-31',300.00,601),(5861,'2011-02-28',300.00,601),(5862,'2011-03-31',300.00,601),(5863,'2011-04-30',300.00,601),(5864,'2011-05-31',300.00,601),(5865,'2011-06-30',300.00,601),(5866,'2011-07-31',300.00,601),(5867,'2011-08-31',300.00,601),(5868,'2011-09-30',300.00,601),(5869,'2011-10-31',300.00,601),(5870,'2011-11-30',300.00,601),(5871,'2011-12-02',300.00,601),(5872,'2011-12-09',400.00,601),(5873,'2011-12-19',600.00,601),(5874,'2012-10-11',3300.00,601),(5875,'2012-12-13',1000.00,601),(5876,'2012-12-14',2000.00,601),(5877,'2013-12-13',2000.00,601),(5878,'2013-12-14',400.00,601),(5879,'2013-12-15',2700.00,601),(5881,'2015-01-21',0.00,558),(5882,'2015-02-19',0.00,558),(5883,'2015-01-02',0.00,568),(5884,'2015-01-22',0.00,568),(5885,'2009-12-31',800.00,568),(5886,'2015-02-19',0.00,574),(5889,'2013-11-09',5000.00,590),(5890,'2014-06-25',0.00,592),(5892,'2014-02-04',2900.00,634),(5893,'2010-02-02',300.00,673),(5894,'2010-03-31',300.00,673),(5895,'2010-04-30',300.00,673),(5896,'2010-05-31',242.00,673),(5897,'2010-06-30',242.00,673),(5898,'2010-07-31',242.00,673),(5899,'2010-08-31',242.00,673),(5900,'2010-09-30',242.00,673),(5901,'2010-10-30',290.00,673),(5902,'2009-12-30',800.00,673),(5904,'2015-02-25',0.00,687),(5905,'2015-03-05',0.00,590),(5906,'2015-03-03',0.00,558),(5907,'2015-02-25',0.00,601),(5908,'2014-01-31',800.00,558),(5909,'2009-12-31',800.00,637),(5910,'2010-02-25',300.00,637),(5911,'2010-03-25',300.00,637),(5912,'2010-05-02',300.00,637),(5913,'2010-05-15',242.00,637),(5914,'2010-07-20',242.00,637),(5915,'2010-07-20',242.00,637),(5916,'2010-11-03',242.00,637),(5917,'2011-03-02',242.00,637),(5918,'2011-03-02',300.00,637),(5919,'2011-03-02',300.00,637),(5920,'2011-03-02',300.00,637),(5922,'2015-02-26',0.00,661),(5923,'2012-03-31',300.00,640),(5924,'2013-01-09',400.00,640),(5925,'2014-12-26',0.00,640),(5927,'2012-10-06',600.00,524),(5929,'2012-12-15',900.00,524),(5930,'2015-03-15',0.00,524),(5931,'2015-03-03',0.00,556),(5932,'2015-01-14',0.00,574),(5933,'2014-01-16',400.00,660),(5935,'2014-07-17',0.00,660),(5936,'2014-05-19',0.00,660),(5938,'2014-03-26',0.00,660),(5939,'2014-09-19',0.00,660),(5940,'2017-06-01',0.00,660),(5941,'2014-12-09',0.00,660),(5942,'2017-06-01',0.00,660),(5944,'2013-09-30',400.00,660),(5945,'2013-09-26',400.00,660),(5946,'2013-07-18',400.00,660),(5947,'2011-12-09',400.00,660),(5948,'2012-12-11',1000.00,660),(5949,'2009-12-30',400.00,660),(5950,'2015-03-26',0.00,558),(5951,'2014-11-10',0.00,541),(5952,'2014-12-23',0.00,541),(5953,'2014-02-26',0.00,541),(5954,'2014-08-06',0.00,541),(5955,'2014-09-03',0.00,541),(5956,'2015-01-30',0.00,541),(5957,'2015-03-09',0.00,541),(5958,'2009-12-31',800.00,541),(5960,'2013-08-21',1000.00,653),(5961,'2013-08-07',400.00,653),(5962,'2014-04-08',0.00,653),(5963,'2014-04-28',0.00,653),(5966,'2014-05-02',400.00,653),(5967,'2014-06-09',0.00,653),(5968,'2014-07-15',0.00,653),(5969,'2014-07-07',0.00,653),(5970,'2009-12-31',800.00,653),(5971,'2014-10-14',0.00,653),(5972,'2014-04-05',0.00,541),(5973,'2014-05-13',0.00,541),(5974,'2014-06-03',0.00,541),(5975,'2014-08-20',0.00,653),(5976,'2015-04-21',0.00,682),(5978,'2015-04-14',0.00,637),(5979,'2015-04-06',0.00,513),(5980,'2015-03-31',0.00,524),(5982,'2015-01-05',0.00,680),(5984,'2015-02-10',0.00,680),(5985,'2015-04-06',0.00,680),(5986,'2010-05-31',10000.00,629),(5987,'2013-11-26',1500.00,629),(5990,'2014-03-26',0.00,599),(5991,'2014-05-02',0.00,606),(5992,'2014-05-20',0.00,639),(5993,'2014-04-07',0.00,656),(5994,'2014-04-08',0.00,566),(5995,'2014-07-07',0.00,541),(5996,'2014-07-21',0.00,566),(5997,'2014-06-25',0.00,585),(5998,'2014-06-04',0.00,566),(5999,'2014-03-21',0.00,585),(6000,'2014-02-21',3000.00,537),(6001,'2014-11-06',270.00,665),(6002,'2013-11-22',700.00,665),(6003,'2009-12-30',900.00,676),(6007,'2015-05-12',0.00,682),(6008,'2015-05-12',0.00,676),(6009,'2015-04-29',0.00,511),(6010,'2014-03-21',0.00,639),(6011,'2015-04-27',0.00,639),(6012,'2015-04-30',0.00,524),(6013,'2010-06-30',242.00,592),(6014,'2010-07-31',242.00,592),(6015,'2010-08-31',242.00,592),(6017,'2010-09-30',242.00,592),(6018,'2010-10-31',274.00,592),(6019,'2010-12-31',500.00,592),(6020,'2011-01-31',300.00,592),(6021,'2011-02-28',300.00,592),(6022,'2011-03-31',300.00,592),(6023,'2011-04-30',300.00,592),(6024,'2011-05-31',300.00,592),(6025,'2011-06-30',300.00,592),(6026,'2011-07-31',300.00,592),(6027,'2011-08-31',300.00,592),(6028,'2011-09-30',300.00,592),(6029,'2011-11-30',600.00,592),(6030,'2011-10-31',300.00,592),(6032,'2011-12-31',300.00,592),(6033,'2012-01-31',300.00,592),(6034,'2012-02-29',300.00,592),(6035,'2012-03-31',300.00,592),(6036,'2012-04-30',300.00,592),(6037,'2012-05-31',300.00,592),(6038,'2012-06-30',300.00,592),(6039,'2012-08-31',300.00,592),(6040,'2012-07-31',300.00,592),(6041,'2012-09-30',300.00,592),(6042,'2012-10-31',300.00,592),(6043,'2012-11-30',600.00,592),(6044,'2009-12-31',1600.00,592),(6046,'2011-12-10',100.00,592),(6047,'2014-02-20',0.00,592),(6048,'2010-05-31',252.00,592),(6049,'2013-03-25',1142.00,573),(6050,'2013-08-09',968.00,573),(6051,'2013-11-05',1200.00,573),(6052,'2009-12-31',800.00,573),(6053,'2014-03-17',0.00,650),(6054,'2014-05-26',0.00,650),(6055,'2014-07-21',0.00,650),(6056,'2014-11-06',0.00,650),(6057,'2014-12-05',0.00,650),(6058,'2015-02-19',0.00,650),(6059,'2015-02-19',0.00,650),(6060,'2015-02-19',0.00,650),(6061,'2009-12-31',800.00,650),(6062,'2015-03-16',0.00,673),(6063,'2015-03-23',0.00,579),(6064,'2015-05-19',0.00,511),(6065,'2013-11-13',400.00,514),(6066,'2012-03-16',400.00,514),(6067,'2015-02-20',0.00,514),(6070,'2009-12-31',800.00,554),(6071,'2015-06-04',0.00,682),(6072,'2015-03-01',0.00,568),(6074,'2015-06-05',0.00,592),(6077,'2009-12-31',800.00,519),(6079,'2014-01-30',1000.00,519),(6080,'2011-05-03',400.00,519),(6082,'2015-06-16',0.00,519),(6083,'2015-06-10',0.00,639),(6084,'2015-06-03',0.00,579),(6085,'2009-12-31',800.00,635),(6086,'2014-09-18',0.00,635),(6087,'2014-11-15',0.00,635),(6088,'2015-06-15',0.00,514),(6089,'2015-06-15',0.00,514),(6090,'2009-12-31',800.00,514),(6092,'2014-12-05',0.00,643),(6093,'2015-01-08',0.00,643),(6094,'2015-02-12',0.00,643),(6095,'2015-03-05',0.00,643),(6097,'2015-04-11',0.00,643),(6098,'2015-05-02',0.00,643),(6099,'2015-06-04',0.00,643),(6100,'2014-11-27',0.00,643),(6101,'2014-11-11',0.00,643),(6102,'2013-12-13',400.00,643),(6104,'2014-01-26',400.00,643),(6105,'2009-12-31',800.00,643),(6107,'2015-04-15',0.00,566),(6108,'2015-03-10',0.00,566),(6109,'2014-11-24',0.00,566),(6110,'2014-08-12',0.00,566),(6111,'2014-09-22',0.00,566),(6112,'2009-12-31',800.00,566),(6113,'2015-03-23',0.00,663),(6114,'2015-06-19',0.00,663),(6115,'2009-12-31',800.00,663),(6116,'2015-03-27',0.00,643),(6117,'2009-12-31',500.00,630),(6118,'2014-12-16',0.00,630),(6119,'2014-12-16',0.00,630),(6120,'2014-01-08',400.00,599),(6121,'2014-02-02',1400.00,599),(6122,'2015-01-02',0.00,599),(6123,'2015-01-02',0.00,599),(6124,'2015-02-06',0.00,599),(6125,'2015-04-16',0.00,599),(6126,'2009-12-31',300.00,599),(6127,'2014-04-16',0.00,599),(6128,'2014-05-12',0.00,599),(6129,'2014-06-25',0.00,599),(6130,'2014-08-13',0.00,599),(6131,'2014-03-14',0.00,599),(6133,'2010-05-02',242.00,585),(6134,'2010-07-02',242.00,585),(6135,'2010-08-19',242.00,585),(6136,'2010-09-02',242.00,585),(6137,'2010-10-06',300.00,585),(6138,'2010-11-17',300.00,585),(6139,'2010-12-04',600.00,585),(6140,'2011-03-02',600.00,585),(6141,'2011-04-07',300.00,585),(6142,'2011-06-14',600.00,585),(6143,'2011-07-04',300.00,585),(6144,'2011-08-06',300.00,585),(6145,'2011-09-03',300.00,585),(6146,'2011-10-10',300.00,585),(6147,'2011-11-02',600.00,585),(6148,'2011-12-09',300.00,585),(6149,'2012-01-13',400.00,585),(6150,'2012-01-13',900.00,585),(6151,'2012-04-02',300.00,585),(6152,'2012-05-02',300.00,585),(6153,'2012-06-25',300.00,585),(6154,'2012-07-04',300.00,585),(6155,'2012-09-18',600.00,585),(6156,'2012-09-29',300.00,585),(6157,'2012-11-04',600.00,585),(6158,'2012-12-13',300.00,585),(6159,'2013-08-29',2000.00,585),(6160,'2013-01-31',300.00,585),(6161,'2013-02-28',300.00,585),(6162,'2013-03-30',300.00,585),(6163,'2013-04-30',300.00,585),(6164,'2013-05-31',300.00,585),(6165,'2013-07-03',1800.00,585),(6166,'2013-07-31',400.00,585),(6167,'2013-08-29',800.00,585),(6168,'2013-09-28',400.00,585),(6169,'2013-11-04',700.00,585),(6170,'2013-10-30',400.00,585),(6171,'2014-11-17',0.00,585),(6172,'2014-12-03',0.00,585),(6173,'2015-02-02',0.00,585),(6174,'2015-06-23',0.00,585),(6175,'2015-07-03',0.00,554),(6176,'2015-06-24',0.00,629),(6177,'2014-10-08',0.00,606),(6178,'2014-11-19',0.00,606),(6179,'2015-06-15',0.00,606),(6180,'2015-07-13',0.00,606),(6181,'2015-07-14',0.00,606),(6182,'2015-07-08',0.00,577),(6183,'2015-07-13',0.00,524),(6184,'2015-07-16',0.00,574),(6185,'2015-07-27',0.00,556),(6186,'2015-06-23',0.00,661),(6187,'2015-06-23',0.00,568),(6188,'2015-06-23',0.00,568),(6189,'2015-07-23',0.00,566),(6190,'2015-07-16',0.00,673),(6191,'2009-12-31',800.00,570),(6192,'2013-07-18',300.00,570),(6193,'2013-10-08',300.00,570),(6194,'2013-11-06',600.00,570),(6195,'2014-11-04',0.00,570),(6196,'2014-12-16',0.00,570),(6197,'2015-01-04',0.00,570),(6198,'2015-03-04',0.00,570),(6199,'2015-04-08',0.00,570),(6200,'2015-05-13',0.00,570),(6201,'2015-06-10',0.00,570),(6202,'2015-07-16',0.00,570),(6203,'2014-02-06',0.00,570),(6204,'2014-02-05',0.00,570),(6205,'2015-07-19',0.00,634),(6206,'2015-08-01',0.00,682),(6208,'2015-07-09',0.00,519),(6209,'2015-08-05',0.00,579),(6210,'2013-02-19',400.00,647),(6211,'2012-12-04',2800.00,647),(6212,'2012-12-11',300.00,647),(6213,'2013-04-24',300.00,647),(6214,'2013-07-25',400.00,647),(6215,'2014-12-10',0.00,647),(6216,'2015-02-19',0.00,647),(6217,'2015-03-03',0.00,647),(6218,'2015-03-17',0.00,647),(6219,'2015-04-24',0.00,647),(6220,'2015-05-21',0.00,647),(6221,'2013-11-14',3000.00,647),(6222,'2016-04-25',0.00,582),(6223,'2015-06-02',0.00,582),(6224,'2015-07-21',0.00,582),(6225,'2015-02-26',0.00,630),(6226,'2015-06-08',0.00,630),(6227,'2015-04-20',0.00,653),(6228,'2012-01-13',400.00,533),(6229,'2009-12-31',800.00,604),(6230,'2015-07-13',0.00,558),(6231,'2015-08-24',0.00,558),(6235,'2012-10-15',400.00,526),(6236,'2013-07-09',1000.00,526),(6238,'2015-04-15',0.00,688),(6239,'2015-03-29',0.00,541),(6240,'2015-05-02',0.00,541),(6241,'2015-06-02',0.00,541),(6242,'2015-07-03',0.00,541),(6243,'2009-12-31',800.00,558),(6244,'2015-08-05',0.00,558),(6245,'2014-05-20',0.00,634),(6246,'2015-01-07',0.00,623),(6247,'2015-09-02',0.00,663),(6248,'2013-06-07',1000.00,662),(6249,'2012-08-25',400.00,662),(6250,'2009-12-31',800.00,662),(6251,'2013-12-30',5000.00,670),(6252,'2015-08-24',0.00,590),(6253,'2015-06-05',0.00,676),(6254,'2015-08-04',0.00,676),(6255,'2015-09-07',0.00,676),(6256,'2015-09-07',0.00,676),(6257,'2014-06-17',0.00,676),(6259,'2010-07-02',116.00,668),(6260,'2014-06-25',0.00,668),(6261,'2009-12-31',626.00,668),(6262,'2015-09-14',0.00,592),(6263,'2013-01-31',300.00,647),(6264,'2009-12-31',800.00,623),(6266,'2015-07-16',0.00,680),(6267,'2015-09-04',0.00,680),(6268,'2015-10-01',0.00,680),(6269,'2015-08-24',0.00,653),(6270,'2015-08-25',0.00,653),(6271,'2015-06-10',0.00,606),(6272,'2015-09-11',0.00,606),(6273,'2015-09-07',0.00,661),(6274,'2015-08-26',0.00,661),(6275,'2015-08-24',0.00,579),(6276,'2015-10-05',0.00,590),(6277,'2015-09-08',0.00,585),(6278,'2015-10-02',0.00,585),(6279,'2015-07-27',0.00,637),(6280,'2015-10-13',0.00,592),(6281,'2015-10-13',0.00,635),(6282,'2015-10-13',0.00,635),(6283,'2015-06-25',0.00,650),(6284,'2015-09-02',0.00,650),(6285,'2015-09-02',0.00,650),(6286,'2015-06-25',0.00,650),(6287,'2015-10-19',0.00,653),(6289,'2015-10-20',0.00,558),(6290,'2015-07-02',0.00,643),(6291,'2015-08-05',0.00,643),(6292,'2015-09-02',0.00,643),(6293,'2015-10-15',0.00,643),(6294,'2015-08-25',0.00,643),(6295,'2015-08-05',0.00,524),(6296,'2015-08-13',0.00,570),(6297,'2015-09-03',0.00,570),(6298,'2015-10-06',0.00,570),(6299,'2015-10-20',0.00,662),(6300,'2015-09-24',0.00,573),(6302,'2015-09-01',0.00,556),(6303,'2015-11-02',0.00,634),(6304,'2015-11-03',0.00,682),(6305,'2015-11-08',0.00,680),(6307,'2015-11-08',0.00,592),(6308,'2015-10-01',0.00,650),(6309,'2015-08-02',0.00,637),(6310,'2015-09-02',0.00,637),(6311,'2015-10-01',0.00,556),(6312,'2015-11-04',0.00,556),(6314,'2015-03-01',0.00,666),(6323,'2009-12-31',800.00,666),(6324,'2013-11-02',400.00,666),(6325,'2011-11-28',400.00,666),(6326,'2013-03-01',400.00,666),(6327,'2015-02-19',0.00,666),(6328,'2015-04-01',0.00,666),(6329,'2015-04-01',0.00,666),(6330,'2015-05-01',0.00,666),(6331,'2015-06-01',0.00,666),(6332,'2015-06-01',0.00,666),(6333,'2015-07-01',0.00,666),(6334,'2015-08-01',0.00,666),(6335,'2015-09-01',0.00,666),(6336,'2015-10-01',0.00,666),(6337,'2015-11-01',0.00,666),(6338,'2015-12-01',0.00,666),(6340,'2014-09-26',0.00,665),(6341,'2014-09-01',0.00,665),(6342,'2014-05-21',0.00,665),(6343,'2014-06-17',0.00,665),(6344,'2015-02-20',0.00,665),(6345,'2015-11-14',0.00,682),(6348,'2015-11-14',0.00,558),(6349,'2010-12-01',500.00,558),(6350,'2015-09-04',0.00,666),(6351,'2015-11-17',0.00,666),(6352,'2015-11-20',0.00,637),(6353,'2015-11-09',0.00,680),(6354,'2015-09-11',0.00,519),(6355,'2015-11-07',0.00,585),(6356,'2015-11-30',0.00,585),(6357,'2011-12-16',400.00,537),(6358,'2013-12-17',400.00,537),(6359,'2009-12-31',800.00,537),(6360,'2014-12-19',0.00,537),(6361,'2015-03-10',0.00,537),(6362,'2015-07-15',0.00,537),(6363,'2015-09-23',0.00,537),(6364,'2015-09-30',0.00,537),(6365,'2015-11-10',0.00,579),(6366,'2015-10-19',0.00,661),(6367,'2015-11-12',0.00,661),(6368,'2015-11-17',0.00,590),(6369,'2015-11-17',0.00,590),(6370,'2015-12-04',0.00,590),(6371,'2015-08-02',0.00,673),(6372,'2015-09-02',0.00,673),(6373,'2015-10-02',0.00,673),(6374,'2015-10-02',0.00,673),(6375,'2015-11-02',0.00,673),(6376,'2015-12-02',0.00,673),(6377,'2015-12-14',0.00,592),(6378,'2015-11-16',0.00,605),(6379,'2015-11-10',0.00,650),(6380,'2015-12-10',0.00,650),(6381,'2015-12-16',0.00,650),(6382,'2015-11-10',0.00,643),(6383,'2015-11-10',0.00,643),(6384,'2015-12-04',0.00,643),(6385,'2015-11-11',0.00,570),(6386,'2015-12-10',0.00,570),(6388,'2015-12-09',0.00,666),(6390,'2015-11-18',0.00,541),(6391,'2015-11-02',0.00,541),(6392,'2015-09-22',0.00,541),(6393,'2015-12-16',0.00,541),(6394,'2015-11-10',0.00,663),(6395,'2015-11-19',0.00,640),(6396,'2015-05-12',0.00,640),(6397,'2014-03-06',0.00,640),(6398,'2015-12-01',0.00,521),(6399,'2015-12-11',0.00,571),(6400,'2015-11-23',0.00,665),(6403,'2015-12-02',0.00,519),(6404,'2015-12-14',0.00,519),(6405,'2015-10-02',0.00,676),(6406,'2015-12-15',0.00,676),(6407,'2015-12-15',0.00,676),(6408,'2015-12-15',0.00,676),(6409,'2015-12-15',0.00,676),(6410,'2015-12-16',0.00,605),(6411,'2015-12-18',0.00,680),(6412,'2014-08-21',0.00,537),(6413,'2016-01-08',0.00,680),(6414,'2015-12-18',0.00,680),(6418,'2015-10-26',0.00,566),(6419,'2016-01-11',0.00,592),(6420,'2016-01-11',0.00,585),(6421,'2016-01-11',0.00,585),(6422,'2016-01-11',0.00,585),(6423,'2016-01-08',0.00,676),(6424,'2016-01-05',0.00,676),(6426,'2016-01-20',0.00,650),(6428,'2015-12-30',0.00,643),(6429,'2015-12-10',0.00,643),(6430,'2016-01-05',0.00,643),(6431,'2016-01-05',0.00,643),(6432,'2016-01-13',0.00,573),(6434,'2016-01-13',0.00,541),(6435,'2014-12-02',0.00,541),(6436,'2015-08-03',0.00,541),(6437,'2016-01-13',0.00,541),(6438,'2015-09-03',0.00,568),(6439,'2016-01-18',0.00,688),(6440,'2015-05-22',0.00,514),(6441,'2016-01-18',0.00,529),(6442,'2016-01-11',0.00,663),(6443,'2016-01-21',0.00,592),(6444,'2015-09-30',0.00,577),(6445,'2015-12-16',0.00,653),(6447,'2015-07-27',0.00,639),(6448,'2015-08-02',0.00,639),(6449,'2015-09-02',0.00,639),(6450,'2015-12-17',0.00,533),(6451,'2016-02-02',0.00,539),(6452,'2016-02-02',0.00,584),(6453,'2016-02-02',0.00,682),(6454,'2016-02-01',0.00,676),(6455,'2015-11-02',0.00,566),(6456,'2016-01-13',0.00,566),(6457,'2014-12-02',0.00,656),(6458,'2014-12-09',0.00,656),(6459,'2015-12-01',0.00,656),(6460,'2016-01-01',0.00,656),(6461,'2016-02-01',0.00,656),(6462,'2016-03-01',0.00,656),(6463,'2015-04-21',0.00,658),(6464,'2015-11-13',0.00,541),(6466,'2014-07-15',0.00,668),(6467,'2016-02-16',0.00,585),(6468,'2016-02-04',0.00,585),(6469,'2016-02-04',0.00,585),(6470,'2015-04-15',0.00,656),(6472,'2014-12-17',0.00,668),(6473,'2014-02-02',400.00,665),(6474,'2015-12-30',0.00,665),(6475,'2015-11-23',0.00,665),(6476,'2015-12-28',0.00,665),(6478,'2015-12-16',0.00,558),(6479,'2016-01-22',0.00,558),(6480,'2016-02-17',0.00,558),(6482,'2016-02-17',0.00,558),(6483,'2015-09-23',0.00,630),(6484,'2015-11-10',0.00,630),(6485,'2015-12-11',0.00,568),(6486,'2015-12-11',0.00,568),(6487,'2010-04-20',900.00,661),(6488,'2010-05-02',242.00,661),(6489,'2010-06-21',242.00,661),(6490,'2010-07-14',242.00,661),(6491,'2010-08-04',242.00,661),(6492,'2010-09-06',242.00,661),(6493,'2010-10-06',242.00,661),(6494,'2010-11-15',300.00,661),(6495,'2010-12-07',500.00,661),(6496,'2011-01-24',300.00,661),(6497,'2011-02-07',300.00,661),(6498,'2011-03-19',300.00,661),(6499,'2011-04-02',300.00,661),(6500,'2011-05-19',300.00,661),(6501,'2011-06-14',300.00,661),(6502,'2011-07-04',300.00,661),(6503,'2011-08-09',300.00,661),(6504,'2011-09-02',300.00,661),(6505,'2011-10-28',300.00,661),(6506,'2011-11-07',600.00,661),(6507,'2011-12-07',300.00,661),(6508,'2011-12-09',400.00,661),(6509,'2011-12-10',300.00,661),(6510,'2012-02-07',300.00,661),(6511,'2012-03-05',300.00,661),(6512,'2012-04-09',300.00,661),(6513,'2012-05-09',300.00,661),(6514,'2012-06-02',300.00,661),(6515,'2012-06-02',300.00,661),(6516,'2012-08-04',300.00,661),(6517,'2012-09-18',300.00,661),(6518,'2012-10-09',300.00,661),(6519,'2012-11-14',600.00,661),(6520,'2012-12-11',1300.00,661),(6521,'2013-01-07',300.00,661),(6522,'2013-01-24',300.00,661),(6523,'2013-03-12',300.00,661),(6524,'2013-04-03',300.00,661),(6525,'2013-05-06',400.00,661),(6526,'2013-05-31',400.00,661),(6527,'2013-07-18',400.00,661),(6528,'2013-07-05',400.00,661),(6529,'2013-08-02',400.00,661),(6530,'2013-09-26',1200.00,661),(6531,'2012-11-30',700.00,661),(6532,'2013-12-07',400.00,661),(6533,'2013-11-11',10000.00,661),(6534,'2016-01-02',0.00,661),(6535,'2009-12-31',800.00,661),(6536,'2016-02-29',0.00,605),(6537,'2016-01-02',0.00,666),(6538,'2016-03-03',0.00,585),(6539,'2015-10-02',0.00,577),(6540,'2016-02-29',0.00,665),(6541,'2015-11-11',0.00,665),(6542,'2015-11-02',0.00,577),(6543,'2015-11-30',0.00,640),(6544,'2015-12-02',0.00,640),(6545,'2016-01-02',0.00,640),(6546,'2016-02-02',0.00,640),(6547,'2016-03-11',0.00,571),(6549,'2010-02-02',300.00,542),(6550,'2010-03-02',300.00,542),(6551,'2011-12-10',400.00,542),(6552,'2013-10-31',400.00,542),(6553,'2013-10-01',1000.00,542),(6554,'2014-02-28',400.00,542),(6555,'2009-12-31',800.00,542),(6556,'2016-03-16',0.00,511),(6557,'2016-03-02',0.00,676),(6558,'2016-03-02',0.00,558),(6559,'2016-02-02',0.00,643),(6560,'2016-02-02',0.00,643),(6561,'2016-03-04',0.00,643),(6562,'2016-02-02',0.00,541),(6563,'2016-03-19',0.00,558),(6564,'2016-02-03',0.00,568),(6565,'2015-10-03',0.00,568),(6566,'2016-01-02',0.00,568),(6568,'2016-02-04',0.00,570),(6569,'2016-01-05',0.00,570),(6570,'2016-02-13',0.00,637),(6571,'2016-02-16',0.00,584),(6572,'2016-03-02',0.00,584),(6573,'2016-03-10',0.00,556),(6574,'2011-12-05',2400.00,658),(6575,'2011-12-14',400.00,658),(6576,'2012-09-11',300.00,658),(6577,'2012-11-27',600.00,658),(6578,'2012-12-14',300.00,658),(6579,'2013-02-01',300.00,658),(6580,'2013-02-19',600.00,658),(6581,'2013-07-22',700.00,658),(6582,'2014-07-05',0.00,658),(6583,'2015-08-04',0.00,658),(6584,'2015-08-05',0.00,658),(6585,'2015-11-09',0.00,658),(6586,'2015-11-10',0.00,658),(6587,'2015-12-29',0.00,658),(6588,'2015-12-29',0.00,658),(6589,'2013-10-24',1200.00,544),(6590,'2013-09-24',500.00,544),(6591,'2013-09-13',3684.00,544),(6592,'2014-08-31',0.00,544),(6593,'2014-09-30',0.00,544),(6594,'2014-10-30',0.00,544),(6595,'2014-11-30',0.00,544),(6596,'2016-03-31',0.00,590),(6597,'2016-04-04',0.00,585),(6598,'2016-04-05',0.00,623),(6600,'2015-09-02',0.00,524),(6601,'2015-10-02',0.00,524),(6602,'2015-11-02',0.00,524),(6603,'2015-12-02',0.00,524),(6604,'2016-03-02',0.00,524),(6605,'2016-03-09',0.00,570),(6607,'2016-03-07',0.00,541),(6610,'2016-03-18',0.00,568),(6611,'2016-03-18',0.00,568),(6612,'2016-04-01',0.00,568),(6613,'2016-03-10',0.00,637),(6614,'2016-04-24',0.00,524),(6617,'2016-04-13',0.00,571),(6618,'2016-04-27',0.00,680),(6619,'2016-04-26',0.00,558),(6620,'2016-04-28',0.00,511),(6621,'2016-04-14',0.00,566),(6622,'2016-04-22',0.00,579),(6623,'2016-04-20',0.00,666),(6624,'2016-02-01',0.00,519),(6625,'2016-03-10',0.00,665),(6626,'2016-03-10',0.00,665),(6627,'2016-03-10',0.00,665),(6628,'2016-03-22',0.00,665),(6629,'2014-11-04',0.00,607),(6646,'2016-05-10',0.00,585),(6647,'2016-04-05',0.00,541),(6648,'2016-05-02',0.00,541),(6649,'2016-05-06',0.00,570),(6650,'2015-12-02',0.00,634),(6651,'2016-03-28',0.00,634),(6652,'2016-04-02',0.00,634),(6653,'2016-05-02',0.00,634),(6654,'2016-02-02',0.00,661),(6655,'2016-02-02',0.00,661),(6656,'2016-03-16',0.00,661),(6657,'2016-02-29',0.00,661),(6658,'2016-04-22',0.00,661),(6659,'2016-05-17',0.00,558),(6661,'2016-05-17',0.00,558),(6663,'2015-12-02',0.00,577),(6665,'2016-06-01',0.00,571),(6666,'2016-06-01',0.00,571),(6667,'2016-06-15',0.00,682),(6668,'2016-06-03',0.00,541),(6669,'2016-06-03',0.00,541),(6670,'2016-06-02',0.00,558),(6671,'2016-04-04',0.00,653),(6672,'2016-11-02',0.00,601),(6673,'2015-04-02',0.00,601),(6674,'2015-05-02',0.00,601),(6675,'2015-06-02',0.00,601),(6676,'2015-07-02',0.00,601),(6678,'2016-06-23',0.00,558),(6679,'2016-06-23',0.00,558),(6680,'2016-05-02',0.00,666),(6681,'2016-06-02',0.00,666),(6682,'2016-03-29',0.00,630),(6683,'2016-04-28',0.00,668),(6686,'2015-11-13',0.00,668),(6701,'2014-01-02',0.00,668),(6706,'2013-03-16',0.00,668),(6708,'2013-03-16',13200.00,668),(6709,'2016-04-02',0.00,656),(6710,'2016-05-02',0.00,656),(6711,'2016-06-02',0.00,656),(6712,'2015-12-17',0.00,541),(6713,'2016-05-10',0.00,633),(6714,'2015-10-13',0.00,633),(6715,'2015-06-10',0.00,633),(6716,'2015-03-09',0.00,633),(6717,'2016-04-28',0.00,592),(6718,'2015-03-02',0.00,687),(6719,'2015-04-02',0.00,687),(6720,'2013-10-02',0.00,687),(6721,'2013-11-02',0.00,687),(6722,'2013-12-02',0.00,687),(6723,'2014-01-02',0.00,687),(6724,'2016-01-22',0.00,633),(6725,'2016-02-02',0.00,688),(6726,'2016-04-11',0.00,640),(6727,'2016-05-02',0.00,640),(6728,'2016-07-06',0.00,541),(6729,'2016-07-06',0.00,541),(6730,'2016-07-12',0.00,541),(6731,'2016-05-18',0.00,661),(6732,'2015-11-27',0.00,661),(6734,'2016-06-27',0.00,579),(6735,'2016-06-16',0.00,556),(6736,'2016-07-19',0.00,558),(6737,'2016-07-19',0.00,558),(6738,'2016-05-02',0.00,668),(6740,'2015-12-02',0.00,668),(6741,'2014-08-02',0.00,668),(6742,'2014-09-02',0.00,668),(6743,'2014-10-02',0.00,668),(6744,'2014-11-02',0.00,668),(6745,'2015-01-02',0.00,668),(6746,'2013-04-02',0.00,668),(6749,'2016-06-29',0.00,668),(6750,'2016-07-19',0.00,585),(6752,'2015-12-02',0.00,661),(6753,'2016-06-06',0.00,570),(6755,'2016-06-22',0.00,673),(6756,'2016-04-02',0.00,643),(6757,'2016-08-10',0.00,643),(6760,'2016-09-12',0.00,643),(6761,'2016-08-08',0.00,643),(6763,'2016-07-26',0.00,650),(6765,'2016-06-22',0.00,658),(6766,'2016-06-03',0.00,585),(6767,'2016-06-03',0.00,585),(6768,'2016-01-15',0.00,537),(6769,'2016-07-07',0.00,637),(6770,'2016-05-05',0.00,637),(6771,'2016-06-07',0.00,637),(6772,'2016-04-04',0.00,637),(6773,'2016-04-08',0.00,570),(6774,'2013-12-11',300.00,570),(6775,'2014-01-10',300.00,570),(6776,'2014-06-05',0.00,570),(6777,'2014-04-09',0.00,570),(6778,'2014-07-14',0.00,570),(6779,'2014-08-11',0.00,570),(6781,'2016-01-05',0.00,570),(6783,'2013-08-09',1000.00,570),(6784,'2011-01-12',300.00,570),(6785,'2011-07-22',300.00,570),(6786,'2010-12-10',300.00,570),(6787,'2013-08-24',400.00,570),(6788,'2016-08-04',0.00,541),(6789,'2016-08-04',0.00,541),(6790,'2016-08-07',0.00,682),(6791,'2016-03-02',0.00,519),(6792,'2016-01-02',0.00,519),(6795,'2016-07-29',0.00,585),(6796,'2016-08-02',3742.00,585),(6797,'2016-07-06',0.00,566),(6798,'2016-08-17',0.00,558),(6799,'2016-07-06',0.00,676),(6800,'2016-08-18',0.00,590),(6801,'2015-03-02',0.00,650),(6802,'2016-08-23',0.00,511),(6803,'2016-06-29',0.00,653),(6804,'2016-07-21',0.00,653),(6805,'2016-02-02',0.00,592),(6806,'2016-03-02',0.00,592),(6807,'2016-08-23',0.00,592),(6808,'2016-09-02',0.00,623),(6812,'2016-08-31',0.00,524),(6814,'2016-09-06',0.00,541),(6815,'2016-09-21',0.00,558),(6816,'2016-10-03',0.00,590),(6817,'2016-09-09',0.00,663),(6819,'2016-05-10',0.00,568),(6820,'2016-05-10',0.00,568),(6821,'2016-05-10',0.00,568),(6822,'2016-10-10',0.00,541),(6823,'2016-08-09',0.00,637),(6824,'2016-08-17',0.00,573),(6825,'2016-07-14',0.00,570),(6826,'2016-08-05',0.00,570),(6827,'2016-09-13',0.00,570),(6828,'2016-05-10',0.00,568),(6829,'2016-06-02',0.00,568),(6830,'2016-07-02',0.00,568),(6831,'2016-08-02',0.00,568),(6832,'2016-09-02',0.00,568),(6833,'2016-10-02',0.00,568),(6834,'2016-09-05',0.00,585),(6835,'2017-02-20',0.00,554),(6836,'2016-08-23',0.00,653),(6837,'2016-10-17',0.00,605),(6838,'2016-08-18',0.00,670),(6839,'2016-10-17',0.00,619),(6840,'2013-09-02',7100.00,629),(6841,'2016-07-02',0.00,666),(6842,'2016-08-02',0.00,666),(6843,'2016-09-02',0.00,666),(6844,'2016-10-02',0.00,666),(6845,'2016-08-23',0.00,680),(6846,'2010-02-02',0.00,636),(6847,'2016-08-02',0.00,680),(6848,'2016-10-04',0.00,680),(6849,'2016-08-30',0.00,556),(6850,'2016-05-31',0.00,537),(6851,'2016-09-30',0.00,537),(6852,'2016-07-02',0.00,656),(6853,'2016-09-06',0.00,579),(6854,'2016-08-23',0.00,687),(6855,'2016-09-02',0.00,687),(6856,'2016-08-18',0.00,584),(6857,'2010-02-02',0.00,527),(6858,'2016-08-23',0.00,676),(6859,'2016-09-12',0.00,676),(6860,'2016-08-09',0.00,640),(6862,'2016-08-09',0.00,640),(6863,'2015-03-20',0.00,574),(6864,'2015-04-21',0.00,574),(6865,'2015-05-15',0.00,574),(6866,'2015-06-19',0.00,574),(6867,'2015-07-23',0.00,574),(6868,'2015-08-20',0.00,574),(6869,'2015-09-18',0.00,574),(6870,'2015-10-20',0.00,574),(6871,'2015-11-18',0.00,574),(6872,'2015-12-18',0.00,574),(6873,'2016-01-20',0.00,574),(6874,'2016-03-22',0.00,574),(6875,'2016-03-02',0.00,574),(6876,'2016-04-20',0.00,574),(6877,'2016-05-27',0.00,574),(6878,'2016-06-28',0.00,574),(6879,'2016-07-12',0.00,574),(6880,'2010-02-02',0.00,647),(6881,'2010-03-02',0.00,647),(6882,'2010-04-02',0.00,647),(6883,'2016-10-14',0.00,519),(6884,'2016-10-24',0.00,519),(6885,'2016-08-17',0.00,519),(6890,'2011-05-02',0.00,607),(6891,'2011-06-02',0.00,607),(6892,'2011-07-02',0.00,607),(6893,'2011-08-02',0.00,607),(6894,'2011-09-02',0.00,607),(6895,'2011-10-02',0.00,607),(6897,'2014-12-02',0.00,607),(6898,'2015-01-02',0.00,607),(6899,'2015-02-02',0.00,607),(6900,'2015-03-02',0.00,607),(6901,'2015-04-02',0.00,607),(6902,'2015-05-02',0.00,607),(6903,'2015-06-02',0.00,607),(6904,'2015-07-02',0.00,607),(6905,'2015-08-02',0.00,607),(6906,'2015-09-02',0.00,607),(6907,'2015-10-02',0.00,607),(6908,'2015-11-02',0.00,607),(6910,'2015-12-02',0.00,607),(6912,'2012-04-23',400.00,610),(6913,'2012-04-23',400.00,610),(6914,'2013-04-17',1000.00,610),(6915,'2013-04-17',1000.00,610),(6916,'2010-02-02',0.00,614),(6917,'2010-02-02',0.00,614),(6918,'2016-10-17',0.00,592),(6919,'2016-06-07',0.00,661),(6920,'2016-07-26',0.00,661),(6921,'2016-08-09',0.00,661),(6922,'2016-08-23',0.00,661),(6923,'2016-07-06',0.00,643),(6924,'2016-09-12',0.00,643),(6925,'2016-06-03',0.00,643),(6926,'2016-06-03',0.00,643),(6927,'2016-05-05',0.00,643),(6928,'2016-10-30',0.00,682),(6929,'2010-02-02',0.00,642),(6930,'2016-10-30',0.00,654),(6932,'2015-08-02',0.00,601),(6933,'2016-10-04',0.00,579),(6934,'2016-10-21',0.00,556),(6935,'2016-10-25',0.00,653),(6936,'2016-10-10',0.00,568),(6937,'2016-10-05',0.00,676),(6938,'2016-07-06',0.00,676),(6939,'2016-07-06',0.00,676),(6940,'2016-11-02',0.00,676),(6941,'2016-10-31',0.00,574),(6942,'2016-11-08',0.00,541),(6943,'2016-11-02',0.00,673),(6944,'2016-10-05',0.00,585),(6945,'2016-10-07',0.00,570),(6946,'2016-10-20',0.00,570),(6947,'2016-11-02',0.00,519),(6948,'2016-11-04',0.00,601),(6949,'2016-10-21',0.00,634),(6951,'2014-05-02',0.00,542),(6952,'2014-06-03',0.00,542),(6953,'2014-07-02',0.00,542),(6954,'2014-07-31',0.00,542),(6955,'2014-10-02',0.00,542),(6956,'2014-10-02',0.00,542),(6957,'2014-11-04',0.00,542),(6958,'2014-12-30',0.00,542),(6959,'2014-12-30',0.00,542),(6960,'2014-12-30',0.00,542),(6961,'2016-11-04',0.00,570),(6962,'2014-05-19',0.00,640),(6963,'2016-10-06',0.00,637),(6964,'2016-10-20',0.00,637),(6965,'2016-11-02',0.00,665),(6966,'2010-07-22',356.00,665),(6967,'2012-04-20',1000.00,665),(6968,'2016-11-13',1000.00,665),(6969,'2013-05-09',1000.00,665),(6970,'2016-11-02',0.00,585),(6971,'2016-11-14',0.00,585),(6974,'2016-11-16',0.00,650),(6975,'2009-12-30',0.00,561),(6976,'2016-08-19',0.00,639),(6977,'2016-09-02',0.00,639),(6978,'2016-10-02',0.00,639),(6979,'2016-11-02',0.00,639),(6980,'2016-11-23',0.00,568),(6981,'2016-11-28',0.00,568),(6982,'2016-12-03',0.00,590),(6983,'2016-12-05',0.00,558),(6984,'2017-05-22',0.00,511),(6987,'2016-12-05',0.00,541),(6988,'2017-01-06',0.00,541),(6994,'2016-12-16',0.00,524),(6995,'2016-11-22',0.00,592),(6996,'2016-11-30',0.00,585),(6997,'2016-11-30',0.00,585),(6998,'2016-12-02',0.00,585),(6999,'2016-10-05',0.00,643),(7000,'2016-11-08',0.00,643),(7001,'2016-11-14',0.00,643),(7002,'2016-11-09',0.00,637),(7003,'2016-11-28',0.00,556),(7004,'2016-12-02',0.00,556),(7005,'2016-11-14',0.00,676),(7006,'2016-12-02',0.00,676),(7007,'2016-11-18',0.00,527),(7008,'2016-11-16',0.00,570),(7009,'2016-11-16',0.00,680),(7010,'2016-11-08',0.00,653),(7011,'2016-11-17',0.00,653),(7012,'2016-12-15',0.00,663),(7016,'2017-01-17',0.00,590),(7018,'2016-11-18',0.00,630),(7019,'2016-12-02',0.00,630),(7020,'2016-10-26',0.00,650),(7021,'2016-12-15',0.00,518),(7022,'2016-12-08',0.00,529),(7023,'2016-12-06',0.00,637),(7024,'2017-02-06',0.00,682),(7025,'2017-01-20',0.00,634),(7026,'2017-02-02',0.00,634),(7027,'2017-02-09',0.00,682),(7028,'2017-01-11',0.00,665),(7029,'2016-12-02',0.00,639),(7030,'2017-01-10',0.00,637),(7031,'2016-12-22',0.00,518),(7032,'2017-01-24',0.00,518),(7033,'2017-01-23',0.00,568),(7034,'2017-01-31',0.00,544),(7035,'2016-12-05',0.00,643),(7036,'2017-01-11',0.00,643),(7037,'2017-01-30',0.00,558),(7038,'2017-01-30',0.00,585),(7039,'2017-02-02',0.00,585),(7040,'2016-12-21',0.00,519),(7041,'2017-06-01',0.00,519),(7042,'2017-01-10',0.00,653),(7043,'2016-11-02',0.00,605),(7044,'2016-12-02',0.00,605),(7045,'2017-01-02',0.00,605),(7046,'2017-02-02',0.00,605),(7047,'2017-02-21',0.00,650),(7048,'2017-01-24',0.00,543),(7049,'2016-12-26',0.00,566),(7050,'2017-01-19',0.00,556),(7052,'2016-10-02',0.00,663),(7053,'2016-11-02',0.00,663),(7054,'2016-12-06',0.00,592),(7055,'2017-01-02',0.00,524),(7056,'2016-10-06',0.00,535),(7057,'2016-10-11',0.00,535),(7058,'2016-10-24',0.00,535),(7059,'2016-11-21',0.00,574),(7060,'2017-01-20',0.00,574),(7061,'2017-02-22',0.00,574),(7062,'2016-05-27',0.00,658),(7063,'2016-09-26',0.00,658),(7064,'2016-12-30',0.00,658),(7065,'2017-02-10',0.00,658),(7066,'2016-04-28',0.00,658),(7067,'2017-03-03',0.00,570),(7072,'2016-12-14',0.00,570),(7073,'2017-01-11',0.00,570),(7074,'2009-12-31',0.00,565),(7075,'2016-12-28',0.00,633),(7076,'2016-10-10',0.00,633),(7077,'2016-11-10',0.00,666),(7078,'2016-12-02',0.00,666),(7079,'2016-11-03',0.00,668),(7080,'2016-10-11',0.00,665),(7081,'2016-10-10',0.00,665),(7082,'2016-10-19',0.00,665),(7083,'2016-08-02',0.00,665),(7084,'2016-08-02',0.00,665),(7085,'2016-08-02',0.00,665),(7086,'2017-02-02',0.00,579),(7087,'2017-01-13',0.00,661),(7088,'2017-02-07',0.00,661),(7089,'2016-12-13',0.00,661),(7090,'2016-10-10',0.00,661),(7091,'2010-03-03',258.00,661),(7092,'2017-02-07',0.00,637),(7093,'2017-02-24',0.00,519),(7094,'2017-03-02',0.00,519),(7095,'2017-02-08',0.00,570),(7096,'2017-03-07',0.00,668),(7098,'2017-03-15',0.00,682),(7100,'2017-03-07',0.00,668),(7101,'2017-03-15',0.00,633),(7102,'2017-03-20',0.00,568),(7103,'2017-03-17',0.00,568),(7105,'2017-03-10',0.00,665),(7107,'2017-03-14',0.00,665),(7108,'2017-02-20',0.00,665),(7110,'2017-03-03',0.00,523),(7111,'2017-04-29',0.00,523),(7112,'2017-03-26',0.00,676),(7113,'2017-05-22',0.00,676),(7117,'2016-02-02',0.00,673),(7118,'2016-03-02',0.00,673),(7119,'2016-01-02',0.00,673),(7120,'2016-04-02',0.00,673),(7121,'2016-05-02',0.00,673),(7122,'2016-07-02',0.00,673),(7123,'2016-08-02',0.00,673),(7124,'2016-09-02',0.00,673),(7125,'2016-10-02',0.00,673),(7126,'2015-04-02',0.00,673),(7127,'2015-07-02',0.00,673),(7128,'2015-05-02',0.00,673),(7129,'2015-06-02',0.00,673),(7130,'2009-12-31',0.00,538),(7137,'2015-10-21',0.00,582),(7138,'2015-11-20',0.00,582),(7139,'2015-12-16',0.00,582),(7140,'2016-02-23',0.00,582),(7141,'2016-03-21',0.00,582),(7142,'2016-01-27',0.00,582),(7143,'2016-05-20',0.00,582),(7144,'2016-06-15',0.00,582),(7145,'2016-07-08',0.00,582),(7146,'2016-08-12',0.00,582),(7147,'2016-12-07',0.00,582),(7148,'2016-07-08',0.00,582),(7149,'2016-11-16',0.00,582),(7157,'2017-03-17',0.00,524),(7162,'2017-02-17',0.00,582),(7163,'2017-05-22',0.00,590),(7164,'2017-04-06',0.00,650),(7165,'2017-03-02',0.00,582),(7166,'2017-03-07',0.00,582),(7167,'2015-10-29',0.00,537),(7168,'2017-03-09',0.00,634),(7169,'2017-03-21',0.00,663),(7171,'2017-03-23',0.00,556),(7172,'2017-03-30',0.00,585),(7173,'2017-03-03',0.00,661),(7174,'2017-03-15',0.00,590),(7175,'2017-03-03',0.00,653),(7176,'2017-03-16',0.00,543),(7177,'2017-03-21',0.00,543),(7179,'2017-01-27',0.00,582),(7180,'2015-09-23',0.00,582),(7181,'2015-03-13',0.00,582),(7182,'2017-03-06',0.00,666),(7183,'2017-03-13',0.00,558),(7184,'2017-03-06',0.00,541),(7186,'2017-04-17',0.00,541),(7188,'2017-02-06',0.00,541),(7189,'2017-05-07',0.00,682),(7190,'2017-05-26',0.00,661),(7191,'2017-05-22',0.00,661),(7192,'2017-02-08',0.00,568),(7193,'2017-03-13',0.00,658),(7194,'2016-11-16',0.00,537),(7195,'2015-08-31',0.00,537),(7196,'2017-03-06',0.00,637),(7197,'2017-02-08',0.00,643),(7198,'2017-03-06',0.00,643),(7200,'2017-03-09',0.00,662),(7201,'2017-04-29',0.00,541),(7202,'2017-05-08',0.00,590),(7203,'2017-05-08',0.00,590),(7204,'2017-05-10',0.00,570),(7205,'2017-05-13',0.00,541),(7206,'2017-05-16',0.00,524),(7207,'2017-05-19',0.00,537),(7208,'2017-05-19',0.00,537),(7210,'2017-04-07',0.00,590),(7211,'2017-04-06',0.00,568),(7212,'2017-05-22',0.00,511),(7213,'2017-04-03',0.00,579),(7214,'2017-05-26',0.00,682),(7215,'2017-05-26',0.00,682),(7216,'2017-04-05',0.00,570),(7217,'2017-04-06',0.00,637),(7218,'2017-04-06',0.00,643),(7219,'2017-04-10',0.00,665),(7220,'2017-05-26',0.00,558),(7221,'2017-04-20',0.00,582),(7222,'2017-04-24',0.00,658),(7223,'2017-04-24',0.00,592),(7224,'2017-01-19',0.00,680),(7225,'2016-12-23',0.00,680),(7226,'2017-05-28',0.00,568),(7227,'2017-05-28',0.00,661),(7228,'2017-05-26',0.00,639),(7229,'2017-06-02',0.00,585),(7230,'2017-06-02',0.00,585),(7231,'2017-06-02',0.00,585),(7232,'2017-06-07',0.00,570),(7233,'2017-06-12',0.00,558),(7234,'2017-06-12',0.00,541),(7235,'2017-06-12',0.00,541),(7236,'2017-06-12',0.00,541);
/*!40000 ALTER TABLE `mip_pay` ENABLE KEYS */;
UNLOCK TABLES;

--
-- Table structure for table `mip_pay_not_cash_info`
--

DROP TABLE IF EXISTS `mip_pay_not_cash_info`;
/*!40101 SET @saved_cs_client     = @@character_set_client */;
/*!40101 SET character_set_client = utf8 */;
CREATE TABLE `mip_pay_not_cash_info` (
  `id` int(11) NOT NULL AUTO_INCREMENT,
  `pay_id` int(11) NOT NULL,
  `pay_date` date DEFAULT NULL,
  `bank_account_id` int(11) NOT NULL,
  `number` varchar(255) COLLATE utf8_bin NOT NULL,
  `type` char(2) COLLATE utf8_bin NOT NULL,
  `value` decimal(10,2) NOT NULL,
  `source_bank_id` int(11) DEFAULT NULL,
  `checked` tinyint(1) NOT NULL DEFAULT '0',
  PRIMARY KEY (`id`),
  KEY `index_bank_accounts_location_fee_pay_not_cash_fk` (`bank_account_id`),
  KEY `index_location_fee_pay_location_fee_pay_not_cash_fk` (`pay_id`),
  KEY `index_fk_mip_pay_not_cash_info_mip_bank1` (`source_bank_id`),
  CONSTRAINT `bank_accounts_location_fee_pay_not_cash_fk` FOREIGN KEY (`bank_account_id`) REFERENCES `mip_bank_account` (`id`) ON DELETE NO ACTION ON UPDATE NO ACTION,
  CONSTRAINT `fk_mip_pay_not_cash_info_mip_bank1` FOREIGN KEY (`source_bank_id`) REFERENCES `mip_bank` (`id`) ON DELETE NO ACTION ON UPDATE NO ACTION,
  CONSTRAINT `location_fee_pay_location_fee_pay_not_cash_fk` FOREIGN KEY (`pay_id`) REFERENCES `mip_pay` (`id`) ON DELETE NO ACTION ON UPDATE NO ACTION
) ENGINE=InnoDB AUTO_INCREMENT=965 DEFAULT CHARSET=utf8 COLLATE=utf8_bin COMMENT='Informacion de Pagos en Cuentas de la Asociacion de Vecinos';
/*!40101 SET character_set_client = @saved_cs_client */;

--
-- Dumping data for table `mip_pay_not_cash_info`
--

LOCK TABLES `mip_pay_not_cash_info` WRITE;
/*!40000 ALTER TABLE `mip_pay_not_cash_info` DISABLE KEYS */;
INSERT INTO `mip_pay_not_cash_info` (`id`, `pay_id`, `pay_date`, `bank_account_id`, `number`, `type`, `value`, `source_bank_id`, `checked`) VALUES (2,5552,'2014-02-08',1,'3302388169','T',400.00,6,1),(6,5556,'2015-02-05',1,'302650','T',1000.00,6,1),(7,5557,'2014-03-06',1,'CARACA6MAR','T',300.00,6,1),(8,5558,'2014-05-06',1,'CARACA06MAY1','T',400.00,6,1),(9,5559,'2014-09-08',1,'CARACAS8SEPT1','T',400.00,6,1),(12,5562,'2014-03-17',1,'3392381514','T',400.00,6,1),(13,5563,'2014-03-17',1,'55823703','V',2200.00,22,1),(14,5564,'2014-03-24',1,'56096534','V',2500.00,22,1),(16,5567,'2014-04-02',1,'52300935996','T',400.00,3,1),(17,5568,'2014-03-24',1,'3407059449','T',7620.00,6,1),(18,5569,'2014-04-07',1,'3443891085','T',1400.00,6,1),(19,5570,'2014-09-03',1,'3847174327','T',1400.00,6,1),(21,5572,'2014-05-30',1,'52300146162','T',400.00,3,1),(22,5573,'2014-04-02',1,'56373948','V',400.00,22,1),(23,5574,'2014-05-30',1,'52300146293','T',400.00,3,1),(25,5576,'2014-06-11',1,'93536','T',3800.00,6,1),(26,5577,'2014-07-29',1,'125693','T',1600.00,6,1),(28,5579,'2014-09-16',1,'52300381984','T',400.00,3,1),(29,5580,'2014-09-16',1,'0052300382240','T',400.00,3,1),(30,5581,'2014-05-06',1,'3516057183','T',400.00,6,1),(31,5582,'2014-05-26',1,'3566706052','T',400.00,6,1),(32,5583,'2014-06-06',1,'3597932778','T',400.00,6,1),(33,5584,'2014-07-08',1,'3680527671','T',400.00,6,1),(34,5585,'2014-08-04',1,'3759884449 ','T',400.00,6,1),(35,5586,'2014-09-02',1,'3840779858','T',400.00,6,1),(36,5587,'2014-10-02',1,'3931711316','T',400.00,6,1),(37,5588,'2014-10-07',1,'CARACA7OCT14','T',400.00,6,1),(38,5589,'2014-10-07',1,'3949552762','T',1400.00,6,1),(39,5590,'2014-05-03',1,'3506694182','T',1400.00,6,1),(46,5597,'2014-08-06',1,'3764082879','T',1400.00,6,1),(47,5595,'2014-07-05',1,'3671903134','T',1400.00,6,1),(48,5598,'2014-06-03',1,'3586887389','T',1400.00,6,1),(52,5607,'2014-01-31',1,'3485942849','T',400.00,6,1),(53,5608,'2014-02-28',1,'3485942849','T',400.00,6,1),(54,5609,'2014-03-31',1,'3485942849','T',400.00,6,1),(55,5610,'2014-04-30',1,'3485942849','T',400.00,6,1),(56,5611,'2014-05-31',1,'3969291130','T',400.00,6,1),(57,5612,'2014-06-30',1,'3969291130','T',400.00,6,1),(58,5613,'2014-08-31',1,'3969291130','T',400.00,6,1),(59,5614,'2014-07-31',1,'3969291130','T',400.00,6,1),(60,5615,'2014-09-30',1,'3969291130','T',400.00,6,1),(61,5616,'2014-10-31',1,'3969291130','T',400.00,6,1),(62,5676,'2014-11-06',1,'4038500390','T',1400.00,6,1),(63,5677,'2014-11-13',1,'259507','T',15000.00,22,1),(64,5678,'2014-11-12',1,'910055','T',400.00,22,1),(65,5679,'2014-02-28',1,'0052300381691','T',400.00,22,1),(66,5680,'2014-07-31',1,'559556','T',400.00,22,1),(67,5681,'2014-08-31',1,'559882','T',400.00,22,1),(68,5682,'2014-09-30',1,'560142','T',400.00,22,1),(73,5695,'2014-09-18',1,'V6042018','T',400.00,6,1),(75,5697,'2014-11-25',1,'4099647516','T',2000.00,6,1),(76,5698,'2014-11-19',1,'4080768890','T',2400.00,6,1),(78,5702,'2014-12-02',1,'4118361274','T',27005.00,6,1),(79,5703,'2014-11-28',1,' 0052300174394','T',1000.00,3,1),(80,5704,'2014-11-28',1,'0052300174673','T',1000.00,3,1),(81,5705,'2014-12-04',1,'063924312','V',2600.00,NULL,1),(82,5706,'2014-07-18',1,'74943505','C',4743.00,3,1),(83,5707,'2014-12-08',1,' 52300830062','T',4600.00,3,1),(85,5709,'2014-12-02',1,'000000','T',7305.00,24,1),(87,5712,'2014-12-17',1,'064298669','V',20910.00,NULL,1),(88,5716,'2015-01-15',1,'0000835638','T',3000.00,22,1),(100,5730,'2014-04-07',1,'3444142014','T',400.00,6,1),(101,5731,'2014-05-07',1,'3517673113','T',400.00,6,1),(102,5732,'2014-06-04',1,'3590996627','T',400.00,6,1),(103,5733,'2014-08-03',1,'3754920163','T',800.00,6,1),(104,5734,'2014-11-14',1,'4067600243','T',800.00,6,1),(105,5735,'2014-12-13',1,'4163476267','T',1000.00,6,1),(106,5736,'2014-08-12',1,'3782490778','T',2800.00,6,1),(107,5737,'2014-12-01',1,'V9998081','T',3800.00,6,1),(108,5740,'2014-09-09',1,'061238221','V',800.00,22,1),(109,5741,'2014-11-04',1,'062887580','V',400.00,22,1),(110,5742,'2014-11-27',1,'063662895','V',400.00,22,1),(111,5743,'2015-01-14',1,'4263946886','T',1000.00,6,1),(112,5746,'2014-03-25',1,'3411653563','T',800.00,6,1),(113,5747,'2014-07-16',1,'3703520225','T',800.00,6,1),(114,5748,'2014-05-17',1,'3545268060','T',800.00,6,1),(115,5749,'2014-12-06',1,'4138920589','T',1000.00,6,1),(116,5752,'2014-06-18',1,'058685936','V',2000.00,22,1),(117,5753,'2014-10-03',1,'061984714','V',1600.00,22,1),(118,5754,'2014-05-05',1,'057299988','V',400.00,22,1),(119,5755,'2014-04-16',1,'056812201','V',400.00,22,1),(120,5756,'2014-06-16',1,'058635003','V',400.00,22,1),(122,5759,'2014-07-07',1,'059321612','V',400.00,22,1),(123,5760,'2014-08-15',1,'060566768','V',800.00,22,1),(124,5761,'2014-11-28',1,'063684677','V',1200.00,22,1),(125,5762,'2014-12-02',1,'0004578543','T',1000.00,3,1),(126,5819,'2015-01-26',1,'065410299','V',2000.00,22,1),(127,5825,'2014-10-16',1,'062250984','V',1200.00,22,1),(128,5826,'2014-11-21',1,'063464108','V',2000.00,22,1),(130,5824,'2014-06-10',1,'058429215','V',400.00,22,1),(131,5425,'2014-04-30',1,'057204698','V',400.00,22,1),(132,5829,'2015-02-09',1,'065751220','V',4200.00,22,1),(133,5830,'2014-04-10',1,'056571516','V',800.00,22,1),(134,5831,'2014-05-21',1,'057750013','V',400.00,22,1),(135,5832,'2014-06-19',1,'058766612','V',400.00,22,1),(136,5834,'2014-09-18',1,'061480185','V',800.00,22,1),(137,5835,'2014-10-22',1,'062542244','V',800.00,22,1),(140,5881,'2015-01-21',1,'0000000065224618','T',400.00,22,1),(141,5882,'2015-02-19',1,'066021948','V',400.00,22,1),(142,5883,'2015-01-02',1,'330323','T',3200.00,3,1),(143,5884,'2015-01-22',1,'52300482245','T',1000.00,3,1),(144,5886,'2015-02-19',1,'066023223','V',1000.00,22,1),(145,5890,'2014-06-25',1,'058943639','V',1200.00,22,1),(147,5904,'2015-02-25',1,'4397438032','T',10000.00,6,1),(148,5905,'2015-03-05',1,'0052300326321','T',8000.00,3,1),(149,5906,'2015-03-03',1,'066449332','V',10000.00,5,1),(150,5907,'2015-02-25',1,'066269664','V',38000.00,22,1),(151,5922,'2015-02-26',1,'4402865799','T',2000.00,6,1),(152,5925,'2014-12-26',1,'4204363371','T',5000.00,6,1),(154,5930,'2015-03-15',1,'4462880238','T',12000.00,6,1),(155,5931,'2015-03-03',1,'4421821510','T',3000.00,6,1),(156,5932,'2015-01-14',1,'4263954604','T',2000.00,6,1),(158,5935,'2014-07-17',1,'3703520225','T',800.00,6,1),(159,5936,'2014-05-19',1,'3545268060','T',800.00,6,1),(160,5938,'2014-03-26',1,'3411653563','T',800.00,6,1),(161,5939,'2014-09-19',1,'V-6042018','T',400.00,6,1),(162,5940,'2014-11-20',1,'4080768890','T',2400.00,6,1),(163,5941,'2014-12-09',1,'4138920589','T',1000.00,6,1),(164,5942,'2015-01-15',1,'4263946886','T',1000.00,6,1),(166,5950,'2015-03-26',1,'067187013','V',142.00,22,1),(167,5951,'2014-11-10',1,'4045869386','T',300.00,6,1),(168,5952,'2014-12-23',1,'4194550665','T',1000.00,6,1),(169,5953,'2014-02-26',1,'3342313272','T',600.00,6,1),(170,5954,'2014-08-06',1,'3762329949','T',400.00,6,1),(171,5955,'2014-09-03',1,'3846879781','T',400.00,6,1),(172,5956,'2015-01-30',1,'4311286301','T',1000.00,6,1),(173,5957,'2015-03-09',1,'4443276309','T',1000.00,6,1),(174,5962,'2014-04-08',1,'056509188','V',400.00,22,1),(175,5963,'2014-04-28',1,'057129355','V',400.00,22,1),(176,5967,'2014-06-09',1,'058385033','V',400.00,22,1),(177,5968,'2014-07-15',1,'059545863','V',400.00,22,1),(178,5969,'2014-07-07',1,'059339267','V',400.00,22,1),(179,5971,'2014-10-14',1,'3970044980','T',900.00,6,1),(180,5972,'2014-04-05',1,'3440677759','T',800.00,6,1),(181,5973,'2014-05-13',1,'3532469285','T',400.00,22,1),(182,5974,'2014-06-03',1,'3587168638','T',400.00,6,1),(183,5975,'2014-08-20',1,'060672418','V',400.00,22,1),(184,5976,'2015-04-21',1,'52300445258','T',3000.00,3,1),(185,5978,'2015-04-14',1,'15642854','T',34000.00,25,1),(186,5979,'2015-04-06',1,'067410388','V',30000.00,22,1),(187,5980,'2015-03-31',1,'4514788725','T',1000.00,6,1),(188,5982,'2015-01-05',1,'52300413259','T',1000.00,3,1),(190,5984,'2015-02-10',1,'0052300721352','T',1000.00,3,1),(191,5985,'2015-04-06',1,'52300318221 ','T',3000.00,3,1),(194,5990,'2014-03-26',1,'056169587','V',4000.00,22,1),(195,5991,'2014-05-02',1,'057252503','V',2400.00,22,1),(196,5992,'2014-05-20',1,'057677579','V',1200.00,22,1),(197,5993,'2014-04-07',1,'056484763','V',10000.00,22,1),(198,5994,'2014-04-08',1,'056509188','V',800.00,22,1),(199,5995,'2014-07-07',1,'076937','V',400.00,22,1),(200,5996,'2014-07-21',1,'059763556','V',400.00,5,1),(201,5997,'2014-06-25',1,'058943877','V',1200.00,22,1),(203,5998,'2014-06-04',1,'058257705','V',800.00,22,1),(204,5999,'2014-03-21',1,'056169587','V',1200.00,22,1),(209,6007,'2015-05-12',1,'0000903939','T',1000.00,22,1),(210,6008,'2015-05-12',1,'99904880','T',5600.00,5,1),(211,6009,'2015-04-29',1,'99012870','T',18584.50,5,1),(212,6010,'2014-03-21',1,'056008108','V',1200.00,22,1),(213,6011,'2015-04-27',1,'068028153','V',25000.00,22,1),(214,6012,'2015-04-30',1,'4605504113','T',1000.00,6,1),(215,6047,'2014-02-20',1,'91978133','C',4116.00,1,1),(216,6053,'2014-03-17',1,'0052300157178','T',1200.00,3,1),(217,6054,'2014-05-26',1,'0052300820312','T',1200.00,3,1),(218,6055,'2014-07-21',1,'0052300077376','T',1200.00,3,1),(219,6056,'2014-11-06',1,'0052300577638','T',1200.00,3,1),(220,6057,'2014-12-05',1,'0052300688448','T',1200.00,3,1),(221,6058,'2015-02-19',1,'0052300237392','T',5000.00,3,1),(222,6059,'2015-02-19',1,'0052300237600','T',5000.00,3,1),(223,6060,'2015-02-19',1,'0052300238314','T',3000.00,3,1),(224,6062,'2015-03-16',1,'066807097','V',33400.00,22,1),(225,6063,'2015-03-23',1,'067014618','V',12000.00,22,1),(226,6064,'2015-05-19',1,'90469598','T',18584.50,5,1),(227,6067,'2015-02-20',1,'4387359777','T',1000.00,6,1),(228,6071,'2015-06-04',1,'0000137855','T',1000.00,22,1),(229,6072,'2015-03-01',1,'C/WP-9B 01032015','V',9786.99,24,1),(230,6074,'2015-06-05',2,'C/P 4-67 05062015','V',20023.11,24,1),(232,6082,'2015-06-16',1,'073449','T',7000.00,6,1),(233,6083,'2015-06-10',1,'069282086 ','V',10000.00,22,1),(234,6084,'2015-06-03',1,'069118274','V',2000.00,22,1),(235,6086,'2014-09-18',1,'3893809461','T',2000.00,6,1),(236,6087,'2014-11-15',1,'4068456353','T',800.00,6,1),(238,6088,'2015-06-15',1,'4746933259','T',2200.00,6,1),(239,6089,'2015-06-15',1,'4746944380','T',10000.00,6,1),(240,6092,'2014-12-05',1,'4137308015','T',1000.00,6,1),(241,6093,'2015-01-08',1,'4243467831','T',1000.00,6,1),(242,6094,'2015-02-12',1,'4361610546','T',1000.00,6,1),(243,6095,'2015-03-05',1,'4431851783','T',1000.00,6,1),(244,6097,'2015-04-11',1,'4545316522','T',1000.00,6,1),(245,6098,'2015-05-02',1,'4607845001','T',1000.00,6,1),(246,6099,'2015-06-04',1,'4714046983','T',1000.00,6,1),(247,6100,'2014-11-27',1,'4107498956','T',1600.00,6,1),(248,6101,'2014-11-11',1,'4054130442','T',400.00,6,1),(250,6107,'2015-04-15',1,'067618057','V',6000.00,22,1),(251,6108,'2015-03-10',1,'066663859','V',3000.00,22,1),(252,6109,'2014-11-24',1,'063545059','V',3000.00,22,1),(253,6110,'2014-08-12',1,'060402487','V',400.00,22,1),(254,6111,'2014-09-22',1,'061618347','V',800.00,22,1),(255,6113,'2015-03-23',1,'4486494501','V',5000.00,11,1),(256,6114,'2015-06-19',2,'C/P 4-77 19062015','V',10000.00,24,1),(257,6116,'2015-03-27',1,'4502303341','T',10000.00,6,1),(258,6118,'2014-12-16',1,'186942','T',1200.00,6,1),(259,6119,'2014-12-16',1,'186943','T',5700.00,6,1),(261,6123,'2015-01-02',1,'131765','T',200.00,6,1),(262,6124,'2015-02-06',1,'0131148','T',2000.00,6,1),(263,6125,'2015-04-16',1,'4562840225','T',2000.00,6,1),(264,6127,'2014-04-16',1,'201432','T',400.00,6,1),(265,6128,'2014-05-12',1,'176606','T',1400.00,6,1),(266,6129,'2014-06-25',1,'34712','T',800.00,6,1),(267,6130,'2014-08-13',1,'115445','T',400.00,6,1),(268,6131,'2014-03-14',1,'98629','T',1400.00,6,1),(270,6171,'2014-11-17',1,'063277000','V',2400.00,22,1),(271,6172,'2014-12-03',1,'063891557','V',1600.00,22,1),(272,6173,'2015-02-02',1,'065597670','V',2000.00,22,1),(273,6174,'2015-06-23',1,'21213745','T',15000.00,3,1),(274,6175,'2015-07-03',1,'069964816','V',34500.00,22,1),(275,6176,'2015-06-24',1,'000001546','T',22000.00,17,1),(276,6177,'2014-10-08',1,'062096923','V',2000.00,22,1),(277,6178,'2014-11-19',1,'063401187','V',2200.00,22,1),(278,6179,'2015-06-15',1,'069377813','V',5600.00,22,1),(279,6180,'2015-07-13',1,'070156256','V',3000.00,22,1),(280,6181,'2015-07-14',1,'070180252','V',4000.00,22,1),(281,6182,'2015-07-08',1,'070070441','V',6000.00,22,1),(282,6183,'2015-07-13',1,'4825775379','T',6000.00,6,1),(283,6184,'2015-07-16',1,'070289767','V',10000.00,22,1),(284,6185,'2015-07-27',1,'2080698','T',5000.00,6,1),(285,6186,'2015-06-23',1,'4769583879','T',4000.00,6,1),(286,6187,'2015-06-23',1,'52300130062 ','T',3250.00,3,1),(287,6188,'2015-06-23',1,'52300130038','T',3500.00,3,1),(288,6189,'2015-07-23',1,'070581068','V',4000.00,22,1),(289,6190,'2015-07-16',1,'070289923','V',12000.00,22,1),(290,6195,'2014-11-04',1,'196909','T',400.00,6,1),(291,6196,'2014-12-16',1,'1771','T',2000.00,6,1),(292,6197,'2015-01-04',1,'2436','T',1000.00,6,1),(293,6198,'2015-03-04',1,'CONDMIR4MAR15','T',1000.00,6,1),(294,6199,'2015-04-08',1,'000002693','T',1000.00,6,1),(295,6200,'2015-05-13',1,'0000001681','T',1000.00,6,1),(296,6201,'2015-06-10',1,'000005259','T',1000.00,6,1),(297,6202,'2015-07-16',1,'CONDMIR16JL','T',1000.00,6,1),(298,6203,'2014-02-06',1,'124514','T',10000.00,6,1),(299,6204,'2014-02-05',1,'4572','T',300.00,6,1),(300,6205,'2015-07-19',1,'57799994','T',22200.00,4,1),(301,6206,'2015-08-01',1,'1000192735','T',1000.00,22,1),(303,6208,'2015-07-09',1,'085593','T',3000.00,6,1),(304,6209,'2015-08-05',1,'070851464','V',3000.00,22,1),(305,6215,'2014-12-10',1,'064080603','V',3200.00,22,1),(306,6216,'2015-02-19',1,'066045987','V',3000.00,22,1),(307,6217,'2015-03-03',1,'066486968','V',4200.00,22,1),(308,6218,'2015-03-17',1,'066838233','V',3000.00,22,1),(309,6219,'2015-04-24',1,'068015118','V',5000.00,22,1),(310,6220,'2015-05-21',1,'068849630','V',6000.00,22,1),(312,6223,'2015-06-02',1,'069095017','V',2000.00,22,1),(313,6224,'2015-07-21',1,'070451234','V',2000.00,22,1),(314,6225,'2015-02-26',1,'4404044844','T',5000.00,11,1),(315,6226,'2015-06-08',1,'4722761569','T',5000.00,6,1),(316,6227,'2015-04-20',1,'4576213815','T',1350.00,6,1),(317,6230,'2015-07-13',1,'070137328','V',1000.00,22,1),(318,6231,'2015-08-24',1,'071333801','V',3000.00,NULL,1),(320,6238,'2015-04-15',1,'98873058','T',32003.70,4,1),(321,6239,'2015-03-29',1,'4506124816','T',1000.00,6,1),(322,6240,'2015-05-02',1,'4607820514','T',1000.00,6,1),(323,6241,'2015-06-02',1,'4707544304','T',1000.00,6,1),(324,6242,'2015-07-03',1,'4802378358','T',1000.00,6,1),(325,6244,'2015-08-05',1,'070849014','V',1000.00,22,1),(326,6245,'2014-05-20',1,'000075229','T',9100.00,6,1),(327,6246,'2015-01-07',1,'000161011','T',1400.00,6,1),(328,6247,'2015-09-02',1,'4992976418','T',7000.00,6,1),(329,6252,'2015-08-24',1,'26930727','T',8000.00,3,1),(330,6253,'2015-06-05',1,'092095204','T',1000.00,5,1),(331,6254,'2015-08-04',1,'0097118379','T',3000.00,5,1),(332,6255,'2015-09-07',1,' 90009688','T',3000.00,5,1),(333,6256,'2015-09-07',1,'90009944','T',2400.00,5,1),(334,6257,'2014-06-17',1,'098069477','T',1600.00,5,1),(336,6262,'2015-09-14',1,'071841023','V',3000.00,22,1),(339,6266,'2015-07-16',1,'0023455413','T',3000.00,3,1),(340,6267,'2015-09-04',1,'0052300986796','T',2000.00,3,1),(341,6268,'2015-10-01',1,'030653428','T',3000.00,3,1),(342,6269,'2015-08-24',1,'071351899','V',3000.00,22,1),(343,6270,'2015-08-25',1,'071395512','V',21000.00,22,1),(344,6271,'2015-06-10',2,'C/P 4-33 10062015','V',10000.00,24,1),(345,6272,'2015-09-11',1,'071806209','V',4200.00,22,1),(346,6273,'2015-09-07',1,'5006816438','T',3000.00,6,1),(347,6274,'2015-08-26',1,'0000238563','T',2000.00,6,1),(348,6275,'2015-08-24',1,'071321278','V',2000.00,22,1),(349,6276,'2015-10-05',1,'52300509716.','T',2000.00,3,1),(350,6277,'2015-09-08',1,'0000132858','T',6000.00,6,1),(351,6278,'2015-10-02',1,'0200894','T',1000.00,6,1),(352,6279,'2015-07-27',1,'6567710','C',10000.00,11,1),(353,6280,'2015-10-13',1,'5131542471','T',1376.89,6,1),(354,6281,'2015-10-13',1,'0052300069016','T',10000.00,3,1),(355,6282,'2015-10-13',1,'0052300064115','T',12000.00,3,1),(356,6283,'2015-06-25',1,'021458531','T',3000.00,3,1),(357,6284,'2015-09-02',1,'0027886653','T',3000.00,3,1),(358,6285,'2015-09-02',1,'0027886656','T',3000.00,3,1),(359,6286,'2015-06-25',1,'021458532','T',2158.00,3,1),(360,6287,'2015-10-19',1,'0230083','T',3000.00,6,1),(361,6289,'2015-10-20',1,'93931219','T',11400.00,5,1),(362,6290,'2015-07-02',1,'4794856252','T',1000.00,6,1),(363,6291,'2015-08-05',1,'152425','T',1000.00,6,1),(364,6292,'2015-09-02',1,'169287','T',1000.00,6,1),(365,6293,'2015-10-15',1,'193944','T',1000.00,6,1),(366,6294,'2015-08-25',1,'132691','T',3000.00,6,1),(367,6295,'2015-08-05',1,'4906034969','T',1000.00,6,1),(368,6296,'2015-08-13',1,'004821','T',1000.00,6,1),(369,6297,'2015-09-03',1,'002653','T',4000.00,6,1),(370,6298,'2015-10-06',1,'03225','T',1000.00,6,1),(371,6299,'2015-10-20',1,'60960454','T',34000.00,4,1),(372,6300,'2015-09-24',1,'0099368','T',29300.00,6,1),(373,6304,'2015-11-03',1,'1000192735','T',6000.00,22,1),(374,6305,'2015-11-08',1,'034697519','T',2000.00,3,1),(375,6307,'2015-11-08',1,'5221873410','T',7000.00,6,1),(376,6312,'2015-11-04',1,'104860','T',6000.00,6,1),(378,6327,'2015-02-19',1,'066022952','V',12000.00,22,1),(379,6340,'2014-09-26',1,'061820149','V',400.00,22,1),(380,6341,'2014-09-01',1,'061053959','V',400.00,22,1),(381,6342,'2014-05-21',1,'057789967','V',800.00,22,1),(382,6343,'2014-06-17',1,'058680636','V',400.00,22,1),(383,6344,'2015-02-20',1,'066112951','V',1000.00,22,1),(384,6345,'2015-11-14',1,'0151********2735','T',4000.00,22,1),(385,6348,'2015-11-14',1,'96450842','T',4000.00,5,1),(386,6350,'2015-09-04',1,'071663309','V',3000.00,22,1),(387,6351,'2015-11-17',1,'073690269','V',3000.00,22,1),(388,6352,'2015-11-20',1,'5268239046','T',5000.00,6,1),(389,6353,'2015-11-09',1,'0605854','T',3000.00,25,1),(390,6354,'2015-09-11',1,'069794','T',2000.00,6,1),(391,6355,'2015-11-07',1,'01343772170059','T',6000.00,6,1),(392,6356,'2015-11-30',1,'0181545','T',2800.00,6,1),(393,6360,'2014-12-19',1,'097737','T',3000.00,6,1),(394,6361,'2015-03-10',1,'0114864','T',2000.00,6,1),(395,6362,'2015-07-15',1,'0149376','T',2000.00,6,1),(396,6363,'2015-09-23',1,'0119636','T',5000.00,6,1),(397,6364,'2015-09-30',1,'05999','T',10000.00,11,1),(398,6365,'2015-11-10',1,'073395367','V',6000.00,22,1),(400,6366,'2015-10-19',1,'0139358','T',1000.00,11,1),(401,6367,'2015-11-12',1,'5237020170','T',3000.00,6,1),(402,6368,'2015-11-17',1,'035624048','T',1000.00,3,1),(403,6369,'2015-11-17',1,'035624054','T',3000.00,3,1),(404,6370,'2015-12-04',1,'10070990','T',2800.00,4,1),(405,6377,'2015-12-14',1,'14122015','T',1800.00,6,1),(406,6378,'2015-11-16',1,'05879','T',39200.00,11,1),(408,6379,'2015-11-10',1,'034816435','T',2000.00,3,1),(409,6380,'2015-12-10',1,'38239167','T',4000.00,3,1),(410,6381,'2015-12-16',1,'38931154','T',1800.00,3,1),(411,6382,'2015-11-10',1,'178135','T',1000.00,6,1),(412,6383,'2015-11-10',1,'178136','T',3000.00,6,1),(413,6384,'2015-12-04',1,'5321970574','T',1000.00,6,1),(414,6385,'2015-11-11',1,'02157','T',4000.00,6,1),(415,6386,'2015-12-10',1,'10122015','T',4800.00,6,1),(417,6388,'2015-12-09',1,'074608436','V',5800.00,22,1),(419,6390,'2015-11-18',1,'072017','T',3000.00,6,1),(420,6391,'2015-11-02',1,'085487','T',1000.00,6,1),(421,6392,'2015-09-22',1,'057408','T',1000.00,6,1),(422,6393,'2015-12-16',1,'5364518829','T',1000.00,6,1),(423,6394,'2015-11-10',1,'078870','T',7000.00,11,1),(424,6395,'2015-11-19',1,'0184116','T',6000.00,6,1),(425,6396,'2015-05-12',1,'0139969','T',5000.00,6,1),(426,6397,'2014-03-06',1,'0174393','T',2400.00,6,1),(427,6398,'2015-12-01',1,'02451','T',3000.00,12,1),(428,6399,'2015-12-11',1,'11122015','T',52310.00,6,1),(429,6400,'2015-11-23',1,'073978986','V',1000.00,22,1),(432,6403,'2015-12-02',1,'5313022090','T',10000.00,6,1),(433,6404,'2015-12-14',1,'5353473207','T',9500.00,6,1),(434,6405,'2015-10-02',1,'092230466','T',1000.00,5,1),(435,6406,'2015-12-15',1,'99706657','T',1000.00,5,1),(436,6407,'2015-12-15',1,'99703964','T',2800.00,5,1),(437,6408,'2015-12-15',1,'99704406','T',6000.00,5,1),(438,6409,'2015-12-15',1,'99718925','T',3000.00,5,1),(439,6410,'2015-12-16',1,'019724','T',2800.00,11,1),(440,6411,'2015-12-18',1,'052300607763','T',2800.00,3,1),(441,6412,'2014-08-21',1,'092071228','T',1200.00,5,1),(442,6413,'2016-01-08',1,' 52300923618 ','T',2800.00,3,1),(443,6414,'2015-12-18',1,'0052300607261','T',6000.00,3,1),(445,6418,'2015-10-26',1,'073064925','V',7000.00,22,1),(446,6419,'2016-01-11',1,'\Z\Z\Z\Z\Z\Z5437567584','T',1000.00,6,1),(447,6420,'2016-01-11',1,'1110917','T',1800.00,6,1),(448,6421,'2016-01-11',1,'1110917','T',1000.00,6,1),(449,6422,'2016-01-11',1,'254569','T',3000.00,6,1),(450,6423,'2016-01-08',1,'91669858','T',6600.00,5,1),(451,6424,'2016-01-05',1,'91408070','T',2800.00,5,1),(452,6426,'2016-01-20',1,'41971880','T',2800.00,3,1),(453,6428,'2015-12-30',1,'0186634','T',1800.00,6,1),(454,6429,'2015-12-10',1,'0186070','T',2000.00,6,1),(455,6430,'2016-01-05',1,'5422292648','T',2000.00,6,1),(456,6431,'2016-01-05',1,'5422171832','T',2800.00,6,1),(457,6432,'2016-01-13',1,'268364','T',8000.00,6,1),(459,6434,'2016-01-13',1,'5445219270','T',2800.00,6,1),(460,6435,'2014-12-02',1,'0116948','V',600.00,6,1),(461,6436,'2015-08-03',1,'0123208','T',1000.00,6,1),(462,6437,'2016-01-13',1,'5445200608','T',1800.00,6,1),(463,6438,'2015-09-03',1,'028020283','T',3000.00,3,1),(464,6439,'2016-01-18',1,'5463798553','T',34706.30,6,1),(465,6440,'2015-05-22',1,'0135774','T',2000.00,6,1),(466,6441,'2016-01-18',1,'075474121','V',52800.00,22,1),(467,6442,'2016-01-11',1,'0170072','T',9300.00,6,1),(468,6443,'2016-01-21',1,'0150790','T',2800.00,6,1),(469,6444,'2015-09-30',1,'072381599','V',16000.00,22,1),(470,6445,'2015-12-16',1,'074771495','V',5000.00,22,1),(471,6447,'2015-07-27',2,'C/P 4-2 27072015','V',10000.00,24,1),(472,6450,'2015-12-17',1,'074855811','V',47300.00,22,1),(473,6453,'2016-02-02',1,'0151********2735','T',14400.00,22,1),(474,6454,'2016-02-01',1,'93761941','T',2800.00,5,1),(475,6456,'2016-01-13',1,'075404060','V',19158.00,22,1),(476,6458,'2014-12-09',1,'064035650','V',7000.00,22,1),(477,6459,'2015-12-01',1,'074308966','V',36600.00,22,1),(478,6463,'2015-04-21',1,'055462','T',10000.00,6,1),(479,6260,'2014-06-25',1,'058943586','V',28584.00,22,1),(480,6464,'2015-11-13',1,'0388088','T',3000.00,6,1),(482,6466,'2014-07-15',1,'059545863','V',1600.00,5,1),(483,6467,'2016-02-16',1,'98927','T',2000.00,6,1),(484,6468,'2016-02-04',1,'179309','T',2800.00,6,1),(485,6469,'2016-02-04',1,'179308','T',1000.00,6,1),(486,6470,'2015-04-15',1,'067618057','V',12000.00,22,1),(487,6472,'2014-12-17',1,'064298669','V',5000.00,22,1),(488,6474,'2015-12-30',1,'075208715','V',1000.00,5,1),(489,6475,'2015-11-23',1,'073979018','V',1000.00,22,1),(490,6476,'2015-12-28',1,'079933888','T',1000.00,16,1),(492,6478,'2015-12-16',1,'99919566','T',2800.00,22,1),(493,6479,'2016-01-22',1,'92808813','T',2800.00,5,1),(494,6480,'2016-02-17',1,'95290104','T',2800.00,5,1),(496,6482,'2016-02-17',1,'95370861','T',6000.00,5,1),(497,6483,'2015-09-23',1,'0144185','T',3000.00,11,1),(498,6484,'2015-11-10',1,'0187810','T',15000.00,6,1),(499,6485,'2015-12-11',1,'038383338','T',3000.00,3,1),(500,6486,'2015-12-11',1,'038383340','V',3000.00,3,1),(501,6536,'2016-02-29',1,'12078','T',11600.00,11,1),(502,6538,'2016-03-03',1,'200149','T',3540.00,6,1),(503,6540,'2016-02-29',1,'84923768','T',2800.00,16,1),(504,6541,'2015-11-11',1,'073439579','V',4000.00,22,1),(505,6543,'2015-11-30',1,'0184176','T',27000.00,6,1),(506,6547,'2016-03-11',1,'325672','T',17200.00,6,1),(508,6554,'2014-02-28',1,'52300334523','T',400.00,3,1),(509,6556,'2016-03-16',1,'98559003','T',28400.00,5,1),(510,6559,'2016-02-02',1,'200771','T',2000.00,6,1),(511,6560,'2016-02-02',1,'200772','T',2800.00,6,1),(512,6562,'2016-02-02',1,'0281244','T',2800.00,6,1),(513,6563,'2016-03-19',1,'98938168','T',2800.00,5,1),(514,6564,'2016-02-03',1,'043394208','T',2000.00,3,1),(515,6568,'2016-02-04',1,'342693','T',4800.00,6,1),(516,6570,'2016-02-13',1,'151115','T',14400.00,11,1),(517,6571,'2016-02-16',1,'06966','T',69510.00,6,1),(518,6573,'2016-03-10',1,'96439','T',14200.00,6,1),(519,6582,'2014-07-05',1,'77101','T',2400.00,6,1),(520,6583,'2015-08-04',1,'58344','T',4400.00,6,1),(521,6584,'2015-08-05',1,'58345','T',10000.00,6,1),(522,6585,'2015-11-09',1,'68138','T',3000.00,6,1),(523,6586,'2015-11-10',1,'68139','T',5000.00,6,1),(524,6587,'2015-12-29',1,'65893','T',1800.00,6,1),(525,6588,'2015-12-29',1,'65894','T',2000.00,6,1),(526,6596,'2016-03-31',1,'10047457','T',14400.00,4,1),(527,6597,'2016-04-04',1,'266438','T',3540.00,6,1),(528,6598,'2016-04-05',1,'217738','T',15000.00,6,1),(530,6604,'2016-03-02',1,'101808','T',18400.00,6,1),(531,6605,'2016-03-09',1,'315951','T',2000.00,6,1),(532,6561,'2016-03-04',1,'199524','T',2800.00,6,1),(533,6607,'2016-03-07',1,'142295','T',2800.00,6,1),(536,6610,'2016-03-18',1,'48251815','T',3000.00,3,1),(537,6611,'2016-03-18',1,'48251823','T',3000.00,3,1),(538,6613,'2016-03-10',1,'133611','T',2800.00,6,1),(539,6614,'2016-04-24',1,'178093','T',14400.00,6,1),(540,6617,'2016-04-13',1,'295640','T',2800.00,6,1),(541,6618,'2016-04-27',1,'52225203','T',5600.00,3,1),(542,6619,'2016-04-26',1,'92653358','T',2800.00,5,1),(543,6620,'2016-04-28',1,'92903162','T',5600.00,5,1),(544,6621,'2016-04-14',1,'077816470','V',8400.00,22,1),(545,6622,'2016-04-22',1,'078061639','V',4000.00,22,1),(546,6623,'2016-04-20',1,'67737','T',39600.00,6,1),(547,6624,'2016-02-01',1,'92893','T',6600.00,6,1),(548,6625,'2016-03-10',1,'86181340','T',1800.00,16,1),(549,6626,'2016-03-10',1,'86181317','T',1800.00,16,1),(550,6627,'2016-03-10',1,'86181238','T',3000.00,16,1),(551,6628,'2016-03-22',1,'87302457','T',2800.00,16,1),(553,6629,'2014-11-04',1,'62893659','V',58242.00,22,1),(554,6646,'2016-05-10',1,'1110917','T',1320.00,6,1),(555,6647,'2016-04-05',1,'70589','T',2800.00,6,1),(556,6648,'2016-05-02',1,'224540','T',2800.00,6,1),(557,6649,'2016-05-06',1,'303116','T',4400.00,6,1),(558,6651,'2016-03-28',1,'10086295','T',20000.00,4,1),(559,6654,'2016-02-02',1,'80095','T',1800.00,6,1),(560,6655,'2016-02-02',1,'80096','T',7600.00,6,1),(561,6656,'2016-03-16',1,'90189','T',2200.00,6,1),(562,6657,'2016-02-29',1,'65990','T',4000.00,6,1),(563,6659,'2016-05-17',1,'95064876','T',3200.00,22,1),(565,6661,'2016-05-17',1,'95065000','T',2000.00,5,1),(567,6665,'2016-06-01',1,'5751953032','T',2800.00,6,0),(568,6666,'2016-06-01',1,'5924319939','T',2800.00,6,0),(569,6667,'2016-06-15',1,'0151********2735','T',8800.00,22,1),(570,6668,'2016-06-03',1,'76287','T',2000.00,22,1),(571,6669,'2016-06-03',1,'76288','T',3200.00,22,1),(572,6671,'2016-04-04',1,'271123','T',14400.00,6,1),(574,6678,'2016-06-23',1,'96692885','T',2000.00,5,1),(575,6679,'2016-06-23',1,'96691992','T',3200.00,5,1),(576,6682,'2016-03-29',1,'192754','T',16200.00,6,1),(577,6683,'2016-04-28',1,'078216536','V',10200.00,22,1),(578,6686,'2015-11-13',1,'388088','T',3000.00,6,1),(579,6712,'2015-12-17',1,'77272','T',1000.00,6,1),(580,6713,'2016-05-10',1,'10112211','T',11200.00,4,1),(581,6714,'2015-10-13',1,'10107741','T',3000.00,4,1),(582,6715,'2015-06-10',1,'10054982','T',3000.00,4,1),(583,6716,'2015-03-09',1,'10059788','T',3000.00,4,1),(584,6717,'2016-04-28',1,'196622','T',5600.00,6,1),(585,6724,'2016-01-22',1,'10043717','T',4000.00,4,1),(586,6726,'2016-04-11',1,'175228','T',5600.00,6,1),(587,6728,'2016-07-06',1,'561280','T',2800.00,6,1),(588,6729,'2016-07-06',1,'561279','T',2000.00,6,1),(589,6730,'2016-07-12',1,'246716','T',400.00,6,1),(590,6658,'2016-04-22',1,'70752','T',2800.00,6,1),(591,6731,'2016-05-18',1,'71500','T',3200.00,6,1),(592,6732,'2015-11-27',1,'72062','T',2000.00,6,1),(593,6734,'2016-06-27',1,'79640644','V',26400.00,22,1),(594,6735,'2016-06-16',1,'125755','T',12000.00,6,1),(595,6736,'2016-07-19',1,'99762852','T',3200.00,5,1),(596,6737,'2016-07-19',1,'99762852','T',2000.00,5,1),(597,6749,'2016-06-29',1,'346862','T',15200.00,6,1),(598,6122,'2015-01-02',1,'131766','T',2000.00,6,1),(599,6750,'2016-07-19',1,'223531','T',3400.00,6,1),(600,6753,'2016-06-06',1,'4974','T',3600.00,6,1),(602,6755,'2016-06-22',1,'79580023','V',26910.00,22,1),(603,6756,'2016-04-02',1,'215382','T',2800.00,11,1),(604,6757,'2016-08-10',1,'201571','T',2800.00,22,1),(607,6760,'2016-09-12',1,'175147','V',6800.00,11,1),(608,6761,'2016-08-08',1,'131617','T',3200.00,6,1),(609,6763,'2016-07-26',1,'62906088','T',24000.00,3,1),(611,6765,'2016-06-22',1,'65412','T',3800.00,6,1),(612,6766,'2016-06-03',1,'221408','T',3200.00,6,1),(613,6767,'2016-06-03',1,'221407','T',400.00,6,1),(614,6768,'2016-01-15',1,'144376','T',2000.00,6,1),(615,6769,'2016-07-07',1,'297682','T',3200.00,6,1),(616,6770,'2016-05-05',1,'160368','T',2800.00,6,1),(617,6771,'2016-06-07',1,'156568','T',3200.00,6,1),(618,6772,'2016-04-04',1,'479035','T',2800.00,6,1),(619,6773,'2016-04-08',1,'1852','T',2000.00,6,1),(620,6776,'2014-06-05',1,'1105','T',400.00,6,1),(621,6777,'2014-04-09',1,'4213','T',500.00,6,1),(622,6778,'2014-07-14',1,'5028','T',400.00,6,1),(623,6779,'2014-08-11',1,'98846','T',400.00,6,1),(624,6569,'2016-01-05',1,'197118','T',2000.00,6,1),(625,6781,'2016-01-05',1,'197119','T',2800.00,6,1),(626,6788,'2016-08-04',1,'70018','V',3200.00,24,1),(627,6789,'2016-08-04',1,'70017','V',2000.00,3,1),(628,6790,'2016-08-07',1,'IB0000095468','T',7258.00,22,1),(631,6795,'2016-07-29',1,'241139','T',3000.00,6,1),(632,6797,'2016-07-06',1,'079829252','V',9600.00,22,1),(633,6798,'2016-08-17',1,'93406212','T',3200.00,5,1),(634,6799,'2016-07-06',1,'98030870','T',5600.00,5,1),(635,6800,'2016-08-18',1,'65639262','T',15600.00,3,1),(636,6802,'2016-08-23',1,'94195542','T',19600.00,5,1),(637,6803,'2016-06-29',1,'79715468','V',5000.00,22,1),(638,6804,'2016-07-21',1,'80194579','V',5000.00,22,1),(639,6807,'2016-08-23',1,'81057351','V',12800.00,22,1),(640,6808,'2016-09-02',1,'218082','T',15000.00,6,1),(642,6812,'2016-08-31',1,'284720','T',6400.00,22,1),(644,6814,'2016-09-06',1,'0134*5361023325','V',10000.00,24,1),(645,6815,'2016-09-21',1,'97683472','T',3200.00,5,1),(646,6816,'2016-10-03',1,'10032530','T',26800.00,4,1),(647,6817,'2016-09-09',1,'367828','T',19000.00,6,1),(649,6819,'2016-05-10',1,'53676507','T',5000.00,3,1),(650,6820,'2016-05-10',1,'53676515','T',5000.00,3,1),(651,6821,'2016-05-10',1,'53676515','T',2500.00,3,1),(652,6822,'2016-10-10',1,'0134*5361023325','V',10000.00,6,1),(653,6823,'2016-08-09',1,'68333','T',3200.00,6,1),(654,6824,'2016-08-17',1,'161785','T',33600.00,6,1),(655,6825,'2016-07-14',1,'0480','T',3200.00,6,1),(656,6826,'2016-08-05',1,'3085','T',3200.00,6,1),(657,6827,'2016-09-13',1,'1151','T',10000.00,6,1),(658,6828,'2016-05-10',1,'53676509','T',5000.00,3,1),(659,6834,'2016-09-05',1,'148618','T',3200.00,6,1),(660,6835,'2017-02-20',1,'4011','T',60000.00,2,1),(661,6836,'2016-08-23',1,'81058197','T',6600.00,22,1),(662,6837,'2016-10-17',2,'001','T',137000.00,24,1),(663,6838,'2016-08-18',1,'80820813','V',79000.00,22,1),(664,6845,'2016-08-23',1,'178733','T',20000.00,6,1),(665,6847,'2016-08-02',1,'63512085','T',12400.00,3,1),(666,6848,'2016-10-04',1,'71182042','T',10000.00,3,1),(667,6849,'2016-08-30',1,'126534','T',16400.00,6,1),(668,6850,'2016-05-31',1,'125289','T',16800.00,6,1),(669,6851,'2016-09-30',1,'18566','T',5000.00,11,1),(670,6853,'2016-09-06',1,'81426445','V',14400.00,22,1),(672,6854,'2016-08-23',1,'081057351','V',83600.00,22,1),(673,6856,'2016-08-18',1,'080820684','V',25600.00,22,1),(674,6858,'2016-08-23',1,'94060596','T',10000.00,5,1),(675,6859,'2016-09-12',1,'96552314','T',10000.00,5,1),(676,6860,'2016-08-09',1,'97120','T',3200.00,6,1),(678,6862,'2016-08-09',1,'97121','T',6400.00,6,1),(679,6863,'2015-03-20',1,'66938847','V',1000.00,22,1),(680,6864,'2015-04-21',1,'67846219','V',1000.00,22,1),(681,6865,'2015-05-15',1,'68496237','V',1000.00,22,1),(682,6866,'2015-06-19',1,'69547038','V',1000.00,22,1),(683,6867,'2015-07-23',1,'70548624','V',1000.00,22,1),(684,6868,'2015-08-20',1,'71219822','V',1000.00,22,1),(685,6869,'2015-09-18',1,'71999757','V',1000.00,22,1),(686,6870,'2015-10-20',1,'72836435','V',1000.00,22,1),(687,6871,'2015-11-18',1,'73745058','V',7000.00,22,1),(688,6872,'2015-12-18',1,'74875882','V',2800.00,22,1),(689,6873,'2016-01-20',1,'75530178','V',2800.00,22,1),(690,6874,'2016-03-22',1,'77317674','V',2800.00,22,1),(691,6875,'2016-03-02',1,'76718034','V',2800.00,22,1),(692,6876,'2016-04-20',1,'77988837','V',2800.00,22,1),(693,6877,'2016-05-27',1,'78929918','V',2800.00,22,1),(694,6878,'2016-06-28',1,'79672095','V',2800.00,22,1),(695,6879,'2016-07-12',1,'79951601','V',2800.00,22,1),(696,6883,'2016-10-14',1,'114776','T',16800.00,6,1),(697,6884,'2016-10-24',1,'199878','T',20000.00,6,1),(698,6885,'2016-08-17',1,'130266','T',25100.00,6,1),(699,6918,'2016-10-17',1,'2529','T',26000.00,6,1),(700,6919,'2016-06-07',1,'77891','T',3200.00,6,1),(701,6920,'2016-07-26',1,'74346','T',3200.00,6,1),(702,6921,'2016-08-09',1,'25683','T',3200.00,6,1),(703,6922,'2016-08-23',1,'68864','T',16800.00,6,1),(704,6923,'2016-07-06',1,'154795','T',3200.00,6,1),(705,6924,'2016-09-12',1,'175148','V',10000.00,6,1),(706,6925,'2016-06-03',1,'220059','T',400.00,6,1),(707,6926,'2016-06-03',1,'220060','T',3200.00,6,1),(708,6927,'2016-05-05',1,'201571','T',2800.00,6,1),(709,6928,'2016-10-30',1,'IB0000293231','T',30000.00,22,1),(710,6930,'2016-10-30',1,'82687229','V',20000.00,22,1),(712,6933,'2016-10-04',1,'82181065','V',5600.00,22,1),(713,6934,'2016-10-21',1,'402589','T',20000.00,6,1),(714,6935,'2016-10-25',1,'82687229','V',20000.00,22,1),(715,6936,'2016-10-10',2,'F33455','V',14450.00,24,1),(716,6937,'2016-10-05',1,'99416541','T',10000.00,5,1),(719,6938,'2016-07-06',1,'98032656','T',9600.00,5,1),(720,6939,'2016-07-06',1,'98048162','T',9600.00,5,1),(721,6941,'2016-10-31',1,'82820634','V',39600.00,22,1),(722,6942,'2016-11-08',1,'325205','V',10000.00,6,1),(723,6943,'2016-11-02',1,'82905320','V',36400.00,22,1),(724,6944,'2016-10-05',1,'218360','T',3200.00,6,1),(725,6945,'2016-10-07',1,'1932','T',10000.00,6,1),(726,6946,'2016-10-20',1,'371772','T',6800.00,6,1),(727,6948,'2016-11-04',1,'07537382','T',167200.00,4,1),(728,6949,'2016-10-21',1,'204841','T',41000.00,6,1),(730,6951,'2014-05-02',1,'89078911','T',400.00,3,1),(731,6952,'2014-06-03',1,'91195911','T',400.00,3,1),(732,6953,'2014-07-02',1,'93239672','T',400.00,3,1),(733,6954,'2014-07-31',1,'95470866','T',400.00,3,1),(734,6955,'2014-10-02',1,'99999845','T',400.00,3,1),(735,6956,'2014-10-02',1,'99999846','T',400.00,3,1),(736,6957,'2014-11-04',1,'2887462','T',400.00,3,1),(737,6958,'2014-12-30',1,'7122059','T',600.00,3,1),(738,6959,'2014-12-30',1,'7122073','T',1000.00,3,1),(739,6960,'2014-12-30',1,'7122102','T',1000.00,3,1),(740,6961,'2016-11-04',1,'4586','T',10000.00,6,1),(741,6962,'2014-05-19',1,'97047','T',3100.00,3,1),(742,6963,'2016-10-06',1,'152411','T',10000.00,6,1),(743,6964,'2016-10-20',1,'153665','T',10000.00,6,1),(744,6965,'2016-11-02',1,'8380','T',81000.00,6,1),(745,6970,'2016-11-02',1,'450795','T',10000.00,6,1),(746,6971,'2016-11-14',1,'358962','T',10000.00,6,1),(748,6974,'2016-11-16',1,'51244107','T',20000.00,7,1),(749,6976,'2016-08-19',1,'80899040','T',100000.00,22,1),(750,6980,'2016-11-23',1,'77588704','T',15000.00,3,1),(751,6981,'2016-11-28',1,'78176725','T',700.00,3,1),(752,6982,'2016-12-03',1,'10156066','T',30000.00,4,1),(753,6983,'2016-12-05',1,'98157262','T',16400.00,5,1),(754,6984,'2017-05-22',1,'0509170100055225','T',50000.00,5,1),(756,6987,'2016-12-05',1,'0134*5361023325','T',10000.00,6,1),(757,6988,'2017-01-06',1,'0134*5361023325','T',10000.00,6,1),(762,6994,'2016-12-16',1,'565894','T',63200.00,6,1),(763,6995,'2016-11-22',1,'230292','T',20000.00,6,1),(764,6996,'2016-11-30',1,'300684','T',6800.00,6,1),(765,6997,'2016-11-30',1,'300685','T',10000.00,6,1),(766,6998,'2016-12-02',1,'6633267249','T',6800.00,6,1),(767,6999,'2016-10-05',1,'217768','T',10000.00,6,1),(768,7000,'2016-11-08',1,'259255','T',10000.00,6,1),(769,7001,'2016-11-14',1,'182114','T',10000.00,6,1),(770,7002,'2016-11-09',1,'211135','T',16800.00,6,1),(771,7003,'2016-11-28',1,'96930','T',30000.00,6,1),(772,7005,'2016-11-14',1,'094782242','T',20000.00,5,1),(773,7007,'2016-11-18',1,'95818906','T',50400.00,5,1),(774,7008,'2016-11-16',1,'602','T',10000.00,6,1),(775,7009,'2016-11-16',1,'76500260','T',10000.00,3,1),(776,7010,'2016-11-08',1,'82978699','V',17000.00,22,1),(777,7011,'2016-11-17',1,'83332229','V',10000.00,22,1),(778,7012,'2016-12-15',1,'6701091078','T',60000.00,6,1),(782,7016,'2017-01-17',1,'86206968','T',10000.00,3,1),(784,7018,'2016-11-18',1,'274773','T',72400.00,6,1),(785,7020,'2016-10-26',1,'49983200','T',30000.00,7,1),(786,7021,'2016-12-15',1,'90355081','T',14900.00,5,1),(787,7022,'2016-12-08',1,'84170137','V',68000.00,22,1),(788,7023,'2016-12-06',1,'0001001580','T',10000.00,6,1),(789,7024,'2017-02-06',1,'0033831000192735','T',40000.00,22,1),(790,7025,'2017-01-20',1,'010125386','T',50000.00,4,1),(791,7027,'2017-02-09',1,'0151********2735','T',10000.00,22,1),(792,7028,'2017-01-11',1,'20583929','T',10000.00,16,1),(793,7030,'2017-01-10',1,'97791','T',10000.00,6,1),(794,7031,'2016-12-22',1,'19361846','T',25800.00,15,1),(795,7032,'2017-01-24',1,'96965966','T',20800.00,5,1),(796,7033,'2017-01-23',1,'86828618','T',15000.00,3,1),(797,7034,'2017-01-31',1,'85771052','V',37800.00,22,1),(798,7035,'2016-12-05',1,'329974','T',10000.00,6,1),(799,7036,'2017-01-11',1,'225671','T',10000.00,6,1),(800,7037,'2017-01-30',1,'97853238','T',7000.00,5,1),(801,7038,'2017-01-30',1,'186689','T',20000.00,6,1),(802,7040,'2016-12-21',1,'675210','T',10000.00,6,1),(803,7041,'2016-12-20',1,'207280','T',10000.00,6,1),(804,7042,'2017-01-10',1,'85147657','V',20298.00,22,1),(805,7047,'2017-02-21',1,'0192971928000334','T',30000.00,7,1),(806,7048,'2017-01-24',1,'158244','T',120000.00,6,1),(807,7049,'2016-12-26',1,'84855353','V',60000.00,22,1),(808,7050,'2017-01-19',1,'143889','T',10000.00,6,1),(810,7054,'2016-12-06',1,'334102','T',20000.00,6,1),(811,7056,'2016-10-06',1,'82229449','V',20000.00,22,1),(812,7057,'2016-10-11',1,'82311983','V',20000.00,22,1),(813,7058,'2016-10-24',1,'82637573','V',20000.00,22,1),(814,7059,'2016-11-21',1,'83478754','V',20000.00,22,1),(815,7060,'2017-01-20',1,'85454138','V',10000.00,22,1),(816,7061,'2017-02-22',1,'86307234','V',10000.00,22,1),(817,7062,'2016-05-27',1,'348703','T',11200.00,6,1),(818,7063,'2016-09-26',1,'132879','T',6400.00,6,1),(819,7064,'2016-12-30',1,'107764','T',30000.00,6,1),(820,7065,'2017-02-10',1,'0472529/ 6939032298','T',30000.00,6,1),(821,7066,'2016-04-28',1,'96892','T',1200.00,6,1),(822,7067,'2017-03-03',1,'0672172','T',10000.00,6,1),(826,7072,'2016-12-14',1,'5434','T',10000.00,6,1),(827,7073,'2017-01-11',1,'2953','T',10000.00,6,1),(828,7075,'2016-12-28',1,'10084821','T',40000.00,4,1),(829,7076,'2016-10-10',1,'10105766','T',29600.00,4,1),(830,7077,'2016-11-10',1,'86585','T',44000.00,6,1),(831,7079,'2016-11-03',1,'216023','T',43000.00,6,1),(832,7080,'2016-10-11',1,'7818589','T',1000.00,16,1),(833,7081,'2016-10-10',1,'7654621','T',5000.00,16,1),(834,7082,'2016-10-19',1,'8734046','T',5000.00,16,1),(835,7083,'2016-08-02',1,'249556','T',2800.00,16,1),(836,7084,'2016-08-02',1,'249585','T',3300.00,16,1),(837,7085,'2016-08-02',1,'249616','T',3300.00,16,1),(838,7086,'2017-02-02',1,'85812459','V',50000.00,22,1),(839,7087,'2017-01-13',1,'91424','T',20000.00,6,1),(840,7088,'2017-02-07',1,'518495','T',10000.00,6,1),(841,7089,'2016-12-13',1,'564388','T',20000.00,6,1),(842,7090,'2016-10-10',1,'148102','T',10000.00,6,1),(843,7092,'2017-02-07',1,'203836','T',10000.00,6,1),(844,7093,'2017-02-24',1,'479413','T',30000.00,6,1),(845,7095,'2017-02-08',1,'1704','T',10000.00,6,1),(846,7096,'2017-03-07',1,'00497677','T',20000.00,6,1),(848,7098,'2017-03-15',1,'0151********2735','T',10000.00,22,1),(850,7100,'2017-03-07',1,'0276108/ 7040832780','T',30000.00,6,1),(851,7101,'2017-03-15',1,'10017182','T',20000.00,4,1),(852,7102,'2017-03-20',1,'0105*1079599541','T',20000.00,3,1),(853,7103,'2017-03-17',1,'95011415/1079599541','T',10000.00,3,1),(855,7105,'2017-03-10',1,'029037921','T',10000.00,16,1),(857,7107,'2017-03-14',1,'00166678','T',20000.00,6,1),(858,7108,'2017-02-20',1,'117417','T',10000.00,6,1),(860,7110,'2017-03-03',1,'000023731/010080792','T',160210.00,4,1),(861,7111,'2017-04-29',1,'010087561 - 023731','T',10000.00,4,1),(862,7112,'2017-03-26',1,' 98307714','V',10000.00,24,0),(863,7113,'2017-05-22',1,'0200029877','T',10000.00,5,0),(866,7144,'2016-06-15',1,'010117572','T',3100.00,4,1),(869,7146,'2016-08-12',1,'010116790','T',3200.00,4,1),(870,7147,'2016-12-07',1,'010009196','T',10000.00,4,1),(871,7143,'2016-05-20',1,'10019907','T',3300.00,4,1),(872,7148,'2016-07-08',1,'010089583','T',1000.00,4,1),(873,7149,'2016-11-16',1,'010004392','T',10000.00,4,1),(876,7157,'2017-03-17',1,'00487927','T',30000.00,22,1),(880,7137,'2015-10-21',1,'072925526','V',1000.00,22,1),(881,7138,'2015-11-20',1,'073921004','V',1000.00,22,1),(882,7139,'2015-12-16',1,'074788559','V',7000.00,22,1),(883,7142,'2016-01-27',1,'075839622','V',2800.00,22,1),(886,7140,'2016-02-23',1,'076499414','V',2800.00,22,1),(887,7141,'2016-03-21',1,'077258429','V',2800.00,22,1),(888,6222,'2016-04-25',1,'078108932','V',2800.00,22,1),(889,7145,'2016-07-08',1,'010081863','T',2200.00,4,1),(890,7162,'2017-02-17',1,'010002072','T',20000.00,4,1),(891,7163,'2017-05-22',1,'0105*1189059371','T',10000.00,3,1),(892,7164,'2017-04-06',1,'0165141650144640','T',20000.00,7,1),(893,7165,'2017-03-02',1,'010186746','T',10000.00,4,1),(894,7166,'2017-03-07',1,'010010592','T',10000.00,4,1),(895,7167,'2015-10-29',1,'00149072','T',1000.00,6,1),(896,7168,'2017-03-09',1,'00399311','T',10000.00,6,1),(897,7169,'2017-03-21',1,'0494339','T',30000.00,6,1),(899,7171,'2017-03-23',1,'0121547','T',20000.00,6,1),(900,7172,'2017-03-30',1,'00265087','T',20000.00,6,1),(901,7173,'2017-03-03',1,'0118579','T',10000.00,6,1),(902,7174,'2017-03-15',1,'095710827','T',20000.00,5,1),(903,7175,'2017-03-03',1,'086561415','V',20000.00,22,1),(904,7176,'2017-03-16',1,'0199859','T',31652.00,6,1),(905,7177,'2017-03-21',1,'0160993','T',10000.00,6,1),(907,7179,'2017-01-27',1,'010001885','T',10000.00,4,1),(908,7180,'2015-09-23',1,'072194166','V',2000.00,22,1),(909,7181,'2015-03-13',1,'066777050','V',2000.00,22,1),(910,7182,'2017-03-06',1,'00662630','T',100000.00,6,1),(911,7183,'2017-03-13',1,'95190810','T',57000.00,5,1),(912,7184,'2017-03-06',1,'078279 / 5361023325','T',10000.00,6,1),(913,7186,'2017-04-17',1,'0134*5361023325','V',10000.00,24,1),(914,7188,'2017-02-06',1,'0307063 / 1023325','T',10000.00,6,1),(915,7189,'2017-05-07',1,'0151******2735','T',10000.00,22,1),(916,7190,'2017-05-26',1,'0663019767/98084','T',10000.00,6,1),(917,7191,'2017-05-22',1,'0134*0633019767','T',10000.00,6,1),(918,7192,'2017-02-08',1,'089240162','T',20000.00,3,1),(919,7193,'2017-03-13',1,'0193898','T',20000.00,6,1),(920,7194,'2016-11-16',1,'00017540','T',5000.00,11,1),(921,7195,'2015-08-31',1,'09925211','T',1000.00,11,1),(922,7196,'2017-03-06',1,'0166903','T',10000.00,6,1),(924,7198,'2017-03-06',1,'00243298','T',10000.00,6,1),(927,7197,'2017-02-08',1,'00243298','T',10000.00,6,1),(928,7200,'2017-03-09',1,'0399312','T',123600.00,6,1),(929,7201,'2017-04-29',1,'7205783272','V',10000.00,24,0),(930,7202,'2017-05-08',1,'000052300952331','T',34000.00,3,0),(931,7203,'2017-05-08',1,'0052300549498','T',10000.00,3,0),(932,7204,'2017-05-10',1,'0134004409044100','T',10000.00,6,0),(933,7205,'2017-05-13',1,'7283449988','V',10.00,24,0),(934,7206,'2017-05-16',1,'0214102143047205','T',32000.00,6,0),(935,7207,'2017-05-19',1,'01632053000972','T',49000.00,11,0),(936,7208,'2017-05-19',1,'013494161559478','T',60000.00,6,0),(938,7210,'2017-04-07',1,'0105Cta1189059371','T',10000.00,3,1),(939,7211,'2017-04-06',1,'1079599541','V',20000.00,3,1),(940,7212,'2017-05-22',1,'0509170100055225','T',134000.00,5,1),(941,7213,'2017-04-03',1,'087359002','V',40000.00,22,1),(942,7214,'2017-05-26',1,'0151********2735','T',40000.00,22,1),(943,7215,'2017-05-26',1,'0151********2735','T',4000.00,22,1),(944,7216,'2017-04-05',1,'0134*0441008538','T',10000.00,6,1),(945,7217,'2017-04-06',1,'0134*0001001580','T',10000.00,6,1),(946,7218,'2017-04-06',1,'0134*5331072097','T',10000.00,6,1),(947,7219,'2017-04-10',1,'0116*0101601875','T',10000.00,16,1),(948,7220,'2017-05-26',1,'0108*0100058097','T',10000.00,5,1),(949,7221,'2017-04-20',1,'0100000193/10148895','T',10.00,4,1),(950,7222,'2017-04-24',1,'0134*1343000517/62605','T',10000.00,6,1),(951,7223,'2017-04-24',1,'0134*2145053024/340741','T',20000.00,6,1),(952,7224,'2017-01-19',1,'0105*0107080028/377440','T',20000.00,3,1),(953,7225,'2016-12-23',1,'0105*0107080028/677818','T',20000.00,3,1),(954,7226,'2017-05-28',1,'641079599541','T',15000.00,3,0),(955,7227,'2017-05-28',1,'3019767','T',56000.00,6,0),(956,7228,'2017-05-26',1,'98099911','T',200000.00,5,1),(957,7229,'2017-06-02',1,'0917','T',22000.00,6,0),(958,7230,'2017-06-02',1,'0917','T',12000.00,6,0),(959,7231,'2017-06-02',1,'0917','T',8000.00,6,0),(960,7232,'2017-06-06',1,'0134004409044100','T',56000.00,6,0),(961,7233,'2017-05-13',1,'95786355','T',24000.00,5,0),(962,7234,'2017-05-23',1,'7367017282','V',22000.00,24,0),(963,7235,'2017-06-05',1,'7426483837','V',22.00,24,0),(964,7236,'2017-05-04',1,'7283449988','V',10.00,24,0);
/*!40000 ALTER TABLE `mip_pay_not_cash_info` ENABLE KEYS */;
UNLOCK TABLES;

--
-- Table structure for table `mip_person`
--

DROP TABLE IF EXISTS `mip_person`;
/*!40101 SET @saved_cs_client     = @@character_set_client */;
/*!40101 SET character_set_client = utf8 */;
CREATE TABLE `mip_person` (
  `id` int(11) NOT NULL AUTO_INCREMENT,
  `first_name` varchar(60) COLLATE utf8_bin NOT NULL,
  `last_name` varchar(60) COLLATE utf8_bin NOT NULL,
  `full_name` varchar(120) COLLATE utf8_bin NOT NULL,
  `identity_code` varchar(16) COLLATE utf8_bin NOT NULL COMMENT 'Documento de Identidad, rif, cedula, pasaporte',
  `identity_type` char(1) COLLATE utf8_bin NOT NULL COMMENT ' Rif',
  `active` tinyint(1) NOT NULL DEFAULT '0' COMMENT 'Es un vecino, o dejo de serlo al vender',
  `inactive_description` varchar(255) COLLATE utf8_bin DEFAULT NULL COMMENT 'istema',
  `group_person_id` int(11) DEFAULT NULL,
  PRIMARY KEY (`id`),
  KEY `index_mip_group_person_mip_person_fk` (`group_person_id`),
  CONSTRAINT `mip_group_person_mip_person_fk` FOREIGN KEY (`group_person_id`) REFERENCES `mip_group_person` (`id`) ON DELETE NO ACTION ON UPDATE NO ACTION
) ENGINE=InnoDB AUTO_INCREMENT=694 DEFAULT CHARSET=utf8 COLLATE=utf8_bin COMMENT='Cada persona de la Urbanizacin';
/*!40101 SET character_set_client = @saved_cs_client */;

--
-- Dumping data for table `mip_person`
--

LOCK TABLES `mip_person` WRITE;
/*!40000 ALTER TABLE `mip_person` DISABLE KEYS */;
INSERT INTO `mip_person` (`id`, `first_name`, `last_name`, `full_name`, `identity_code`, `identity_type`, `active`, `inactive_description`, `group_person_id`) VALUES (511,'Andres','Abreu Arenas','S/N','no','V',0,NULL,NULL),(512,'Anttilio','Afaldo','S/N','no','V',0,NULL,NULL),(513,'Hector','Aguilar','S/N','no','V',1,NULL,NULL),(514,'Dorgelis','Alcocer','S/N','8.719.398','V',1,NULL,NULL),(515,'Blanca','Yanez','S/N','8.719.398','V',1,NULL,NULL),(516,'Morelia','Torres','S/N','8.719.398','V',1,NULL,NULL),(517,'Henry','Marquez','S/N','8.719.398','V',1,NULL,NULL),(518,'Danilo','Aldana','S/N','5.451.513','V',1,NULL,NULL),(519,'Alvaro','Alvarez','S/N','4.845.881','V',1,NULL,NULL),(520,'Nelson','De Vasconcelos','S/N','4.845.881','V',0,NULL,NULL),(521,'Ligia','Araque De Castro','S/N','10.376.313','V',1,NULL,NULL),(522,'Jorge Luis','Castro','S/N','7.957.108','V',0,NULL,NULL),(523,'Oscar','Rodriguez','S/N','6.863.073','V',1,NULL,NULL),(524,'Jose Luis','Barraza','S/N','18.604.489','V',1,NULL,NULL),(525,'Ingrid','Arnal','S/N','18.604.489','V',0,NULL,NULL),(526,'Mercedes','Barrios','S/N','no','V',1,NULL,NULL),(527,'Orlando','Barrios','S/N','no','V',0,NULL,NULL),(528,'Angelo','Basile Colosi','S/N','no','V',1,NULL,NULL),(529,'Jose Enrique','Bestilleiro Silveiro','S/N','6.818.224','V',0,NULL,NULL),(530,'America','Patio De Bestilleiro','S/N','657.536','E',1,NULL,NULL),(531,'Argenis','Betancourt','S/N','10514900','V',1,NULL,NULL),(532,'Ariani','Piango','S/N','10514900','V',0,NULL,NULL),(533,'Williams','Zuleta','S/N','no','V',1,NULL,NULL),(534,'Gustavo Jose Saet','Brea Gil','S/N','no','V',1,NULL,NULL),(535,'Jose','Brito','S/N','3611046','V',1,NULL,NULL),(536,'Jose','Campilongo Capozzoli','S/N','no','V',1,NULL,NULL),(537,'Ligia (Dario)','Barrios (Canton)','S/N','2.685.097','V',1,NULL,NULL),(538,'Paolo','Carmini','S/N','no','V',1,NULL,NULL),(539,'Celso','Carmini','S/N','no','V',0,NULL,NULL),(540,'S/N','S/N','Lezama Inmobiliaria','no','J',0,NULL,NULL),(541,'Abel','Carrasquero','S/N','4.748.250','V',1,NULL,NULL),(542,'Raul','Casadiego','S/N','5.094.276','V',1,NULL,NULL),(543,'Edgar','Castro','S/N','no','V',1,NULL,NULL),(544,'Ennio','Cemeco','S/N','4.746.810','V',1,NULL,NULL),(545,'Silvia','Cemeco','S/N','5.904.218','V',0,NULL,NULL),(546,'Georges','Chacur Salin','S/N','no','V',1,NULL,NULL),(547,'Luis','Chang','S/N','3.550.509','V',1,NULL,NULL),(548,'Vincenzo A','Ciociola Piemontese','S/N','6.294.471','V',1,NULL,NULL),(549,'Giussepe','Clemente Ventura','S/N','no','V',1,NULL,NULL),(550,'S/N','S/N','Constructora Sotelo S.R.L.','no','J',1,NULL,NULL),(551,'S/N','S/N','Constructora Allarori C.A.','no','J',0,NULL,NULL),(552,'S/N','S/N','Constructora Urdaneta, C.A.','no','J',1,NULL,NULL),(553,'Rafael Jose','Coronado Patio','S/N','8438233','V',0,NULL,NULL),(554,'Gumeh','Dallami','S/N','18.026.158','V',1,NULL,NULL),(555,'Rosalba De','Dallami','S/N','3.883.446','V',1,NULL,NULL),(556,'Miguel','Vergara','S/N','16.432.406','V',0,NULL,NULL),(557,'IYUMIRY','PIA','S/N','17.303.682','V',0,NULL,NULL),(558,'Felix','Decanio','S/N','6.002.740','V',1,NULL,NULL),(559,'Edith','Reales','S/N','14.586.045','V',0,NULL,NULL),(560,'Alberto','Dominguez','S/N','3.826.379','V',1,NULL,NULL),(561,'Mario Antonio  (casa Charito)','Dos Santos','S/N','no','V',1,NULL,NULL),(562,'Cristina','Egui D Machado','S/N','no','V',1,NULL,NULL),(563,'Mario','Ercole','S/N','6.963.846','V',1,NULL,NULL),(564,'Henry','Ercole','S/N','6.963.846','V',1,NULL,NULL),(565,'Gianni','Ercole','S/N','6.963.846','V',1,NULL,NULL),(566,'Guglielmo','Feleppa','S/N','81.685.541','V',1,NULL,NULL),(567,'Miguel Martn','Fernndez','S/N','no','V',0,NULL,NULL),(568,'Luis','Fuentes','S/N','7925567','V',1,NULL,2),(569,'Mariela','Godoy','S/N','11.668.884','V',1,NULL,2),(570,'German','Garcia Pabon','S/N','4.811.926','V',1,NULL,NULL),(571,'Karl','Giessel Bernal','S/N','no','V',1,NULL,NULL),(572,'Nancy','Giessel Bernal','S/N','no','V',0,NULL,NULL),(573,'Orlando','Gomez','S/N','2.808.341','V',1,NULL,NULL),(574,'Domingo','Goncalvez','S/N','6.147.116','V',1,NULL,NULL),(575,'Paulina','Ferreira','S/N','925.059','V',0,NULL,NULL),(576,'Pablo','Guevara','S/N','4.038.966','V',1,NULL,NULL),(577,'Salvador','Gulino','S/N','no','V',1,NULL,NULL),(578,'Iraima Volcan','Gulino','S/N','no','V',1,NULL,NULL),(579,'Teobaldo','Gutierrez','S/N','12.962.937','V',1,NULL,NULL),(580,'Maira','Gutierrez','S/N','14.534.321','V',1,NULL,NULL),(581,'Antonio','Leonardis','S/N','no','V',1,NULL,NULL),(582,'Juan','Levane','S/N','7.565.233','V',0,NULL,NULL),(583,'Danetza','Manzanilla','S/N','9.595.370','V',0,NULL,NULL),(584,'Antonio','Libertti Vicenzo','S/N','no','V',1,NULL,NULL),(585,'Eduardo A','Lobo Parra','S/N','3.537.432','V',1,NULL,NULL),(586,'Isabel','Briceo','S/N','3.908.311','V',0,NULL,NULL),(587,'Concetta','Lomolino De Jastello','S/N','no','V',1,NULL,NULL),(588,'Pedro Abelardo','Lopez Blanco (contacto: Sr Canton)','S/N','no','V',1,NULL,NULL),(589,'Juana Zoraida','Machado D','S/N','no','V',1,NULL,NULL),(590,'Argenis','Machuca','S/N','6.245.191','V',0,NULL,NULL),(591,'Mirian','Ceballos','S/N','7.969.895','V',0,NULL,NULL),(592,'Ligia Machuca / Yajaira Ysabel','Machuca Hernandez','S/N','6.042.018','V',1,NULL,NULL),(593,'Yajaira Ysabel','Machuca Hernandez','S/N','11.674.805','V',1,NULL,NULL),(594,'Oswaldo Rafael','Maiz Rusian','S/N','no','V',1,NULL,NULL),(595,'Pedro','Manaure','S/N','no','V',1,NULL,NULL),(596,'Raul','Marquez','S/N','3.884.459','V',1,NULL,NULL),(597,'Yanira','Marquez','S/N','14.451.557','V',1,NULL,NULL),(598,'Victor','Martel','S/N','no','V',1,NULL,NULL),(599,'Txomin','Mendiola Apiaxi','S/N','no','V',1,NULL,NULL),(600,'Francisco','Meo Romandini','S/N','no','V',1,NULL,NULL),(601,'Alvarado','Mestre','S/N','no','V',1,NULL,NULL),(602,'S/N','S/N','Corporacion Mestre, C.A','no','J',0,NULL,NULL),(603,'Miguel','Bolivar','S/N','no','V',0,NULL,NULL),(604,'Jose','Mora','S/N','3.992.199','V',1,NULL,NULL),(605,'Julio','Bustamante ','S/N','no','V',1,NULL,NULL),(606,'Jose Gregorio','Moreno Contreras','S/N','9.335.846','V',1,NULL,NULL),(607,'Hector','Morillo','S/N','6.172.368','V',0,NULL,NULL),(608,'S/N','S/N','Producciones Hecar2007 C.A.','29499670-1','J',0,NULL,NULL),(609,'Stefani Carolina','Oliveros Navas','S/N','28.289.560','V',0,NULL,NULL),(610,'Hugo Alberto','Morillo Yanez','S/N','6.978.661','V',0,NULL,NULL),(611,'S/N','S/N','Grupo Sonico C.A.','no','J',0,NULL,NULL),(612,'Hugo','Morillo','S/N','no','V',0,NULL,NULL),(613,'Anthony','Gomez','S/N','no','V',0,NULL,NULL),(614,'Hugo Morillo','Gomez','S/N','no','V',0,NULL,NULL),(615,'Ana','Morillo Yanez','S/N','1.685.996','V',0,NULL,NULL),(616,'Hector','Morillo Yanez','S/N','6.172.368','V',0,NULL,NULL),(617,'Francisco','Mota Delgado','S/N','no','V',1,NULL,NULL),(618,'Ramon','Muguruza Jimenez','S/N','no','V',1,NULL,NULL),(619,'Miguel','Nio','S/N','no','V',1,NULL,3),(620,'Jose Nio','Nio','S/N','no','V',1,NULL,3),(621,'Katiusca','De Nio','S/N','no','V',1,NULL,NULL),(622,'Jose Ramon','Nuez Fornes','S/N','8.683.023','V',1,NULL,NULL),(623,'Martha','Ollarves','S/N','10.847.310','V',1,NULL,NULL),(624,'Jesus','Figueroa','S/N','6.517.207','V',0,NULL,NULL),(625,'Irene','Otazua De Viteri','S/N','269.718','E',1,NULL,NULL),(626,'Yosua Viteri Otazua','Trina Moreno','S/N','5.536.844','V',1,NULL,NULL),(627,'Carlos','Dugarte','S/N','no','V',0,NULL,NULL),(628,'Alejandro','Pablo Bejar','S/N','no','V',1,NULL,NULL),(629,'Jorge Aluino','Da Rocha Faustino','S/N','81.887.584','V',1,NULL,NULL),(630,'Mayra','Gonzalez','S/N','13.682.171','V',1,NULL,NULL),(631,'Ronald','Perez','S/N','13.682.171','V',1,NULL,NULL),(632,'Belquis','Garcia','S/N','5.970.620','V',0,NULL,NULL),(633,'Carlos','Perez','S/N','5.970.620','V',1,NULL,NULL),(634,'Frank','Piero','S/N','7.659.805','V',1,NULL,NULL),(635,'Luis Armando','Perez Rengifo','S/N','2.152.852','V',1,NULL,NULL),(636,'STEVEN /Gabriel Eduardo','FERNANDEZ/Perozo Piango','S/N','2.957.267','V',1,NULL,NULL),(637,'Susana','Pinzon','S/N','8.473.563','V',1,NULL,NULL),(638,'David','Pinzon','S/N','9.214.731','V',1,NULL,NULL),(639,'Carlos Enrique','Platon Torres','S/N','6.368.132','V',1,NULL,NULL),(640,'Haidee','Marquez','S/N','10.788.943','V',1,NULL,NULL),(641,'Jose Viloria','Marquez','S/N','10.207.569','V',1,NULL,NULL),(642,'Alberto','Quintana','S/N','no','V',1,NULL,NULL),(643,'Omar','Quintero Torres','S/N','2.295.515','V',1,NULL,NULL),(644,'Ruth Elizabeth','Hernandez','S/N','7.135.981','V',0,NULL,NULL),(645,'S/N','S/N','Radio Sintonia 1420,C.A','00366085-0','J',1,NULL,NULL),(646,'Mirella','Obregon','S/N','no','V',1,NULL,NULL),(647,'MIRELLA (Raul)','OBREGON (Vallejo)','S/N','no','V',1,NULL,NULL),(648,'Antonio','Randisi Paternostro','S/N','no','V',1,NULL,NULL),(649,'Alfredo Jose','Rivas','S/N','3.607.614','V',1,NULL,NULL),(650,'Carlos','Rivillo','S/N','4.273.877','V',1,NULL,NULL),(651,'Ifigenia','Godoy De Rivillo','S/N','6.366.998','V',0,NULL,NULL),(652,'Omara','Salas','S/N','23.643.151','V',1,NULL,NULL),(653,'Julio','Sanguino','S/N','3.537.432','V',1,NULL,NULL),(654,'Angel','Sanguino','S/N','9.799.008','V',0,NULL,NULL),(655,'Luis','Boada','S/N','no','V',1,NULL,NULL),(656,'Andry','Garcia','S/N','13.414.716','V',1,NULL,NULL),(657,'Joyce','Salazar','S/N','17.428.030','V',1,NULL,NULL),(658,'Betty','Suarez','S/N','no','V',1,NULL,NULL),(659,'Jesus','Novoa','S/N','no','V',1,NULL,NULL),(660,'Enrique','Taboada','S/N','6.905.607','V',1,NULL,NULL),(661,'Rosalba','Gonzalez','S/N','12.959.399','V',0,NULL,NULL),(662,'Isidro','Torrelles','S/N','7.661.702','V',1,NULL,NULL),(663,'Otto','Tovar','S/N','6.438.413','V',1,NULL,NULL),(664,'Moraima','Palma','S/N','6.928.696','V',1,NULL,5),(665,'Rosario','Troitio','S/N','4.357.774','V',1,NULL,NULL),(666,'Wander Jose','Gutierrez Abreu','S/N','10.345.613','V',1,NULL,NULL),(667,'Carmen','Millan','S/N','10.345.613','V',1,NULL,NULL),(668,'Teresa / Oscar','Vasconcelos / Machuca','S/N','926.718','E',1,NULL,4),(669,'Andres','Vasconcelos','S/N','6.089.291','V',1,NULL,NULL),(670,'Marco','De Oliveira','S/N','13.727.447','V',1,NULL,NULL),(671,'Manuela','Mendes','S/N','13.727.447','V',1,NULL,NULL),(672,'Antonio','Vieira','S/N','6.368.132','V',1,NULL,4),(673,'Eliana D','Vasconcelos','S/N','13.137.817','V',1,NULL,4),(674,'Angel','Viloria','S/N','no','V',1,NULL,NULL),(675,'Ignacio','Viteri Iturzaeta','S/N','no','V',0,NULL,NULL),(676,'Wilbert','Werner','S/N','10.500.839','V',1,NULL,NULL),(677,'Cecilia','Ayala','S/N','3.177.913','V',1,NULL,NULL),(678,'Carlos Miguel','Yanes','S/N','no','V',1,NULL,NULL),(679,'Mikhael Y','Yuella','S/N','no','V',1,NULL,NULL),(680,'Elaine','Mujica','S/N','7.440.375','V',1,NULL,NULL),(681,'Paulino','Moran','S/N','10.544.271','V',1,NULL,NULL),(682,'Frank','Zavala','S/N','742.016','V',1,NULL,1),(683,'Roger','Zavala','S/N','9998081','V',1,NULL,1),(684,'Humberto','Linares','S/N','11925489','V',1,NULL,1),(685,'Rafael Jose','Gonzalez Liberto','S/N','0','V',1,NULL,NULL),(686,'S/N','S/N','VENETRACTOR','1','J',1,NULL,NULL),(687,'Carlos','Rodrguez','S/N','15.605.824','V',1,NULL,NULL),(688,'NESTOR GERSON','PIERUA ARAUJO','S/N','16971324','V',0,NULL,NULL),(689,'OSCAR','MACHUCA HERNANDEZ','S/N','10517060','V',1,NULL,NULL),(690,'Maryory','Sierra','S/N','14264264','V',1,NULL,NULL),(691,'WILMEN/CARLOS','PEREZ','S/N','11.015.498','V',0,NULL,NULL),(692,'WILMEN/CARLOS','PEREZ','S/N','11.015.498','V',0,NULL,NULL),(693,'GERMAN','GONZALEZ','S/N','8166507','V',0,NULL,NULL);
/*!40000 ALTER TABLE `mip_person` ENABLE KEYS */;
UNLOCK TABLES;

--
-- Table structure for table `mip_person_address`
--

DROP TABLE IF EXISTS `mip_person_address`;
/*!40101 SET @saved_cs_client     = @@character_set_client */;
/*!40101 SET character_set_client = utf8 */;
CREATE TABLE `mip_person_address` (
  `id` int(11) NOT NULL AUTO_INCREMENT,
  `person_id` int(11) NOT NULL,
  `address_1` varchar(255) COLLATE utf8_bin NOT NULL,
  `address_2` varchar(255) COLLATE utf8_bin DEFAULT NULL,
  `state_id` int(11) NOT NULL,
  `city` varchar(255) COLLATE utf8_bin NOT NULL,
  `is_main` tinyint(1) NOT NULL DEFAULT '0',
  PRIMARY KEY (`id`),
  KEY `index_state_person_address_fk` (`state_id`),
  KEY `index_persons_person_address_fk` (`person_id`),
  CONSTRAINT `persons_person_address_fk` FOREIGN KEY (`person_id`) REFERENCES `mip_person` (`id`) ON DELETE NO ACTION ON UPDATE NO ACTION,
  CONSTRAINT `state_person_address_fk` FOREIGN KEY (`state_id`) REFERENCES `mip_state` (`id`) ON DELETE NO ACTION ON UPDATE NO ACTION
) ENGINE=InnoDB DEFAULT CHARSET=utf8 COLLATE=utf8_bin COMMENT='Direcciones de las Personas de la Urbanizacion';
/*!40101 SET character_set_client = @saved_cs_client */;

--
-- Dumping data for table `mip_person_address`
--

LOCK TABLES `mip_person_address` WRITE;
/*!40000 ALTER TABLE `mip_person_address` DISABLE KEYS */;
/*!40000 ALTER TABLE `mip_person_address` ENABLE KEYS */;
UNLOCK TABLES;

--
-- Table structure for table `mip_person_email`
--

DROP TABLE IF EXISTS `mip_person_email`;
/*!40101 SET @saved_cs_client     = @@character_set_client */;
/*!40101 SET character_set_client = utf8 */;
CREATE TABLE `mip_person_email` (
  `id` int(11) NOT NULL AUTO_INCREMENT,
  `person_id` int(11) NOT NULL,
  `email` text COLLATE utf8_bin NOT NULL,
  `is_main` tinyint(1) NOT NULL DEFAULT '0',
  PRIMARY KEY (`id`),
  KEY `index_persons_person_emails_fk` (`person_id`),
  CONSTRAINT `persons_person_emails_fk` FOREIGN KEY (`person_id`) REFERENCES `mip_person` (`id`) ON DELETE NO ACTION ON UPDATE NO ACTION
) ENGINE=InnoDB AUTO_INCREMENT=171 DEFAULT CHARSET=utf8 COLLATE=utf8_bin COMMENT='Emails de las personas de la urbanizacion';
/*!40101 SET character_set_client = @saved_cs_client */;

--
-- Dumping data for table `mip_person_email`
--

LOCK TABLES `mip_person_email` WRITE;
/*!40000 ALTER TABLE `mip_person_email` DISABLE KEYS */;
INSERT INTO `mip_person_email` (`id`, `person_id`, `email`, `is_main`) VALUES (1,683,'rogerzavala@gmail.com',1),(2,514,'dorgelis.alcocer@gmail.com',1),(3,515,'ingeyan34@hotmail.com',1),(4,542,'raul.casadiego@orange.com ',1),(5,542,'raul.casadiego@orager.com ',1),(6,634,'pinerofrank@hotmail.com',1),(7,682,'zavaladaal@hotmail.com',0),(8,682,'zavaladaal@hotmail.com',0),(9,518,'danilo.aldana@gmail.com',1),(10,519,'alvaroalvarez58@yahoo.com',1),(11,521,'laraquer@gmail.com ',1),(12,521,'jlkaramazon@hotmail.com',0),(13,523,'infoclaurima23@gmail.com ',1),(14,524,'jose.luis.barraza@hotmail.com',1),(15,526,'mercybarrios29@hotmail.com',1),(16,531,'argenis.betancourt@seguroscaracas.com',1),(18,534,'gusbrea@gmail.com',1),(19,538,'charlorio@hotmail.com',1),(20,541,'abelcarrasquero@gmail.com',1),(21,544,'obelmejias@hotmail.com',1),(22,547,'changluis@yahoo.com',1),(23,554,'rdallamy@yahoo.com',1),(24,558,'colorfantasyca@hotmail.com',1),(25,560,'inversionesspg@hotmail.com',1),(26,564,'ercolehenry@hotmail.com',1),(27,568,'lfuentes12@yahoo.com',1),(28,569,'garedgodoy18@gmail.com',1),(29,570,'vilmaipm@gmail.com',1),(30,573,'orlandogomez385@gmail.com',1),(31,574,'jeanne_abreu@hotmail.com',1),(32,577,'cebastian@cantv.net',1),(33,579,'gutierrez.maira@gmail.com',1),(34,581,'alozzi.leonardis@gmail.com',1),(36,599,'drkonga@hotmail.com ',1),(37,585,'elobop@gmail.com',1),(38,596,'yaanmave@hotmail.com ',1),(39,597,'yaanmave@hotmail.com ',1),(40,598,'victor@psat.biz',1),(41,652,'omara9400@hotmail.com',1),(42,652,'gerson_41@hotmail.com',1),(43,601,'mjdb2009@yahoo.com',0),(44,601,'mjdb2009@gmail.com',1),(46,605,'juliobustamantepadron@gmail.com',1),(48,606,'morenoj1989@gmail.com',1),(49,619,'josemnino@hotmail.com',1),(50,621,'katty66@gmail.com',1),(51,622,'josenufor@yahoo.com',1),(52,623,' supplimol@hotmail.com',1),(53,623,'martholves@gmail.com',1),(54,631,'msustancias@live.com',1),(55,630,'msustancias@live.com',1),(56,633,'carloshperezdiaz@gmail.com',1),(57,635,'larper1@hotmail.com',1),(60,637,'guzzymclean@gmail.com',1),(61,638,'acuarios63@gmail.com',1),(64,640,'haydeemarquez1@hotmail.com',1),(65,643,'eliquin1800@yahoo.es',1),(66,643,'omarcqt@yahoo.com',1),(67,645,'sintonia1420@hotmail.com',1),(68,645,'radiosintonia1420am@cantv.net',1),(69,648,'ajrandisi@gmail.com',1),(70,649,'alfredojrivas@hotmail.com',1),(71,650,'crivillo@mg.com.ve',1),(72,653,'yasinaha@yahoo.com',1),(74,656,'diegotomas74@hotmail.com ',1),(75,658,'bsuarezz@hotmail.com',1),(76,659,'jenovoac@gmail.com',1),(77,660,'ftaboada@cantv.net  ',1),(78,662,'itorrecol@hotmail.com',1),(79,662,'itorrecolme@yahoo.es',0),(80,663,'ottotovar@gmail.com',0),(81,665,'charitosanitasvenezuela@hotmail.com',1),(82,666,'wandergutierrez@yahoo.com',1),(83,666,'taller.tavares@gmail.com  ',1),(84,668,'machucahernandez1702@gmail.com',1),(85,669,'vasconcelosimp@cantv.net',1),(86,670,'moliveira@logipower.com.ve   ',1),(87,672,'\"antoniovieira@cantv.net',1),(88,672,'antonioviera@yahoo.es',1),(89,673,'elianaw@cantv.net',1),(90,674,'aviloria@ivic.gob.ve',1),(91,676,'wwilbert@ivic.gob.ve',1),(92,677,'ceayala@hotmail.com',1),(93,678,'odaimagen@gmail.com',1),(94,680,'elainemujica@hotmail.com',1),(95,681,'pmoran19@gmail.com',1),(100,682,'roger.zavala@outlook.com',0),(101,661,'garedgodoy18@gmail.com',1),(102,684,'humberland@gmail.com',1),(103,525,'iarnal@hotmail.com',1),(104,687,'grebonysierra@hotmail.com',1),(105,583,'manzanilladany@gmail.com',1),(106,580,'gutierrez.maira@gmail.com',1),(107,574,'garedgodoy18@gmail.com',1),(108,590,'argenismachuca@gmail.com',1),(109,511,'abreuarenas@gmail.com ',1),(110,629,'jfaustino1@hotmail.com',1),(111,639,'carlosflexplaton@gmail.com',1),(112,592,'machucahernandez1702@gmail.com',1),(113,635,'larper2107@gmail.com',1),(114,635,'larper2107@hotmail.com',1),(115,599,'djgg74@hotmail.com',0),(117,585,'carlosgudinog@gmail.com',0),(118,634,'catira253@hotmail.com',0),(119,577,'salvador22755@hotmail.com',1),(121,595,'edgarcastro155@hotmail.com',1),(122,570,'vilmaipm@gmail.com',1),(123,533,'zulwill@yahoo.com',1),(124,604,'gersonmora86@hotmailcom',1),(125,526,'orlandorojas11@hotmail.com',1),(126,513,'hectorchiv70@hotmail.com',1),(127,513,'mariville23@hotmail.com',1),(128,688,'gerson_41@hotmail.com',1),(129,663,'morapalma@gmail.com',1),(130,662,'pinerofrank@hotmail.com',1),(131,582,'manzanilladany@gmail.com',1),(132,561,'charitosanitasvenezuela@hotmail.com',1),(133,653,'yasinaha@gmail.com',1),(134,606,'kandykandy86@gmail.com',1),(135,557,'yuivami@hotmail.com',1),(136,571,'germangonzalezm777@gmail.com',1),(137,605,'juliobustamantepadron@gmail.com',1),(138,605,'productosgbp@gmail.com',1),(139,666,'mechimillan1@gmail.com',1),(140,666,'mechi_millan@hotmail.es',0),(141,671,'manuelaventas@gmail.com',1),(142,537,'ligiabarrios2006@hotmail.com',1),(143,688,'angemolina43@gmail.com',1),(144,688,'jolina26@gmail.com',1),(145,632,'carloshperezdiaz@gmail.com',1),(146,647,'sintonia1420@hotmail.com',1),(147,646,'sintonia1420@hotmail.com',1),(148,538,'chaslorios@hotmail.com',1),(149,584,'chaslorios@hotmail.com',1),(151,529,'enriqueta_11@hotmail.com',1),(152,584,'yuchacoa@hotmail.com',1),(153,584,'jgpt110604@gmail.com',0),(154,535,'ritanez2016@gmail.com',1),(155,599,'decoracionesgicel@yahoo.com',1),(156,636,'jericop99@hotmail.com',1),(158,616,'hectormorilloy@hotmail.com',1),(159,607,'hectormorilloy@hotmail.com',1),(160,604,'lftg852009@hotmail.com',1),(161,655,'luiseboada@hotmail.com',1),(163,543,'ednalyandreina@gmail.com',1),(164,543,'edgarcastro155@hotmail.com',0),(165,668,'angeliquemachuca@gmail.com',1),(166,668,'oscarmachucah@hotmail.com',1),(167,665,'superculchacao@hotmail.com',0),(168,523,'oscar30t@hotmail.com',0),(169,690,'maryorysierra2013@gmail.com',1),(170,682,'rogerzavala@gmail.com',1);
/*!40000 ALTER TABLE `mip_person_email` ENABLE KEYS */;
UNLOCK TABLES;

--
-- Table structure for table `mip_person_phone`
--

DROP TABLE IF EXISTS `mip_person_phone`;
/*!40101 SET @saved_cs_client     = @@character_set_client */;
/*!40101 SET character_set_client = utf8 */;
CREATE TABLE `mip_person_phone` (
  `id` int(11) NOT NULL AUTO_INCREMENT,
  `person_id` int(11) NOT NULL,
  `prefix` varchar(5) COLLATE utf8_bin NOT NULL,
  `number` varchar(9) COLLATE utf8_bin NOT NULL,
  `is_main` tinyint(1) NOT NULL DEFAULT '0',
  `type` varchar(2) COLLATE utf8_bin NOT NULL,
  `country_id` int(11) NOT NULL,
  PRIMARY KEY (`id`),
  KEY `index_country_person_phones_fk` (`country_id`),
  KEY `index_persons_person_phones_fk` (`person_id`),
  CONSTRAINT `country_person_phones_fk` FOREIGN KEY (`country_id`) REFERENCES `mip_country` (`id`) ON DELETE NO ACTION ON UPDATE NO ACTION,
  CONSTRAINT `persons_person_phones_fk` FOREIGN KEY (`person_id`) REFERENCES `mip_person` (`id`) ON DELETE NO ACTION ON UPDATE NO ACTION
) ENGINE=InnoDB AUTO_INCREMENT=213 DEFAULT CHARSET=utf8 COLLATE=utf8_bin COMMENT='Telefonos de las personas de la Urbanizacion';
/*!40101 SET character_set_client = @saved_cs_client */;

--
-- Dumping data for table `mip_person_phone`
--

LOCK TABLES `mip_person_phone` WRITE;
/*!40000 ALTER TABLE `mip_person_phone` DISABLE KEYS */;
INSERT INTO `mip_person_phone` (`id`, `person_id`, `prefix`, `number`, `is_main`, `type`, `country_id`) VALUES (1,595,'0414','3987353',1,'P',46),(2,513,'0212','5244430',1,'P',46),(4,513,'0414','3803993',0,'P',46),(5,514,'0416','6350446',1,'P',46),(6,515,'0414','3346495',1,'P',46),(7,516,'0416','8180986',1,'P',46),(8,517,'0414','2642695',1,'P',46),(9,542,'0212','2374122',1,'P',46),(10,542,'0212','3311153',1,'P',46),(11,542,'0414','1401555',1,'P',46),(12,542,'0414','2636723',0,'P',46),(13,634,'0212','5241522',1,'H',46),(14,634,'0426','5185202',1,'PM',46),(15,682,'0414','2239523',1,'P',46),(16,682,'0212','6142302',1,'P',46),(17,682,'0212','3079713',0,'P',46),(18,518,'0414','2644553',1,'P',46),(19,519,'0212','7355999',1,'P',46),(20,521,'0212','3737436',1,'P',46),(21,521,'0212','3736626',0,'P',46),(22,521,'0414','1502236',1,'P',46),(23,523,'0212','5643619',0,'H',46),(24,524,'0212','4329357',1,'P',46),(25,524,'0424','1149897',1,'P',46),(26,524,'0424','1495494',0,'P',46),(27,526,'0212','8614664',1,'P',46),(28,526,'0416','5222785',1,'P',46),(29,526,'0416','4080081',0,'P',46),(30,526,'0416','6275534',0,'P',46),(31,529,'0212','7511238',1,'P',46),(32,530,'0212','7511238',1,'P',46),(33,530,'0212','7511238',1,'P',46),(34,530,'0212','2328181',0,'P',46),(35,531,'0212','7421724',1,'P',46),(36,531,'0424','2414766',1,'P',46),(37,533,'0212','5713496',1,'P',46),(38,533,'0212','9935129',1,'P',46),(39,533,'0416','6102469',1,'P',46),(40,534,'0416','7334802',1,'P',46),(41,534,'0424','8350259',1,'P',46),(42,535,'0416','6104251',1,'P',46),(43,535,'0416','6505611',1,'P',46),(44,537,'0212','6313203',1,'P',46),(45,537,'0426','7119689',1,'P',46),(46,537,'0212','6310146',0,'P',46),(47,538,'0212','8344553',1,'P',46),(48,538,'0414','1304898',1,'P',46),(49,541,'0212','6241748',1,'P',46),(50,541,'0414','2410446',1,'P',46),(51,541,'0412','6421748',1,'P',46),(52,543,'0414','2311317',1,'P',46),(53,544,'0416','6215343',1,'P',46),(54,547,'0212','5760108',1,'P',46),(55,547,'0212','5783659',1,'P',46),(56,547,'0412','6223102',1,'P',46),(57,548,'0212','8644482',1,'P',46),(58,685,'0416','6055226',1,'P',46),(59,685,'0412','5601724',1,'P',46),(60,554,'0212','6145276',1,'P',46),(61,554,'0412','3331366',1,'P',46),(62,555,'0212','2392401',1,'P',46),(63,555,'0412','2392401',1,'P',46),(64,558,'0416','6125999',1,'P',46),(65,560,'0414','3370038',1,'P',46),(66,564,'0414','3276625',1,'P',46),(67,565,'0414','2279250',1,'P',46),(68,563,'0414','2320667',1,'P',46),(69,566,'0212','4725989',1,'P',46),(70,566,'0416','4226063',1,'P',46),(71,568,'0212','4217964',1,'P',46),(72,568,'0416','7229913',1,'P',46),(73,569,'0412','5659296',1,'P',46),(74,570,'0212','5771044',1,'P',46),(75,570,'0212','5765501',1,'W',46),(76,570,'0412','8136090',1,'P',46),(77,571,'0212','3721719',1,'P',46),(78,571,'0416','8244586',1,'P',46),(79,573,'0212','4150799',1,'P',46),(80,573,'0414','2566965',1,'P',46),(81,574,'0212','4155090',1,'P',46),(82,574,'0416','4037314',1,'P',46),(83,576,'0212','6354984',1,'P',46),(84,576,'0416','6242149',1,'P',46),(85,577,'0212','8824325',1,'P',46),(86,577,'0416','4046466',1,'P',46),(87,578,'0412','6053066',1,'P',46),(88,579,'0212','2385457',1,'P',46),(89,579,'0414','3805241',1,'P',46),(90,581,'0414','3277028',1,'P',46),(91,521,'0212','4148580',1,'P',46),(92,521,'0414','2580666',1,'P',46),(93,593,'0412','7239360',1,'P',46),(94,593,'0412','7239360',1,'P',46),(95,599,'0414','9174412',1,'P',46),(96,584,'0212','9784797',1,'P',46),(97,584,'0212','9063744',1,'W',46),(98,584,'0212','9063700',1,'W',46),(99,584,'0416','6107895',1,'P',46),(100,585,'0212','3776569',1,'H',46),(101,585,'0416','6203393',0,'P',46),(102,585,'0414','1068781',0,'P',46),(103,596,'0212','9443548',1,'P',46),(104,596,'0414','3039918',1,'P',46),(105,596,'0424','1391919',1,'P',46),(106,598,'0212','2377270',1,'W',46),(107,598,'0414','3307576',1,'P',46),(108,652,'0212','5778108',1,'P',46),(109,652,'0414','2020087',1,'P',46),(110,601,'0414','3233593',1,'P',46),(111,601,'0212','4836226',1,'P',46),(112,604,'0212','6151604',1,'P',46),(113,604,'0414','2928135',1,'P',46),(114,604,'0416','4175778',1,'P',46),(115,605,'0412','6216352',1,'P',46),(116,606,'0212','3308328',1,'W',46),(117,606,'0412','3921485',1,'P',46),(118,606,'0426','5181332',1,'P',46),(119,606,'0426','5118692',0,'P',46),(120,619,'0212','6827782',1,'P',46),(121,619,'0416','4112244',1,'P',46),(122,619,'0414','3310149',1,'P',46),(123,622,'0416','8285999',1,'P',46),(124,623,'0212','5455223',1,'P',46),(125,623,'0212','5459712',1,'P',46),(126,623,'0414','9473956',1,'P',46),(127,631,'0424','1535625',1,'P',46),(128,630,'0414','2759913',1,'P',46),(129,633,'0414','2310258',1,'P',46),(130,635,'0212','8147141',1,'P',46),(131,635,'0412','2897123',1,'P',46),(132,636,'0295','2629803',1,'P',46),(133,636,'0295',' 262697',0,'P',46),(134,636,'0295','2625128',0,'P',46),(135,636,'0414','3035543',1,'P',46),(136,636,'0416','6957017',0,'P',46),(137,636,'0414','7898586',1,'P',46),(138,637,'0212','8325998',1,'P',46),(139,637,'0416','9156161',1,'P',46),(140,638,'0412','6194236',1,'P',46),(141,639,'0212','2644006',1,'P',46),(142,639,'0426','8127917',1,'P',46),(143,639,'0424','2691439',1,'P',46),(144,640,'0239','3913558',1,'P',46),(145,640,'0426','5194465',1,'P',46),(146,641,'0426','5100192',1,'P',46),(147,643,'0212','6145523',1,'P',46),(148,642,'0416','6233360',1,'P',46),(149,645,'0212','7429945',1,'P',46),(150,645,'0212','2641494',1,'P',46),(151,645,'0212','2638327',1,'P',46),(152,645,'0414','3189298',1,'P',46),(153,648,'0212','6612032',1,'P',46),(154,648,'0212','3833835',1,'P',46),(155,648,'0414','2934030',1,'P',46),(156,649,'0212','2374434',1,'P',46),(157,649,'0212','2374434',1,'P',46),(158,649,'0414','8040757',1,'P',46),(159,650,'0414','3346763',1,'PM',46),(160,650,'0414','3346763',1,'P',46),(161,653,'0414','7080200',1,'P',46),(162,653,'0416','6203393',1,'P',46),(163,653,'0416','6411939',1,'P',46),(164,655,'0424','8023646',1,'P',46),(165,656,'0412','9970360',1,'P',46),(166,656,'0412','5623674',1,'P',46),(167,658,'0424','1628085',1,'P',46),(168,659,'0424','2840189',1,'P',46),(169,660,'0212','8861498',1,'P',46),(170,660,'0212','3267892',1,'P',46),(171,660,'0414','1311514',1,'P',46),(172,662,'0212','2734365',1,'P',46),(173,662,'0426','5185202',0,'P',46),(174,662,'0414','2734365',1,'P',46),(175,663,'0212','4171107',1,'P',46),(176,663,'0414','1230405',1,'P',46),(178,664,'0414','2176601',1,'P',46),(179,665,'0212','3933531',1,'P',46),(180,665,'0416','7208198',1,'P',46),(181,665,'0412','5556538',1,'P',46),(182,666,'0414','3321057',1,'P',46),(183,666,'0414','1517396',0,'P',46),(184,667,'0414','1517396',1,'P',46),(185,668,'0212','2750422',1,'P',46),(186,669,'0212','4845985',1,'P',46),(187,669,'0416','6234382',1,'P',46),(188,670,'0212','5766363',1,'W',46),(189,670,'0212','5755020',1,'P',46),(190,670,'0212','6181977',1,'P',46),(191,670,'0414','3354740',1,'P',46),(192,671,'0414','2590514',1,'P',46),(193,672,'0414','3238541',1,'P',46),(194,673,'0414','3281405',1,'P',46),(195,674,'0212','5041268',1,'W',46),(196,674,'0212','5041881',0,'W',46),(197,674,'0412','2362948',1,'P',46),(198,674,'0426','5362948',1,'P',46),(199,676,'0212','3686456',1,'P',46),(200,676,'0416','4182195',1,'P',46),(201,677,'0212','3686456',1,'P',46),(202,677,'0416','4062954',1,'P',46),(203,678,'0212','6821306',1,'P',46),(204,678,'0426','5162778',1,'P',46),(205,680,'0424','2651292',1,'P',46),(206,681,'0426','5206107',1,'P',46),(207,687,'0273','5331119',1,'P',46),(208,687,'0412','6523746',1,'P',46),(209,687,'0424','5982470',0,'P',46),(210,634,'0212','5241522',0,'H',46),(211,634,'0426','5185202',0,'PM',46),(212,523,'0412','3334777',1,'PM',46);
/*!40000 ALTER TABLE `mip_person_phone` ENABLE KEYS */;
UNLOCK TABLES;

--
-- Table structure for table `mip_register_request`
--

DROP TABLE IF EXISTS `mip_register_request`;
/*!40101 SET @saved_cs_client     = @@character_set_client */;
/*!40101 SET character_set_client = utf8 */;
CREATE TABLE `mip_register_request` (
  `id` int(11) NOT NULL AUTO_INCREMENT,
  `first_name` varchar(60) COLLATE utf8_bin NOT NULL COMMENT 'Nombres',
  `last_name` varchar(60) COLLATE utf8_bin NOT NULL COMMENT 'Apellidos',
  `full_name` varchar(120) COLLATE utf8_bin NOT NULL COMMENT 'Numero de Empresa',
  `identity_code` varchar(16) COLLATE utf8_bin NOT NULL COMMENT 'Numero de Idenficacin',
  `identity_type` char(1) COLLATE utf8_bin NOT NULL COMMENT 'Tipo Idenficacin',
  `status` tinyint(1) NOT NULL DEFAULT '0' COMMENT 'Estatus',
  `reference` varchar(512) COLLATE utf8_bin DEFAULT NULL COMMENT 'Referencia',
  `phone_prefix` varchar(5) COLLATE utf8_bin NOT NULL COMMENT 'Cdigo Telefono',
  `phone_number` varchar(9) COLLATE utf8_bin NOT NULL COMMENT 'Numero de Telefono',
  `phone_type` varchar(2) COLLATE utf8_bin NOT NULL COMMENT 'Tipo de Telefono',
  `person_email` text COLLATE utf8_bin NOT NULL COMMENT 'Correo Personal',
  `user_name` varchar(64) COLLATE utf8_bin NOT NULL COMMENT 'Usuario',
  `user_password` varchar(45) COLLATE utf8_bin NOT NULL COMMENT 'Contrasea',
  `locations` text COLLATE utf8_bin,
  PRIMARY KEY (`id`)
) ENGINE=InnoDB DEFAULT CHARSET=utf8 COLLATE=utf8_bin COMMENT='Registro de Usuarios';
/*!40101 SET character_set_client = @saved_cs_client */;

--
-- Dumping data for table `mip_register_request`
--

LOCK TABLES `mip_register_request` WRITE;
/*!40000 ALTER TABLE `mip_register_request` DISABLE KEYS */;
/*!40000 ALTER TABLE `mip_register_request` ENABLE KEYS */;
UNLOCK TABLES;

--
-- Table structure for table `mip_resident_association`
--

DROP TABLE IF EXISTS `mip_resident_association`;
/*!40101 SET @saved_cs_client     = @@character_set_client */;
/*!40101 SET character_set_client = utf8 */;
CREATE TABLE `mip_resident_association` (
  `id` int(11) NOT NULL AUTO_INCREMENT,
  `person_id` int(11) NOT NULL,
  `association_position_id` int(11) NOT NULL,
  PRIMARY KEY (`id`),
  KEY `index_persons_residents_association_fk` (`person_id`),
  KEY `index_fk_mip_residents_association_mip_association_position1` (`association_position_id`),
  CONSTRAINT `fk_mip_residents_association_mip_association_position1` FOREIGN KEY (`association_position_id`) REFERENCES `mip_association_position` (`id`) ON DELETE NO ACTION ON UPDATE NO ACTION,
  CONSTRAINT `persons_residents_association_fk` FOREIGN KEY (`person_id`) REFERENCES `mip_person` (`id`) ON DELETE NO ACTION ON UPDATE NO ACTION
) ENGINE=InnoDB AUTO_INCREMENT=2 DEFAULT CHARSET=utf8 COLLATE=utf8_bin COMMENT='Asociacion de Vecinos';
/*!40101 SET character_set_client = @saved_cs_client */;

--
-- Dumping data for table `mip_resident_association`
--

LOCK TABLES `mip_resident_association` WRITE;
/*!40000 ALTER TABLE `mip_resident_association` DISABLE KEYS */;
INSERT INTO `mip_resident_association` (`id`, `person_id`, `association_position_id`) VALUES (1,683,3);
/*!40000 ALTER TABLE `mip_resident_association` ENABLE KEYS */;
UNLOCK TABLES;

--
-- Table structure for table `mip_state`
--

DROP TABLE IF EXISTS `mip_state`;
/*!40101 SET @saved_cs_client     = @@character_set_client */;
/*!40101 SET character_set_client = utf8 */;
CREATE TABLE `mip_state` (
  `id` int(11) NOT NULL AUTO_INCREMENT,
  `country_id` int(11) NOT NULL,
  `name` varchar(255) COLLATE utf8_bin NOT NULL,
  PRIMARY KEY (`id`),
  KEY `index_country_state_fk` (`country_id`),
  CONSTRAINT `country_state_fk` FOREIGN KEY (`country_id`) REFERENCES `mip_country` (`id`) ON DELETE NO ACTION ON UPDATE NO ACTION
) ENGINE=InnoDB AUTO_INCREMENT=51 DEFAULT CHARSET=utf8 COLLATE=utf8_bin COMMENT='Estados ';
/*!40101 SET character_set_client = @saved_cs_client */;

--
-- Dumping data for table `mip_state`
--

LOCK TABLES `mip_state` WRITE;
/*!40000 ALTER TABLE `mip_state` DISABLE KEYS */;
INSERT INTO `mip_state` (`id`, `country_id`, `name`) VALUES (26,46,'Amazonas'),(27,46,'Anzotegui'),(28,46,'Apure'),(29,46,'Aragua'),(30,46,'Barinas'),(31,46,'Bolvar'),(32,46,'Carabobo'),(33,46,'Cojedes'),(34,46,'Delta Amacuro'),(35,46,'Falcn'),(36,46,'Gurico'),(37,46,'Lara'),(38,46,'Mrida'),(39,46,'Miranda'),(40,46,'Monagas'),(41,46,'Nueva Esparta'),(42,46,'Portuguesa'),(43,46,'Sucre'),(44,46,'Tchira'),(45,46,'Trujillo'),(46,46,'Vargas'),(47,46,'Yaracuy'),(48,46,'Zulia'),(49,46,'Distrito Capital'),(50,46,'Dependencias Federales');
/*!40000 ALTER TABLE `mip_state` ENABLE KEYS */;
UNLOCK TABLES;

--
-- Table structure for table `mip_user`
--

DROP TABLE IF EXISTS `mip_user`;
/*!40101 SET @saved_cs_client     = @@character_set_client */;
/*!40101 SET character_set_client = utf8 */;
CREATE TABLE `mip_user` (
  `id` int(11) NOT NULL AUTO_INCREMENT,
  `name` varchar(64) COLLATE utf8_bin NOT NULL,
  `password` varchar(45) COLLATE utf8_bin NOT NULL,
  `last_connection` timestamp NULL DEFAULT NULL,
  `token` text COLLATE utf8_bin,
  `person_id` int(11) DEFAULT NULL,
  `is_admin` tinyint(1) DEFAULT '0',
  PRIMARY KEY (`id`),
  KEY `index_fk_user_mip_person1` (`person_id`),
  CONSTRAINT `fk_user_mip_person1` FOREIGN KEY (`person_id`) REFERENCES `mip_person` (`id`) ON DELETE NO ACTION ON UPDATE NO ACTION
) ENGINE=InnoDB AUTO_INCREMENT=49 DEFAULT CHARSET=utf8 COLLATE=utf8_bin;
/*!40101 SET character_set_client = @saved_cs_client */;

--
-- Dumping data for table `mip_user`
--

LOCK TABLES `mip_user` WRITE;
/*!40000 ALTER TABLE `mip_user` DISABLE KEYS */;
INSERT INTO `mip_user` (`id`, `name`, `password`, `last_connection`, `token`, `person_id`, `is_admin`) VALUES (2,'admin','e45d2ec369c4e25c22c172c7cd494572',NULL,'5b52f3a0cd345bd99cfcbdd5e479021e',682,1),(4,'roger.zavala','e45d2ec369c4e25c22c172c7cd494572',NULL,NULL,682,0),(5,'moraima.palma','a9ccf627ea96ad1767d6de4629228114',NULL,NULL,663,0),(6,'humberto.linares','1f4898aafe35da76f6bfdacd34e25c4c',NULL,NULL,684,0),(7,'luis.fuentes','84c1a9a61e6cce27f4df7a728f5d4878',NULL,NULL,568,0),(8,'eduardo.lobo','02ecba75dfaeee6198b8108086b8f723',NULL,NULL,585,0),(9,'paulino.moran','f0bfe9ffac5e5e35f9a13e0ea0e15921',NULL,NULL,681,0),(10,'elaine.mujica','06b95b8d763660f1c02dd02781ca59ab',NULL,'a06bd87299ff148160acc221a6780d7d',680,0),(11,'miguel.vergara','450d557e9619bb1f7bbc0fd8f5d87a3f',NULL,NULL,556,0),(12,'felix.decanio','e3b2025d9c7f0737ba9609aae524f93d',NULL,'cc0d47d0ca96aad9b1ffa3b2230da101',558,0),(13,'ligia.machuca','106a67defb0d49c4e5a3e6b95d682c9f',NULL,NULL,592,0),(14,'teobaldo.gutierrez','ff2a3094cd5517d5b151ef44a91c6ff7',NULL,NULL,579,0),(15,'jose.barraza','fb38ac3eb765d575c5405ca1003c9ab0',NULL,NULL,524,0),(16,'argenis.machuca','785a0cd69e634bcabd1aa90004a9dea9',NULL,NULL,590,0),(17,'juan.levane','ce970e3761c672f1569df2b83f5cc4fa',NULL,NULL,582,0),(18,'charito.troitino','ac53e6e22c9b643cec8210a71c2f541a',NULL,NULL,561,0),(19,'wander.gutierrez','8dbb158b919f884b92424827b715793b',NULL,NULL,666,0),(20,'carlos.rivillo','c3fcd7d38ef212a3a1d6eaacc38a2a03',NULL,NULL,650,0),(21,'julio.sanguino','5051c741cfb600944f940b266d347250',NULL,NULL,653,0),(22,'marta.ollarves','10f1b008787f2383cdcf7beecb5e9639',NULL,NULL,623,0),(23,'orlando.gomez','b4f856ff7ce4f5cfec4c0a0ee3ee8c73',NULL,NULL,573,0),(24,'andres.abreu','5efe59f411e5a9dba2a170dbe9df6b72',NULL,NULL,511,0),(25,'david.pinzon','caf2898bdb27ac09905f39676e5b1767',NULL,NULL,638,0),(26,'abel.carrasquero','87a8690fab99de37557aef7d8d21bd8d',NULL,NULL,541,0),(27,'ligia.araque','c762f7a64a6a4cd9dbbfbabdbb9d2027',NULL,'abbee53b4215a0ae67a7ca5598e400ce',521,0),(28,'gumeth.dallamy','831d3e869f64f03fc38165357f98533a',NULL,NULL,554,0),(29,'luis.perez','3a1a19f908b92bb9c33a146d6652c7bf',NULL,NULL,635,0),(30,'jose.viloria','a4e62334a210385688bea71213bd81af',NULL,NULL,641,0),(31,'omar.quintero','0434c35a9dcf72025d0278d7734e1ec1',NULL,NULL,643,0),(32,'german.garcia','6a21de18faceff4b7b398476f23194db',NULL,NULL,570,0),(33,'julio.bustamante','1300068b665914181eca0f3a5ab86ddd',NULL,NULL,605,0),(34,'eliana.vasconcelos','c66f67da540ffa147642d0d2cc07e473',NULL,NULL,673,0),(35,'alvaro.alvarez','2510b8e83107d2368c4b7950d34a62d0',NULL,NULL,519,0),(36,'karl.giessel','1e6cbcae2a97823bcffe1719a8e3586f',NULL,NULL,571,0),(37,'marcos.oliveira','01f3731dbf5083e9d074761000a3ac07',NULL,NULL,670,0),(38,'rosalba.gonzalez','26c9b2440d063ef60d07b9bf295a1589',NULL,NULL,661,0),(39,'oscar.rodriguez','f7483f7fa341a2e9c59f3ee5977b3b25',NULL,NULL,523,0),(40,'carlos.perez','24ad9b1f86efc3f79ac2a4c0cfa65cb4',NULL,NULL,633,0),(41,'wilbert.werner','13d94eddc183c130452ee04350873e1f',NULL,NULL,676,0),(42,'ligia.barrios','db078922d4c8a47ad39196247c6d4938',NULL,NULL,537,0),(43,'mayra.gonzalez','7dee463a905ca183c19fc2f44d59b784',NULL,NULL,630,0),(44,'carlos.platon','de330b5f5bc1fe85135397f2734b8009',NULL,NULL,639,0),(45,'angelique.machuca','97f796bc0688e06a45a43bee175efba4',NULL,NULL,668,0),(46,'otto.tovar','a9ab5b14a17321bc6f2f792865445a40',NULL,NULL,663,0),(47,'maryory.sierra','8bfe090b777e97e58ff08727d9706762',NULL,NULL,690,0),(48,'rosario.troitino','c1105341f9b92accd770f724227451a5',NULL,NULL,665,0);
/*!40000 ALTER TABLE `mip_user` ENABLE KEYS */;
UNLOCK TABLES;

--
-- Temporary view structure for view `view_all_payed_by_location`
--

DROP TABLE IF EXISTS `view_all_payed_by_location`;
/*!50001 DROP VIEW IF EXISTS `view_all_payed_by_location`*/;
SET @saved_cs_client     = @@character_set_client;
SET character_set_client = utf8;
/*!50001 CREATE VIEW `view_all_payed_by_location` AS SELECT 
 1 AS `pay_id`,
 1 AS `location_id`,
 1 AS `value_pay`,
 1 AS `is_cash`*/;
SET character_set_client = @saved_cs_client;

--
-- Temporary view structure for view `view_ammount_payed_by_person`
--

DROP TABLE IF EXISTS `view_ammount_payed_by_person`;
/*!50001 DROP VIEW IF EXISTS `view_ammount_payed_by_person`*/;
SET @saved_cs_client     = @@character_set_client;
SET character_set_client = utf8;
/*!50001 CREATE VIEW `view_ammount_payed_by_person` AS SELECT 
 1 AS `person_id`,
 1 AS `value`*/;
SET character_set_client = @saved_cs_client;

--
-- Temporary view structure for view `view_full_info_payed_by_location`
--

DROP TABLE IF EXISTS `view_full_info_payed_by_location`;
/*!50001 DROP VIEW IF EXISTS `view_full_info_payed_by_location`*/;
SET @saved_cs_client     = @@character_set_client;
SET character_set_client = utf8;
/*!50001 CREATE VIEW `view_full_info_payed_by_location` AS SELECT 
 1 AS `pay_id`,
 1 AS `value_pay`,
 1 AS `is_cash`,
 1 AS `pay_date`,
 1 AS `checked`,
 1 AS `person_id`,
 1 AS `full_name`,
 1 AS `first_name`,
 1 AS `last_name`,
 1 AS `identity_code`,
 1 AS `identity_type`*/;
SET character_set_client = @saved_cs_client;

--
-- Temporary view structure for view `view_group_person_owner`
--

DROP TABLE IF EXISTS `view_group_person_owner`;
/*!50001 DROP VIEW IF EXISTS `view_group_person_owner`*/;
SET @saved_cs_client     = @@character_set_client;
SET character_set_client = utf8;
/*!50001 CREATE VIEW `view_group_person_owner` AS SELECT 
 1 AS `group_person_id`,
 1 AS `person_id`,
 1 AS `owner_id`*/;
SET character_set_client = @saved_cs_client;

--
-- Temporary view structure for view `view_location_fee_pay`
--

DROP TABLE IF EXISTS `view_location_fee_pay`;
/*!50001 DROP VIEW IF EXISTS `view_location_fee_pay`*/;
SET @saved_cs_client     = @@character_set_client;
SET character_set_client = utf8;
/*!50001 CREATE VIEW `view_location_fee_pay` AS SELECT 
 1 AS `feed_id`,
 1 AS `name`,
 1 AS `summary`,
 1 AS `begin_date`,
 1 AS `end_date`,
 1 AS `value`,
 1 AS `location_id`,
 1 AS `code`,
 1 AS `status`,
 1 AS `pay_id`,
 1 AS `fee_pay_id`,
 1 AS `fee_payed`*/;
SET character_set_client = @saved_cs_client;

--
-- Temporary view structure for view `view_owner_related_to_person`
--

DROP TABLE IF EXISTS `view_owner_related_to_person`;
/*!50001 DROP VIEW IF EXISTS `view_owner_related_to_person`*/;
SET @saved_cs_client     = @@character_set_client;
SET character_set_client = utf8;
/*!50001 CREATE VIEW `view_owner_related_to_person` AS SELECT 
 1 AS `owner_id`,
 1 AS `person_id`*/;
SET character_set_client = @saved_cs_client;

--
-- Temporary view structure for view `view_owner_related_to_person_base`
--

DROP TABLE IF EXISTS `view_owner_related_to_person_base`;
/*!50001 DROP VIEW IF EXISTS `view_owner_related_to_person_base`*/;
SET @saved_cs_client     = @@character_set_client;
SET character_set_client = utf8;
/*!50001 CREATE VIEW `view_owner_related_to_person_base` AS SELECT 
 1 AS `owner_id`,
 1 AS `person_id`*/;
SET character_set_client = @saved_cs_client;

--
-- Temporary view structure for view `view_owner_relationed_group_person`
--

DROP TABLE IF EXISTS `view_owner_relationed_group_person`;
/*!50001 DROP VIEW IF EXISTS `view_owner_relationed_group_person`*/;
SET @saved_cs_client     = @@character_set_client;
SET character_set_client = utf8;
/*!50001 CREATE VIEW `view_owner_relationed_group_person` AS SELECT 
 1 AS `target_person_id`,
 1 AS `group_person_id`,
 1 AS `person_id`,
 1 AS `owner_id`*/;
SET character_set_client = @saved_cs_client;

--
-- Temporary view structure for view `view_pay_not_cash_previous`
--

DROP TABLE IF EXISTS `view_pay_not_cash_previous`;
/*!50001 DROP VIEW IF EXISTS `view_pay_not_cash_previous`*/;
SET @saved_cs_client     = @@character_set_client;
SET character_set_client = utf8;
/*!50001 CREATE VIEW `view_pay_not_cash_previous` AS SELECT 
 1 AS `pay_id`,
 1 AS `pay_unchecked`,
 1 AS `pay_checked`*/;
SET character_set_client = @saved_cs_client;

--
-- Temporary view structure for view `view_pay_not_cash_summary`
--

DROP TABLE IF EXISTS `view_pay_not_cash_summary`;
/*!50001 DROP VIEW IF EXISTS `view_pay_not_cash_summary`*/;
SET @saved_cs_client     = @@character_set_client;
SET character_set_client = utf8;
/*!50001 CREATE VIEW `view_pay_not_cash_summary` AS SELECT 
 1 AS `pay_id`,
 1 AS `pay_unchecked`,
 1 AS `pay_checked`*/;
SET character_set_client = @saved_cs_client;

--
-- Temporary view structure for view `view_pre_ammount_payed_by_person`
--

DROP TABLE IF EXISTS `view_pre_ammount_payed_by_person`;
/*!50001 DROP VIEW IF EXISTS `view_pre_ammount_payed_by_person`*/;
SET @saved_cs_client     = @@character_set_client;
SET character_set_client = utf8;
/*!50001 CREATE VIEW `view_pre_ammount_payed_by_person` AS SELECT 
 1 AS `person_id`,
 1 AS `value`*/;
SET character_set_client = @saved_cs_client;

--
-- Temporary view structure for view `view_sum_fee_by_person`
--

DROP TABLE IF EXISTS `view_sum_fee_by_person`;
/*!50001 DROP VIEW IF EXISTS `view_sum_fee_by_person`*/;
SET @saved_cs_client     = @@character_set_client;
SET character_set_client = utf8;
/*!50001 CREATE VIEW `view_sum_fee_by_person` AS SELECT 
 1 AS `person_id`,
 1 AS `total`*/;
SET character_set_client = @saved_cs_client;

--
-- Temporary view structure for view `view_sum_fee_payed_by_person`
--

DROP TABLE IF EXISTS `view_sum_fee_payed_by_person`;
/*!50001 DROP VIEW IF EXISTS `view_sum_fee_payed_by_person`*/;
SET @saved_cs_client     = @@character_set_client;
SET character_set_client = utf8;
/*!50001 CREATE VIEW `view_sum_fee_payed_by_person` AS SELECT 
 1 AS `person_id`,
 1 AS `total`*/;
SET character_set_client = @saved_cs_client;

--
-- Final view structure for view `view_all_payed_by_location`
--

/*!50001 DROP VIEW IF EXISTS `view_all_payed_by_location`*/;
/*!50001 SET @saved_cs_client          = @@character_set_client */;
/*!50001 SET @saved_cs_results         = @@character_set_results */;
/*!50001 SET @saved_col_connection     = @@collation_connection */;
/*!50001 SET character_set_client      = utf8 */;
/*!50001 SET character_set_results     = utf8 */;
/*!50001 SET collation_connection      = utf8_general_ci */;
/*!50001 CREATE ALGORITHM=UNDEFINED */

/*!50001 VIEW `view_all_payed_by_location` AS select distinct `fp`.`pay_id` AS `pay_id`,`fp`.`location_id` AS `location_id`,coalesce(`p`.`value_cash`,0) AS `value_pay`,1 AS `is_cash` from (`mip_fee_pay` `fp` join `mip_pay` `p` on((`fp`.`pay_id` = `p`.`id`))) union select `fp`.`pay_id` AS `pay_id`,`fp`.`location_id` AS `location_id`,coalesce(`nci`.`value`,0) AS `value_pay`,0 AS `is_not_cash` from (`mip_fee_pay` `fp` join `mip_pay_not_cash_info` `nci` on(((`fp`.`pay_id` = `nci`.`pay_id`) and (`nci`.`checked` = 1)))) */;
/*!50001 SET character_set_client      = @saved_cs_client */;
/*!50001 SET character_set_results     = @saved_cs_results */;
/*!50001 SET collation_connection      = @saved_col_connection */;

--
-- Final view structure for view `view_ammount_payed_by_person`
--

/*!50001 DROP VIEW IF EXISTS `view_ammount_payed_by_person`*/;
/*!50001 SET @saved_cs_client          = @@character_set_client */;
/*!50001 SET @saved_cs_results         = @@character_set_results */;
/*!50001 SET @saved_col_connection     = @@collation_connection */;
/*!50001 SET character_set_client      = utf8 */;
/*!50001 SET character_set_results     = utf8 */;
/*!50001 SET collation_connection      = utf8_general_ci */;
/*!50001 CREATE ALGORITHM=UNDEFINED */

/*!50001 VIEW `view_ammount_payed_by_person` AS select `s`.`person_id` AS `person_id`,sum(`s`.`value`) AS `value` from `view_pre_ammount_payed_by_person` `s` group by `s`.`person_id` */;
/*!50001 SET character_set_client      = @saved_cs_client */;
/*!50001 SET character_set_results     = @saved_cs_results */;
/*!50001 SET collation_connection      = @saved_col_connection */;

--
-- Final view structure for view `view_full_info_payed_by_location`
--

/*!50001 DROP VIEW IF EXISTS `view_full_info_payed_by_location`*/;
/*!50001 SET @saved_cs_client          = @@character_set_client */;
/*!50001 SET @saved_cs_results         = @@character_set_results */;
/*!50001 SET @saved_col_connection     = @@collation_connection */;
/*!50001 SET character_set_client      = utf8 */;
/*!50001 SET character_set_results     = utf8 */;
/*!50001 SET collation_connection      = utf8_general_ci */;
/*!50001 CREATE ALGORITHM=UNDEFINED */

/*!50001 VIEW `view_full_info_payed_by_location` AS select distinct `p`.`id` AS `pay_id`,coalesce(`p`.`value_cash`,0) AS `value_pay`,1 AS `is_cash`,`p`.`pay_date` AS `pay_date`,0 AS `checked`,`p`.`person_id` AS `person_id`,`pe`.`full_name` AS `full_name`,`pe`.`first_name` AS `first_name`,`pe`.`last_name` AS `last_name`,`pe`.`identity_code` AS `identity_code`,`pe`.`identity_type` AS `identity_type` from (`mip_pay` `p` join `mip_person` `pe` on((`p`.`person_id` = `pe`.`id`))) union select `p`.`id` AS `pay_id`,coalesce(`nci`.`value`,0) AS `value_pay`,0 AS `is_not_cash`,`p`.`pay_date` AS `pay_date`,`nci`.`checked` AS `checked`,`p`.`person_id` AS `person_id`,`pe`.`full_name` AS `full_name`,`pe`.`first_name` AS `first_name`,`pe`.`last_name` AS `last_name`,`pe`.`identity_code` AS `identity_code`,`pe`.`identity_type` AS `identity_type` from ((`mip_pay` `p` join `mip_pay_not_cash_info` `nci` on((`p`.`id` = `nci`.`pay_id`))) join `mip_person` `pe` on((`p`.`person_id` = `pe`.`id`))) */;
/*!50001 SET character_set_client      = @saved_cs_client */;
/*!50001 SET character_set_results     = @saved_cs_results */;
/*!50001 SET collation_connection      = @saved_col_connection */;

--
-- Final view structure for view `view_group_person_owner`
--

/*!50001 DROP VIEW IF EXISTS `view_group_person_owner`*/;
/*!50001 SET @saved_cs_client          = @@character_set_client */;
/*!50001 SET @saved_cs_results         = @@character_set_results */;
/*!50001 SET @saved_col_connection     = @@collation_connection */;
/*!50001 SET character_set_client      = utf8 */;
/*!50001 SET character_set_results     = utf8 */;
/*!50001 SET collation_connection      = utf8_general_ci */;
/*!50001 CREATE ALGORITHM=UNDEFINED */

/*!50001 VIEW `view_group_person_owner` AS select `p`.`group_person_id` AS `group_person_id`,`o`.`person_id` AS `person_id`,`o`.`id` AS `owner_id` from (`mip_owner` `o` left join (`mip_group_person` `gp` join `mip_person` `p` on((`gp`.`id` = `p`.`group_person_id`))) on((`o`.`person_id` = `p`.`id`))) where (`p`.`group_person_id` is not null) */;
/*!50001 SET character_set_client      = @saved_cs_client */;
/*!50001 SET character_set_results     = @saved_cs_results */;
/*!50001 SET collation_connection      = @saved_col_connection */;

--
-- Final view structure for view `view_location_fee_pay`
--

/*!50001 DROP VIEW IF EXISTS `view_location_fee_pay`*/;
/*!50001 SET @saved_cs_client          = @@character_set_client */;
/*!50001 SET @saved_cs_results         = @@character_set_results */;
/*!50001 SET @saved_col_connection     = @@collation_connection */;
/*!50001 SET character_set_client      = utf8 */;
/*!50001 SET character_set_results     = utf8 */;
/*!50001 SET collation_connection      = utf8_general_ci */;
/*!50001 CREATE ALGORITHM=UNDEFINED */

/*!50001 VIEW `view_location_fee_pay` AS select `f`.`id` AS `feed_id`,`f`.`name` AS `name`,`f`.`summary` AS `summary`,`f`.`begin_date` AS `begin_date`,`f`.`end_date` AS `end_date`,`f`.`value` AS `value`,`l`.`id` AS `location_id`,`l`.`code` AS `code`,`l`.`status` AS `status`,`fp`.`pay_id` AS `pay_id`,`fp`.`id` AS `fee_pay_id`,coalesce((`fp`.`id` > 0),0) AS `fee_payed` from ((`mip_fee` `f` join `mip_location` `l`) left join `mip_fee_pay` `fp` on(((`fp`.`location_id` = `l`.`id`) and (`fp`.`fee_id` = `f`.`id`)))) */;
/*!50001 SET character_set_client      = @saved_cs_client */;
/*!50001 SET character_set_results     = @saved_cs_results */;
/*!50001 SET collation_connection      = @saved_col_connection */;

--
-- Final view structure for view `view_owner_related_to_person`
--

/*!50001 DROP VIEW IF EXISTS `view_owner_related_to_person`*/;
/*!50001 SET @saved_cs_client          = @@character_set_client */;
/*!50001 SET @saved_cs_results         = @@character_set_results */;
/*!50001 SET @saved_col_connection     = @@collation_connection */;
/*!50001 SET character_set_client      = utf8 */;
/*!50001 SET character_set_results     = utf8 */;
/*!50001 SET collation_connection      = utf8_general_ci */;
/*!50001 CREATE ALGORITHM=UNDEFINED */

/*!50001 VIEW `view_owner_related_to_person` AS select distinct `view_owner_related_to_person_base`.`owner_id` AS `owner_id`,`view_owner_related_to_person_base`.`person_id` AS `person_id` from `view_owner_related_to_person_base` */;
/*!50001 SET character_set_client      = @saved_cs_client */;
/*!50001 SET character_set_results     = @saved_cs_results */;
/*!50001 SET collation_connection      = @saved_col_connection */;

--
-- Final view structure for view `view_owner_related_to_person_base`
--

/*!50001 DROP VIEW IF EXISTS `view_owner_related_to_person_base`*/;
/*!50001 SET @saved_cs_client          = @@character_set_client */;
/*!50001 SET @saved_cs_results         = @@character_set_results */;
/*!50001 SET @saved_col_connection     = @@collation_connection */;
/*!50001 SET character_set_client      = utf8 */;
/*!50001 SET character_set_results     = utf8 */;
/*!50001 SET collation_connection      = utf8_general_ci */;
/*!50001 CREATE ALGORITHM=UNDEFINED */

/*!50001 VIEW `view_owner_related_to_person_base` AS select `view_owner_relationed_group_person`.`owner_id` AS `owner_id`,`view_owner_relationed_group_person`.`target_person_id` AS `person_id` from `view_owner_relationed_group_person` union all select `o`.`id` AS `owner_id`,`p`.`id` AS `person_id` from (`mip_person` `p` join `mip_owner` `o` on((`o`.`person_id` = `p`.`id`))) */;
/*!50001 SET character_set_client      = @saved_cs_client */;
/*!50001 SET character_set_results     = @saved_cs_results */;
/*!50001 SET collation_connection      = @saved_col_connection */;

--
-- Final view structure for view `view_owner_relationed_group_person`
--

/*!50001 DROP VIEW IF EXISTS `view_owner_relationed_group_person`*/;
/*!50001 SET @saved_cs_client          = @@character_set_client */;
/*!50001 SET @saved_cs_results         = @@character_set_results */;
/*!50001 SET @saved_col_connection     = @@collation_connection */;
/*!50001 SET character_set_client      = utf8 */;
/*!50001 SET character_set_results     = utf8 */;
/*!50001 SET collation_connection      = utf8_general_ci */;
/*!50001 CREATE ALGORITHM=UNDEFINED */

/*!50001 VIEW `view_owner_relationed_group_person` AS select `p`.`id` AS `target_person_id`,`vgop`.`group_person_id` AS `group_person_id`,`vgop`.`person_id` AS `person_id`,`vgop`.`owner_id` AS `owner_id` from (`view_group_person_owner` `vgop` left join (`mip_person` `p` join `mip_group_person` `gp` on((`p`.`group_person_id` = `gp`.`id`))) on((`vgop`.`group_person_id` = `gp`.`id`))) */;
/*!50001 SET character_set_client      = @saved_cs_client */;
/*!50001 SET character_set_results     = @saved_cs_results */;
/*!50001 SET collation_connection      = @saved_col_connection */;

--
-- Final view structure for view `view_pay_not_cash_previous`
--

/*!50001 DROP VIEW IF EXISTS `view_pay_not_cash_previous`*/;
/*!50001 SET @saved_cs_client          = @@character_set_client */;
/*!50001 SET @saved_cs_results         = @@character_set_results */;
/*!50001 SET @saved_col_connection     = @@collation_connection */;
/*!50001 SET character_set_client      = utf8 */;
/*!50001 SET character_set_results     = utf8 */;
/*!50001 SET collation_connection      = utf8_general_ci */;
/*!50001 CREATE ALGORITHM=UNDEFINED */

/*!50001 VIEW `view_pay_not_cash_previous` AS select `mip_pay_not_cash_info`.`pay_id` AS `pay_id`,0.0 AS `pay_unchecked`,sum(`mip_pay_not_cash_info`.`value`) AS `pay_checked` from `mip_pay_not_cash_info` where (`mip_pay_not_cash_info`.`checked` = 1) group by `mip_pay_not_cash_info`.`pay_id` union select `mip_pay_not_cash_info`.`pay_id` AS `pay_id`,sum(`mip_pay_not_cash_info`.`value`) AS `pay_unchecked`,0.0 AS `pay_checked` from `mip_pay_not_cash_info` where (`mip_pay_not_cash_info`.`checked` = 0) group by `mip_pay_not_cash_info`.`pay_id` */;
/*!50001 SET character_set_client      = @saved_cs_client */;
/*!50001 SET character_set_results     = @saved_cs_results */;
/*!50001 SET collation_connection      = @saved_col_connection */;

--
-- Final view structure for view `view_pay_not_cash_summary`
--

/*!50001 DROP VIEW IF EXISTS `view_pay_not_cash_summary`*/;
/*!50001 SET @saved_cs_client          = @@character_set_client */;
/*!50001 SET @saved_cs_results         = @@character_set_results */;
/*!50001 SET @saved_col_connection     = @@collation_connection */;
/*!50001 SET character_set_client      = utf8 */;
/*!50001 SET character_set_results     = utf8 */;
/*!50001 SET collation_connection      = utf8_general_ci */;
/*!50001 CREATE ALGORITHM=UNDEFINED */

/*!50001 VIEW `view_pay_not_cash_summary` AS select `view_pay_not_cash_previous`.`pay_id` AS `pay_id`,sum(`view_pay_not_cash_previous`.`pay_unchecked`) AS `pay_unchecked`,sum(`view_pay_not_cash_previous`.`pay_checked`) AS `pay_checked` from `view_pay_not_cash_previous` group by `view_pay_not_cash_previous`.`pay_id` */;
/*!50001 SET character_set_client      = @saved_cs_client */;
/*!50001 SET character_set_results     = @saved_cs_results */;
/*!50001 SET collation_connection      = @saved_col_connection */;

--
-- Final view structure for view `view_pre_ammount_payed_by_person`
--

/*!50001 DROP VIEW IF EXISTS `view_pre_ammount_payed_by_person`*/;
/*!50001 SET @saved_cs_client          = @@character_set_client */;
/*!50001 SET @saved_cs_results         = @@character_set_results */;
/*!50001 SET @saved_col_connection     = @@collation_connection */;
/*!50001 SET character_set_client      = utf8 */;
/*!50001 SET character_set_results     = utf8 */;
/*!50001 SET collation_connection      = utf8_general_ci */;
/*!50001 CREATE ALGORITHM=UNDEFINED */

/*!50001 VIEW `view_pre_ammount_payed_by_person` AS select `p`.`person_id` AS `person_id`,sum(coalesce(`pnci`.`value`,0)) AS `value` from (`mip_pay` `p` left join `mip_pay_not_cash_info` `pnci` on((`pnci`.`pay_id` = `p`.`id`))) group by `p`.`person_id` union select `p`.`person_id` AS `person_id`,sum(coalesce(`p`.`value_cash`,0)) AS `value` from `mip_pay` `p` group by `p`.`person_id` */;
/*!50001 SET character_set_client      = @saved_cs_client */;
/*!50001 SET character_set_results     = @saved_cs_results */;
/*!50001 SET collation_connection      = @saved_col_connection */;

--
-- Final view structure for view `view_sum_fee_by_person`
--

/*!50001 DROP VIEW IF EXISTS `view_sum_fee_by_person`*/;
/*!50001 SET @saved_cs_client          = @@character_set_client */;
/*!50001 SET @saved_cs_results         = @@character_set_results */;
/*!50001 SET @saved_col_connection     = @@collation_connection */;
/*!50001 SET character_set_client      = utf8 */;
/*!50001 SET character_set_results     = utf8 */;
/*!50001 SET collation_connection      = utf8_general_ci */;
/*!50001 CREATE ALGORITHM=UNDEFINED */

/*!50001 VIEW `view_sum_fee_by_person` AS select `o`.`person_id` AS `person_id`,sum(`f`.`value`) AS `total` from (`mip_owner` `o` join `mip_fee` `f`) group by `o`.`person_id` */;
/*!50001 SET character_set_client      = @saved_cs_client */;
/*!50001 SET character_set_results     = @saved_cs_results */;
/*!50001 SET collation_connection      = @saved_col_connection */;

--
-- Final view structure for view `view_sum_fee_payed_by_person`
--

/*!50001 DROP VIEW IF EXISTS `view_sum_fee_payed_by_person`*/;
/*!50001 SET @saved_cs_client          = @@character_set_client */;
/*!50001 SET @saved_cs_results         = @@character_set_results */;
/*!50001 SET @saved_col_connection     = @@collation_connection */;
/*!50001 SET character_set_client      = utf8 */;
/*!50001 SET character_set_results     = utf8 */;
/*!50001 SET collation_connection      = utf8_general_ci */;
/*!50001 CREATE ALGORITHM=UNDEFINED */

/*!50001 VIEW `view_sum_fee_payed_by_person` AS select `o`.`person_id` AS `person_id`,sum(`f`.`value`) AS `total` from ((`mip_owner` `o` join `mip_fee_pay` `fp` on((`o`.`location_id` = `fp`.`location_id`))) join `mip_fee` `f` on((`f`.`id` = `fp`.`fee_id`))) group by `o`.`person_id` */;
/*!50001 SET character_set_client      = @saved_cs_client */;
/*!50001 SET character_set_results     = @saved_cs_results */;
/*!50001 SET collation_connection      = @saved_col_connection */;
/*!40103 SET TIME_ZONE=@OLD_TIME_ZONE */;

/*!40101 SET SQL_MODE=@OLD_SQL_MODE */;
/*!40014 SET FOREIGN_KEY_CHECKS=@OLD_FOREIGN_KEY_CHECKS */;
/*!40014 SET UNIQUE_CHECKS=@OLD_UNIQUE_CHECKS */;
/*!40101 SET CHARACTER_SET_CLIENT=@OLD_CHARACTER_SET_CLIENT */;
/*!40101 SET CHARACTER_SET_RESULTS=@OLD_CHARACTER_SET_RESULTS */;
/*!40101 SET COLLATION_CONNECTION=@OLD_COLLATION_CONNECTION */;
/*!40111 SET SQL_NOTES=@OLD_SQL_NOTES */;

-- Dump completed on 2017-06-13 18:54:43
